geoid,year,housing_starts_total,housing_completions
5320001.00,2018,1,0
5320001.00,2019,0,1
5320001.00,2020,1,0
5320001.00,2021,1,2
5320001.00,2022,6,0
5320001.00,2023,1,
5320001.00,2024,0,
5320005.00,2018,0,0
5320005.00,2019,0,0
5320005.00,2020,2,0
5320005.00,2021,0,2
5320005.00,2022,41,0
5320005.00,2023,14,
5320005.00,2024,0,
5320006.00,2018,1,0
5320006.00,2019,2,1
5320006.00,2020,0,2
5320006.00,2021,0,0
5320006.00,2022,0,0
5320006.00,2023,0,
5320006.00,2024,0,
5320007.00,2018,0,2
5320007.00,2019,0,0
5320007.00,2020,1,0
5320007.00,2021,0,1
5320007.00,2022,0,0
5320007.00,2023,0,
5320007.00,2024,0,
5320009.01,2018,0,0
5320009.01,2019,0,0
5320009.01,2020,0,0
5320009.01,2021,1,0
5320009.01,2022,0,1
5320009.01,2023,0,
5320009.01,2024,0,
5320009.02,2018,0,0
5320009.02,2019,0,0
5320009.02,2020,0,0
5320009.02,2021,0,0
5320009.02,2022,0,0
5320009.02,2023,0,
5320009.02,2024,0,
5320013.00,2018,1,1
5320013.00,2019,0,0
5320013.00,2020,2,0
5320013.00,2021,0,2
5320013.00,2022,0,0
5320013.00,2023,1,
5320013.00,2024,2,
5320100.03,2018,26,13
5320100.03,2019,7,37
5320100.03,2020,11,10
5320100.03,2021,9,9
5320100.03,2022,12,6
5320100.03,2023,15,
5320100.03,2024,7,
5350001.00,2018,0,0
5350001.00,2019,0,0
5350001.00,2020,0,0
5350001.00,2021,0,0
5350001.00,2022,0,0
5350001.00,2023,0,
5350001.00,2024,0,
5350002.00,2018,1,0
5350002.00,2019,1,1
5350002.00,2020,0,0
5350002.00,2021,0,0
5350002.00,2022,1,1
5350002.00,2023,0,
5350002.00,2024,0,
5350004.00,2018,0,0
5350004.00,2019,0,0
5350004.00,2020,0,0
5350004.00,2021,0,0
5350004.00,2022,0,0
5350004.00,2023,0,
5350004.00,2024,0,
5350005.00,2018,0,0
5350005.00,2019,0,673
5350005.00,2020,0,0
5350005.00,2021,0,0
5350005.00,2022,0,0
5350005.00,2023,410,
5350005.00,2024,0,
5350006.00,2018,0,0
5350006.00,2019,0,0
5350006.00,2020,0,0
5350006.00,2021,0,0
5350006.00,2022,0,0
5350006.00,2023,0,
5350006.00,2024,0,
5350007.01,2018,0,0
5350007.01,2019,0,0
5350007.01,2020,0,0
5350007.01,2021,0,0
5350007.01,2022,0,0
5350007.01,2023,0,
5350007.01,2024,0,
5350007.02,2018,0,0
5350007.02,2019,0,0
5350007.02,2020,0,0
5350007.02,2021,0,0
5350007.02,2022,0,0
5350007.02,2023,298,
5350007.02,2024,0,
5350008.01,2018,735,0
5350008.01,2019,0,0
5350008.01,2020,1202,302
5350008.01,2021,57,970
5350008.01,2022,0,281
5350008.01,2023,0,
5350008.01,2024,0,
5350008.02,2018,511,0
5350008.02,2019,0,0
5350008.02,2020,579,0
5350008.02,2021,302,1038
5350008.02,2022,425,302
5350008.02,2023,0,
5350008.02,2024,0,
5350009.00,2018,0,0
5350009.00,2019,0,0
5350009.00,2020,1,0
5350009.00,2021,0,0
5350009.00,2022,0,0
5350009.00,2023,0,
5350009.00,2024,0,
5350010.01,2018,79,1
5350010.01,2019,0,0
5350010.01,2020,0,103
5350010.01,2021,426,0
5350010.01,2022,0,0
5350010.01,2023,0,
5350010.01,2024,0,
5350010.02,2018,4,8
5350010.02,2019,0,45
5350010.02,2020,0,0
5350010.02,2021,1,0
5350010.02,2022,578,0
5350010.02,2023,0,
5350010.02,2024,1,
5350011.01,2023,0,
5350011.01,2024,129,
5350011.02,2023,2328,
5350011.02,2024,0,
5350011.03,2023,543,
5350011.03,2024,0,
5350012.01,2018,457,625
5350012.01,2019,0,0
5350012.01,2020,0,886
5350012.01,2021,840,0
5350012.01,2022,429,0
5350012.01,2023,0,
5350012.01,2024,0,
5350012.03,2018,0,695
5350012.03,2019,0,0
5350012.03,2020,0,0
5350012.03,2021,0,0
5350012.03,2022,0,0
5350012.03,2023,0,
5350012.03,2024,0,
5350012.04,2018,0,0
5350012.04,2019,0,0
5350012.04,2020,0,0
5350012.04,2021,0,0
5350012.04,2022,0,0
5350012.04,2023,586,
5350012.04,2024,0,
5350013.01,2018,0,0
5350013.01,2019,308,0
5350013.01,2020,0,0
5350013.01,2021,0,300
5350013.01,2022,0,534
5350013.01,2023,0,
5350013.01,2024,0,
5350013.02,2018,0,0
5350013.02,2019,0,0
5350013.02,2020,0,423
5350013.02,2021,0,0
5350013.02,2022,496,0
5350013.02,2023,0,
5350013.02,2024,0,
5350014.00,2018,0,0
5350014.00,2019,0,0
5350014.00,2020,0,0
5350014.00,2021,0,0
5350014.00,2022,0,0
5350014.00,2023,0,
5350014.00,2024,0,
5350015.00,2018,0,255
5350015.00,2019,0,0
5350015.00,2020,0,0
5350015.00,2021,418,669
5350015.00,2022,0,0
5350015.00,2023,546,
5350015.00,2024,0,
5350016.00,2018,417,869
5350016.00,2019,490,334
5350016.00,2020,0,607
5350016.00,2021,521,427
5350016.00,2022,379,1011
5350016.00,2023,1020,
5350016.00,2024,484,
5350017.01,2023,2304,
5350017.01,2024,1738,
5350017.02,2023,0,
5350017.02,2024,1376,
5350018.00,2018,311,3
5350018.00,2019,476,744
5350018.00,2020,378,506
5350018.00,2021,227,0
5350018.00,2022,0,0
5350018.00,2023,0,
5350018.00,2024,28,
5350019.00,2018,1,0
5350019.00,2019,0,2
5350019.00,2020,1,0
5350019.00,2021,0,0
5350019.00,2022,1,1
5350019.00,2023,2,
5350019.00,2024,0,
5350020.00,2018,0,0
5350020.00,2019,0,0
5350020.00,2020,0,0
5350020.00,2021,0,0
5350020.00,2022,0,0
5350020.00,2023,0,
5350020.00,2024,0,
5350021.00,2018,3,0
5350021.00,2019,2,3
5350021.00,2020,3,1
5350021.00,2021,6,3
5350021.00,2022,4,4
5350021.00,2023,3,
5350021.00,2024,11,
5350022.00,2018,6,2
5350022.00,2019,2,6
5350022.00,2020,5,2
5350022.00,2021,0,2
5350022.00,2022,0,3
5350022.00,2023,3,
5350022.00,2024,0,
5350023.00,2018,3,2
5350023.00,2019,1,1
5350023.00,2020,2,98
5350023.00,2021,2,0
5350023.00,2022,2,1
5350023.00,2023,2,
5350023.00,2024,7,
5350024.00,2018,25,28
5350024.00,2019,43,1
5350024.00,2020,3,0
5350024.00,2021,4,47
5350024.00,2022,0,2
5350024.00,2023,6,
5350024.00,2024,5,
5350025.00,2018,95,8
5350025.00,2019,8,6
5350025.00,2020,0,96
5350025.00,2021,2,3
5350025.00,2022,0,0
5350025.00,2023,2,
5350025.00,2024,0,
5350026.00,2018,113,10
5350026.00,2019,3,24
5350026.00,2020,26,92
5350026.00,2021,21,25
5350026.00,2022,125,1
5350026.00,2023,772,
5350026.00,2024,24,
5350027.00,2018,55,55
5350027.00,2019,37,13
5350027.00,2020,1,2
5350027.00,2021,2,35
5350027.00,2022,0,1
5350027.00,2023,1,
5350027.00,2024,0,
5350028.01,2018,0,0
5350028.01,2019,0,0
5350028.01,2020,0,0
5350028.01,2021,0,0
5350028.01,2022,0,0
5350028.01,2023,0,
5350028.01,2024,0,
5350028.02,2018,0,2
5350028.02,2019,2,0
5350028.02,2020,0,2
5350028.02,2021,0,0
5350028.02,2022,2,0
5350028.02,2023,0,
5350028.02,2024,3,
5350029.00,2018,7,5
5350029.00,2019,5,4
5350029.00,2020,42,4
5350029.00,2021,5,3
5350029.00,2022,3,0
5350029.00,2023,2,
5350029.00,2024,2,
5350030.00,2018,0,156
5350030.00,2019,12,671
5350030.00,2020,26,0
5350030.00,2021,950,0
5350030.00,2022,0,396
5350030.00,2023,30,
5350030.00,2024,22,
5350031.00,2018,158,0
5350031.00,2019,769,158
5350031.00,2020,0,0
5350031.00,2021,0,435
5350031.00,2022,0,334
5350031.00,2023,631,
5350031.00,2024,213,
5350032.00,2018,0,1
5350032.00,2019,0,0
5350032.00,2020,0,0
5350032.00,2021,0,0
5350032.00,2022,595,0
5350032.00,2023,0,
5350032.00,2024,489,
5350033.00,2018,0,563
5350033.00,2019,624,0
5350033.00,2020,0,1004
5350033.00,2021,179,0
5350033.00,2022,0,222
5350033.00,2023,0,
5350033.00,2024,80,
5350034.01,2018,441,337
5350034.01,2019,602,698
5350034.01,2020,0,0
5350034.01,2021,0,320
5350034.01,2022,0,0
5350034.01,2023,0,
5350034.01,2024,0,
5350034.02,2018,363,0
5350034.02,2019,0,0
5350034.02,2020,0,784
5350034.02,2021,789,0
5350034.02,2022,777,155
5350034.02,2023,2286,
5350034.02,2024,569,
5350035.00,2018,174,594
5350035.00,2019,0,174
5350035.00,2020,550,0
5350035.00,2021,0,0
5350035.00,2022,0,550
5350035.00,2023,821,
5350035.00,2024,709,
5350036.00,2018,189,0
5350036.00,2019,0,0
5350036.00,2020,899,189
5350036.00,2021,0,0
5350036.00,2022,0,0
5350036.00,2023,0,
5350036.00,2024,0,
5350037.00,2018,120,0
5350037.00,2019,183,457
5350037.00,2020,243,116
5350037.00,2021,0,243
5350037.00,2022,346,0
5350037.00,2023,528,
5350037.00,2024,0,
5350038.00,2018,11,0
5350038.00,2019,25,11
5350038.00,2020,4,22
5350038.00,2021,1,6
5350038.00,2022,0,0
5350038.00,2023,0,
5350038.00,2024,5,
5350039.00,2018,0,0
5350039.00,2019,0,10
5350039.00,2020,0,0
5350039.00,2021,1,0
5350039.00,2022,0,0
5350039.00,2023,103,
5350039.00,2024,16,
5350040.00,2018,0,0
5350040.00,2019,1,1
5350040.00,2020,1,1
5350040.00,2021,1,1
5350040.00,2022,4,0
5350040.00,2023,2,
5350040.00,2024,0,
5350041.00,2018,0,0
5350041.00,2019,77,0
5350041.00,2020,1,0
5350041.00,2021,580,0
5350041.00,2022,1,78
5350041.00,2023,1,
5350041.00,2024,0,
5350042.00,2018,0,0
5350042.00,2019,2,0
5350042.00,2020,156,2
5350042.00,2021,0,44
5350042.00,2022,0,0
5350042.00,2023,115,
5350042.00,2024,1,
5350043.00,2018,2,1
5350043.00,2019,0,1
5350043.00,2020,1,0
5350043.00,2021,1,2
5350043.00,2022,0,1
5350043.00,2023,0,
5350043.00,2024,2,
5350044.01,2023,1,
5350044.01,2024,1,
5350044.02,2023,0,
5350044.02,2024,0,
5350045.00,2018,0,1
5350045.00,2019,0,0
5350045.00,2020,0,0
5350045.00,2021,0,0
5350045.00,2022,0,0
5350045.00,2023,3,
5350045.00,2024,0,
5350046.00,2018,36,0
5350046.00,2019,421,36
5350046.00,2020,0,0
5350046.00,2021,0,421
5350046.00,2022,0,0
5350046.00,2023,0,
5350046.00,2024,0,
5350047.02,2018,0,0
5350047.02,2019,0,0
5350047.02,2020,0,0
5350047.02,2021,103,0
5350047.02,2022,3,0
5350047.02,2023,0,
5350047.02,2024,0,
5350047.03,2018,0,0
5350047.03,2019,0,0
5350047.03,2020,0,0
5350047.03,2021,0,0
5350047.03,2022,0,0
5350047.03,2023,0,
5350047.03,2024,0,
5350047.04,2018,0,0
5350047.04,2019,1,1
5350047.04,2020,0,0
5350047.04,2021,0,0
5350047.04,2022,0,0
5350047.04,2023,0,
5350047.04,2024,0,
5350048.00,2018,0,2
5350048.00,2019,0,0
5350048.00,2020,0,0
5350048.00,2021,0,0
5350048.00,2022,0,0
5350048.00,2023,0,
5350048.00,2024,2,
5350049.00,2018,0,0
5350049.00,2019,0,0
5350049.00,2020,0,0
5350049.00,2021,0,0
5350049.00,2022,1,0
5350049.00,2023,2,
5350049.00,2024,0,
5350050.01,2018,4,2
5350050.01,2019,0,4
5350050.01,2020,3,2
5350050.01,2021,2,1
5350050.01,2022,4,1
5350050.01,2023,188,
5350050.01,2024,0,
5350050.03,2018,1,2
5350050.03,2019,1,0
5350050.03,2020,0,0
5350050.03,2021,1,0
5350050.03,2022,0,2
5350050.03,2023,0,
5350050.03,2024,0,
5350050.04,2018,3,1
5350050.04,2019,2,3
5350050.04,2020,4,2
5350050.04,2021,3,5
5350050.04,2022,3,3
5350050.04,2023,3,
5350050.04,2024,10,
5350051.00,2018,2,1
5350051.00,2019,0,2
5350051.00,2020,93,0
5350051.00,2021,0,93
5350051.00,2022,1,0
5350051.00,2023,0,
5350051.00,2024,1,
5350052.00,2018,0,0
5350052.00,2019,0,101
5350052.00,2020,0,0
5350052.00,2021,0,0
5350052.00,2022,0,0
5350052.00,2023,0,
5350052.00,2024,0,
5350053.00,2018,32,2
5350053.00,2019,0,87
5350053.00,2020,2,0
5350053.00,2021,0,0
5350053.00,2022,254,2
5350053.00,2023,0,
5350053.00,2024,0,
5350054.00,2018,0,0
5350054.00,2019,0,0
5350054.00,2020,0,0
5350054.00,2021,1,0
5350054.00,2022,0,1
5350054.00,2023,0,
5350054.00,2024,0,
5350055.00,2018,0,0
5350055.00,2019,0,0
5350055.00,2020,0,0
5350055.00,2021,0,0
5350055.00,2022,0,0
5350055.00,2023,0,
5350055.00,2024,0,
5350056.00,2018,2,0
5350056.00,2019,0,2
5350056.00,2020,1,2
5350056.00,2021,2,0
5350056.00,2022,0,3
5350056.00,2023,1,
5350056.00,2024,10,
5350057.00,2018,0,0
5350057.00,2019,781,0
5350057.00,2020,1,0
5350057.00,2021,0,1
5350057.00,2022,0,0
5350057.00,2023,0,
5350057.00,2024,68,
5350058.00,2018,0,0
5350058.00,2019,0,0
5350058.00,2020,1,0
5350058.00,2021,0,1
5350058.00,2022,0,0
5350058.00,2023,0,
5350058.00,2024,0,
5350059.00,2018,26,0
5350059.00,2019,166,0
5350059.00,2020,0,0
5350059.00,2021,7,192
5350059.00,2022,1,0
5350059.00,2023,0,
5350059.00,2024,0,
5350060.00,2018,0,0
5350060.00,2019,0,0
5350060.00,2020,0,0
5350060.00,2021,0,0
5350060.00,2022,133,0
5350060.00,2023,10,
5350060.00,2024,0,
5350061.00,2018,0,0
5350061.00,2019,0,0
5350061.00,2020,0,0
5350061.00,2021,0,0
5350061.00,2022,0,0
5350061.00,2023,0,
5350061.00,2024,2,
5350062.01,2018,0,0
5350062.01,2019,0,0
5350062.01,2020,0,0
5350062.01,2021,0,0
5350062.01,2022,416,0
5350062.01,2023,0,
5350062.01,2024,0,
5350062.03,2023,0,
5350062.03,2024,0,
5350062.04,2023,0,
5350062.04,2024,0,
5350063.03,2018,230,0
5350063.03,2019,0,0
5350063.03,2020,0,0
5350063.03,2021,0,0
5350063.03,2022,0,819
5350063.03,2023,0,
5350063.03,2024,0,
5350063.04,2018,0,0
5350063.04,2019,0,572
5350063.04,2020,0,470
5350063.04,2021,0,0
5350063.04,2022,0,0
5350063.04,2023,0,
5350063.04,2024,0,
5350063.05,2018,0,0
5350063.05,2019,0,0
5350063.05,2020,0,0
5350063.05,2021,783,0
5350063.05,2022,408,0
5350063.05,2023,0,
5350063.05,2024,0,
5350063.06,2018,0,725
5350063.06,2019,0,999
5350063.06,2020,0,0
5350063.06,2021,0,0
5350063.06,2022,0,0
5350063.06,2023,0,
5350063.06,2024,502,
5350064.00,2018,0,0
5350064.00,2019,476,0
5350064.00,2020,0,0
5350064.00,2021,32,0
5350064.00,2022,0,0
5350064.00,2023,0,
5350064.00,2024,0,
5350065.01,2018,0,0
5350065.01,2019,0,9
5350065.01,2020,0,0
5350065.01,2021,0,0
5350065.01,2022,1261,0
5350065.01,2023,532,
5350065.01,2024,0,
5350065.02,2018,0,369
5350065.02,2019,0,441
5350065.02,2020,0,34
5350065.02,2021,0,0
5350065.02,2022,0,0
5350065.02,2023,0,
5350065.02,2024,0,
5350066.00,2018,335,0
5350066.00,2019,2,0
5350066.00,2020,0,2
5350066.00,2021,0,335
5350066.00,2022,0,0
5350066.00,2023,0,
5350066.00,2024,48,
5350067.00,2018,0,1
5350067.00,2019,0,0
5350067.00,2020,0,676
5350067.00,2021,0,0
5350067.00,2022,0,0
5350067.00,2023,0,
5350067.00,2024,0,
5350068.00,2018,0,0
5350068.00,2019,0,0
5350068.00,2020,2,0
5350068.00,2021,0,2
5350068.00,2022,0,0
5350068.00,2023,0,
5350068.00,2024,0,
5350069.00,2018,0,0
5350069.00,2019,0,2
5350069.00,2020,0,0
5350069.00,2021,58,0
5350069.00,2022,0,0
5350069.00,2023,0,
5350069.00,2024,1,
5350070.00,2018,0,0
5350070.00,2019,0,0
5350070.00,2020,0,0
5350070.00,2021,0,0
5350070.00,2022,0,0
5350070.00,2023,0,
5350070.00,2024,0,
5350071.00,2018,1,1
5350071.00,2019,3,1
5350071.00,2020,1,3
5350071.00,2021,0,1
5350071.00,2022,2,0
5350071.00,2023,1,
5350071.00,2024,1,
5350072.01,2018,0,1
5350072.01,2019,0,0
5350072.01,2020,0,0
5350072.01,2021,0,1
5350072.01,2022,0,0
5350072.01,2023,0,
5350072.01,2024,0,
5350072.02,2018,2,0
5350072.02,2019,94,0
5350072.02,2020,3,94
5350072.02,2021,1,2
5350072.02,2022,1,2
5350072.02,2023,1,
5350072.02,2024,1,
5350073.00,2018,0,0
5350073.00,2019,0,0
5350073.00,2020,0,0
5350073.00,2021,2,0
5350073.00,2022,0,2
5350073.00,2023,5,
5350073.00,2024,0,
5350074.00,2018,0,5
5350074.00,2019,1,0
5350074.00,2020,33,1
5350074.00,2021,0,32
5350074.00,2022,3,1
5350074.00,2023,2,
5350074.00,2024,0,
5350075.00,2018,0,0
5350075.00,2019,0,0
5350075.00,2020,0,0
5350075.00,2021,0,0
5350075.00,2022,0,0
5350075.00,2023,2,
5350075.00,2024,2,
5350076.00,2018,0,0
5350076.00,2019,1,0
5350076.00,2020,0,1
5350076.00,2021,1,0
5350076.00,2022,0,0
5350076.00,2023,0,
5350076.00,2024,0,
5350077.00,2018,0,0
5350077.00,2019,0,0
5350077.00,2020,1,0
5350077.00,2021,0,0
5350077.00,2022,0,0
5350077.00,2023,0,
5350077.00,2024,0,
5350078.00,2018,0,69
5350078.00,2019,1,0
5350078.00,2020,68,1
5350078.00,2021,11,0
5350078.00,2022,0,68
5350078.00,2023,8,
5350078.00,2024,0,
5350079.00,2018,3,0
5350079.00,2019,0,5
5350079.00,2020,0,0
5350079.00,2021,0,0
5350079.00,2022,5,0
5350079.00,2023,1,
5350079.00,2024,1,
5350080.01,2018,136,0
5350080.01,2019,166,0
5350080.01,2020,0,166
5350080.01,2021,371,0
5350080.01,2022,0,0
5350080.01,2023,0,
5350080.01,2024,0,
5350080.02,2018,277,277
5350080.02,2019,0,0
5350080.02,2020,0,0
5350080.02,2021,0,0
5350080.02,2022,0,0
5350080.02,2023,0,
5350080.02,2024,928,
5350081.00,2018,0,0
5350081.00,2019,1,0
5350081.00,2020,0,1
5350081.00,2021,0,0
5350081.00,2022,0,0
5350081.00,2023,0,
5350081.00,2024,0,
5350082.00,2018,0,0
5350082.00,2019,0,0
5350082.00,2020,0,0
5350082.00,2021,0,0
5350082.00,2022,0,0
5350082.00,2023,1,
5350082.00,2024,0,
5350083.00,2018,2,2
5350083.00,2019,4,2
5350083.00,2020,0,4
5350083.00,2021,0,0
5350083.00,2022,0,0
5350083.00,2023,0,
5350083.00,2024,1,
5350084.00,2018,3,1
5350084.00,2019,0,5
5350084.00,2020,2,0
5350084.00,2021,1,2
5350084.00,2022,1,0
5350084.00,2023,0,
5350084.00,2024,4,
5350085.00,2018,0,0
5350085.00,2019,0,0
5350085.00,2020,0,0
5350085.00,2021,0,0
5350085.00,2022,0,0
5350085.00,2023,0,
5350085.00,2024,33,
5350086.00,2018,2,1
5350086.00,2019,1,1
5350086.00,2020,1,1
5350086.00,2021,0,2
5350086.00,2022,1,0
5350086.00,2023,3,
5350086.00,2024,0,
5350087.00,2018,0,15
5350087.00,2019,0,0
5350087.00,2020,26,2
5350087.00,2021,0,0
5350087.00,2022,1,0
5350087.00,2023,120,
5350087.00,2024,0,
5350088.00,2018,0,0
5350088.00,2019,0,0
5350088.00,2020,0,0
5350088.00,2021,0,0
5350088.00,2022,202,0
5350088.00,2023,0,
5350088.00,2024,0,
5350089.00,2018,92,0
5350089.00,2019,0,0
5350089.00,2020,338,843
5350089.00,2021,0,364
5350089.00,2022,923,1
5350089.00,2023,1145,
5350089.00,2024,65,
5350090.00,2018,0,1
5350090.00,2019,0,0
5350090.00,2020,1,0
5350090.00,2021,2,0
5350090.00,2022,2,1
5350090.00,2023,2,
5350090.00,2024,0,
5350091.01,2018,0,0
5350091.01,2019,1,0
5350091.01,2020,1,0
5350091.01,2021,0,1
5350091.01,2022,0,1
5350091.01,2023,312,
5350091.01,2024,0,
5350091.02,2018,0,45
5350091.02,2019,291,0
5350091.02,2020,0,0
5350091.02,2021,34,279
5350091.02,2022,0,10
5350091.02,2023,18,
5350091.02,2024,0,
5350092.00,2018,0,0
5350092.00,2019,0,0
5350092.00,2020,7,0
5350092.00,2021,1,7
5350092.00,2022,0,217
5350092.00,2023,120,
5350092.00,2024,0,
5350093.00,2018,2,5
5350093.00,2019,216,1
5350093.00,2020,0,2
5350093.00,2021,3,0
5350093.00,2022,157,0
5350093.00,2023,5,
5350093.00,2024,360,
5350094.00,2018,211,0
5350094.00,2019,1,1
5350094.00,2020,0,1
5350094.00,2021,0,210
5350094.00,2022,0,0
5350094.00,2023,329,
5350094.00,2024,0,
5350095.00,2018,0,0
5350095.00,2019,4,0
5350095.00,2020,0,0
5350095.00,2021,0,4
5350095.00,2022,0,0
5350095.00,2023,0,
5350095.00,2024,0,
5350096.01,2018,0,0
5350096.01,2019,14,0
5350096.01,2020,0,0
5350096.01,2021,0,0
5350096.01,2022,0,0
5350096.01,2023,0,
5350096.01,2024,0,
5350096.02,2018,0,0
5350096.02,2019,0,0
5350096.02,2020,0,0
5350096.02,2021,0,1
5350096.02,2022,8,0
5350096.02,2023,2,
5350096.02,2024,103,
5350097.01,2018,0,0
5350097.01,2019,0,0
5350097.01,2020,0,62
5350097.01,2021,0,0
5350097.01,2022,0,0
5350097.01,2023,0,
5350097.01,2024,1519,
5350097.03,2018,0,0
5350097.03,2019,0,0
5350097.03,2020,0,0
5350097.03,2021,441,0
5350097.03,2022,217,0
5350097.03,2023,427,
5350097.03,2024,0,
5350097.04,2018,0,0
5350097.04,2019,1,2
5350097.04,2020,2,1
5350097.04,2021,0,0
5350097.04,2022,2,2
5350097.04,2023,8,
5350097.04,2024,0,
5350098.00,2018,0,39
5350098.00,2019,0,78
5350098.00,2020,235,0
5350098.00,2021,4,0
5350098.00,2022,0,4
5350098.00,2023,0,
5350098.00,2024,0,
5350099.00,2018,2,0
5350099.00,2019,4,1
5350099.00,2020,361,5
5350099.00,2021,0,0
5350099.00,2022,0,0
5350099.00,2023,177,
5350099.00,2024,15,
5350100.00,2018,0,0
5350100.00,2019,0,0
5350100.00,2020,0,0
5350100.00,2021,0,0
5350100.00,2022,111,0
5350100.00,2023,152,
5350100.00,2024,0,
5350101.00,2018,0,0
5350101.00,2019,0,0
5350101.00,2020,0,3
5350101.00,2021,70,0
5350101.00,2022,1,0
5350101.00,2023,1,
5350101.00,2024,120,
5350102.02,2018,528,0
5350102.02,2019,0,0
5350102.02,2020,0,528
5350102.02,2021,0,0
5350102.02,2022,0,0
5350102.02,2023,0,
5350102.02,2024,0,
5350102.03,2018,0,0
5350102.03,2019,1,0
5350102.03,2020,0,1
5350102.03,2021,0,0
5350102.03,2022,0,0
5350102.03,2023,0,
5350102.03,2024,0,
5350102.04,2018,0,0
5350102.04,2019,0,0
5350102.04,2020,0,0
5350102.04,2021,0,0
5350102.04,2022,0,0
5350102.04,2023,0,
5350102.04,2024,1,
5350102.05,2018,0,0
5350102.05,2019,0,1
5350102.05,2020,0,0
5350102.05,2021,0,0
5350102.05,2022,0,0
5350102.05,2023,0,
5350102.05,2024,0,
5350103.00,2018,0,0
5350103.00,2019,1,66
5350103.00,2020,0,1
5350103.00,2021,0,0
5350103.00,2022,0,0
5350103.00,2023,0,
5350103.00,2024,1,
5350104.00,2018,0,0
5350104.00,2019,0,1
5350104.00,2020,1,0
5350104.00,2021,0,0
5350104.00,2022,0,0
5350104.00,2023,0,
5350104.00,2024,4,
5350105.00,2018,10,0
5350105.00,2019,0,10
5350105.00,2020,0,0
5350105.00,2021,0,0
5350105.00,2022,3,0
5350105.00,2023,0,
5350105.00,2024,9,
5350106.00,2018,0,0
5350106.00,2019,0,0
5350106.00,2020,0,0
5350106.00,2021,0,0
5350106.00,2022,232,232
5350106.00,2023,1,
5350106.00,2024,2,
5350107.00,2018,0,0
5350107.00,2019,3,0
5350107.00,2020,0,4
5350107.00,2021,1,0
5350107.00,2022,5,1
5350107.00,2023,0,
5350107.00,2024,0,
5350108.00,2018,0,2
5350108.00,2019,0,0
5350108.00,2020,341,72
5350108.00,2021,249,0
5350108.00,2022,0,0
5350108.00,2023,382,
5350108.00,2024,0,
5350109.00,2018,0,0
5350109.00,2019,0,6
5350109.00,2020,0,0
5350109.00,2021,2,0
5350109.00,2022,0,0
5350109.00,2023,414,
5350109.00,2024,553,
5350110.00,2018,2,0
5350110.00,2019,0,1
5350110.00,2020,0,1
5350110.00,2021,0,0
5350110.00,2022,0,0
5350110.00,2023,0,
5350110.00,2024,0,
5350111.00,2018,0,1
5350111.00,2019,0,1
5350111.00,2020,0,0
5350111.00,2021,14,0
5350111.00,2022,29,0
5350111.00,2023,18,
5350111.00,2024,4,
5350112.00,2018,1,0
5350112.00,2019,0,1
5350112.00,2020,0,0
5350112.00,2021,0,0
5350112.00,2022,0,0
5350112.00,2023,0,
5350112.00,2024,0,
5350113.00,2018,0,0
5350113.00,2019,0,0
5350113.00,2020,0,0
5350113.00,2021,0,0
5350113.00,2022,0,0
5350113.00,2023,0,
5350113.00,2024,4,
5350114.00,2018,1,0
5350114.00,2019,1,1
5350114.00,2020,117,0
5350114.00,2021,2,2
5350114.00,2022,197,118
5350114.00,2023,174,
5350114.00,2024,2,
5350115.00,2018,0,54
5350115.00,2019,0,0
5350115.00,2020,0,0
5350115.00,2021,0,0
5350115.00,2022,0,0
5350115.00,2023,0,
5350115.00,2024,26,
5350116.00,2018,0,0
5350116.00,2019,0,1
5350116.00,2020,0,0
5350116.00,2021,2,0
5350116.00,2022,0,2
5350116.00,2023,0,
5350116.00,2024,5,
5350117.00,2018,83,0
5350117.00,2019,4,82
5350117.00,2020,0,5
5350117.00,2021,0,0
5350117.00,2022,4,0
5350117.00,2023,0,
5350117.00,2024,2,
5350118.00,2018,1,1
5350118.00,2019,1,283
5350118.00,2020,0,1
5350118.00,2021,0,0
5350118.00,2022,5,1
5350118.00,2023,4,
5350118.00,2024,4,
5350119.00,2018,263,169
5350119.00,2019,225,3
5350119.00,2020,25,5
5350119.00,2021,3,301
5350119.00,2022,87,179
5350119.00,2023,22,
5350119.00,2024,3,
5350120.00,2018,19,0
5350120.00,2019,36,0
5350120.00,2020,0,0
5350120.00,2021,1,0
5350120.00,2022,1,17
5350120.00,2023,0,
5350120.00,2024,0,
5350121.00,2018,0,0
5350121.00,2019,1,1
5350121.00,2020,6,0
5350121.00,2021,27,2
5350121.00,2022,0,29
5350121.00,2023,2,
5350121.00,2024,0,
5350122.00,2018,1,267
5350122.00,2019,6,1
5350122.00,2020,1,162
5350122.00,2021,0,2
5350122.00,2022,1,2
5350122.00,2023,376,
5350122.00,2024,5,
5350123.00,2018,0,0
5350123.00,2019,0,0
5350123.00,2020,0,0
5350123.00,2021,11,0
5350123.00,2022,0,0
5350123.00,2023,0,
5350123.00,2024,0,
5350124.00,2018,0,0
5350124.00,2019,0,0
5350124.00,2020,4,109
5350124.00,2021,0,1
5350124.00,2022,0,0
5350124.00,2023,263,
5350124.00,2024,0,
5350125.00,2018,3,1
5350125.00,2019,1,3
5350125.00,2020,4,2
5350125.00,2021,2,2
5350125.00,2022,5,1
5350125.00,2023,7,
5350125.00,2024,7,
5350126.00,2018,3,2
5350126.00,2019,3,3
5350126.00,2020,1,7
5350126.00,2021,0,1
5350126.00,2022,57,0
5350126.00,2023,2,
5350126.00,2024,2,
5350127.00,2018,4,5
5350127.00,2019,5,8
5350127.00,2020,152,3
5350127.00,2021,7,6
5350127.00,2022,3,151
5350127.00,2023,198,
5350127.00,2024,4,
5350128.02,2018,1329,4
5350128.02,2019,2,448
5350128.02,2020,725,1189
5350128.02,2021,0,764
5350128.02,2022,299,0
5350128.02,2023,0,
5350128.02,2024,2,
5350128.04,2018,0,0
5350128.04,2019,0,0
5350128.04,2020,0,0
5350128.04,2021,0,0
5350128.04,2022,0,0
5350128.04,2023,0,
5350128.04,2024,555,
5350128.05,2018,218,0
5350128.05,2019,1,1
5350128.05,2020,0,219
5350128.05,2021,0,0
5350128.05,2022,1,0
5350128.05,2023,0,
5350128.05,2024,1,
5350128.06,2018,0,0
5350128.06,2019,0,0
5350128.06,2020,0,0
5350128.06,2021,0,0
5350128.06,2022,0,0
5350128.06,2023,0,
5350128.06,2024,0,
5350129.00,2018,5,2
5350129.00,2019,7,3
5350129.00,2020,2,9
5350129.00,2021,62,0
5350129.00,2022,0,0
5350129.00,2023,82,
5350129.00,2024,5,
5350130.00,2018,7,7
5350130.00,2019,8,5
5350130.00,2020,8,9
5350130.00,2021,3,2
5350130.00,2022,9,10
5350130.00,2023,12,
5350130.00,2024,14,
5350131.00,2018,10,5
5350131.00,2019,7,5
5350131.00,2020,2,12
5350131.00,2021,3,2
5350131.00,2022,11,1
5350131.00,2023,12,
5350131.00,2024,426,
5350132.00,2018,3,0
5350132.00,2019,6,95
5350132.00,2020,4,7
5350132.00,2021,5,4
5350132.00,2022,4,4
5350132.00,2023,8,
5350132.00,2024,2,
5350133.00,2018,6,7
5350133.00,2019,3,5
5350133.00,2020,1,5
5350133.00,2021,156,1
5350133.00,2022,6,4
5350133.00,2023,4,
5350133.00,2024,4,
5350134.00,2018,2,2
5350134.00,2019,4,1
5350134.00,2020,0,5
5350134.00,2021,0,0
5350134.00,2022,0,0
5350134.00,2023,1,
5350134.00,2024,3,
5350135.00,2018,363,0
5350135.00,2019,15,235
5350135.00,2020,2,15
5350135.00,2021,27,389
5350135.00,2022,3,1
5350135.00,2023,149,
5350135.00,2024,646,
5350136.01,2018,1231,430
5350136.01,2019,0,0
5350136.01,2020,0,315
5350136.01,2021,0,0
5350136.01,2022,1164,0
5350136.01,2023,0,
5350136.01,2024,211,
5350136.02,2018,32,452
5350136.02,2019,349,1085
5350136.02,2020,695,543
5350136.02,2021,927,948
5350136.02,2022,336,791
5350136.02,2023,648,
5350136.02,2024,0,
5350137.00,2018,4,5
5350137.00,2019,1,5
5350137.00,2020,94,3
5350137.00,2021,2,1
5350137.00,2022,43,94
5350137.00,2023,3,
5350137.00,2024,30,
5350138.00,2018,5,5
5350138.00,2019,6,8
5350138.00,2020,3,8
5350138.00,2021,94,1
5350138.00,2022,10,4
5350138.00,2023,7,
5350138.00,2024,4,
5350139.01,2018,2,4
5350139.01,2019,4,3
5350139.01,2020,5,4
5350139.01,2021,2,0
5350139.01,2022,2,5
5350139.01,2023,3,
5350139.01,2024,3,
5350139.02,2018,10,3
5350139.02,2019,10,12
5350139.02,2020,5,5
5350139.02,2021,3,6
5350139.02,2022,9,3
5350139.02,2023,14,
5350139.02,2024,5,
5350140.00,2018,6,3
5350140.00,2019,6,11
5350140.00,2020,10,3
5350140.00,2021,5,5
5350140.00,2022,7,5
5350140.00,2023,14,
5350140.00,2024,10,
5350141.01,2018,6,6
5350141.01,2019,7,5
5350141.01,2020,2,5
5350141.01,2021,181,4
5350141.01,2022,5,3
5350141.01,2023,1,
5350141.01,2024,9,
5350141.02,2018,9,9
5350141.02,2019,3,13
5350141.02,2020,4,6
5350141.02,2021,7,2
5350141.02,2022,4,7
5350141.02,2023,12,
5350141.02,2024,8,
5350142.00,2018,11,12
5350142.00,2019,9,12
5350142.00,2020,11,5
5350142.00,2021,2,10
5350142.00,2022,5,1
5350142.00,2023,8,
5350142.00,2024,4,
5350150.00,2018,3,1
5350150.00,2019,2,5
5350150.00,2020,0,1
5350150.00,2021,3,0
5350150.00,2022,0,3
5350150.00,2023,0,
5350150.00,2024,1,
5350151.00,2018,0,1
5350151.00,2019,0,3
5350151.00,2020,3,2
5350151.00,2021,0,0
5350151.00,2022,0,1
5350151.00,2023,0,
5350151.00,2024,0,
5350152.00,2018,0,2
5350152.00,2019,8,5
5350152.00,2020,135,4
5350152.00,2021,0,2
5350152.00,2022,10,143
5350152.00,2023,1,
5350152.00,2024,3,
5350153.00,2018,0,0
5350153.00,2019,0,0
5350153.00,2020,0,0
5350153.00,2021,1,0
5350153.00,2022,2,1
5350153.00,2023,1,
5350153.00,2024,6,
5350154.00,2018,1,3
5350154.00,2019,3,0
5350154.00,2020,0,3
5350154.00,2021,0,0
5350154.00,2022,2,0
5350154.00,2023,0,
5350154.00,2024,9,
5350155.00,2018,1,1
5350155.00,2019,2,2
5350155.00,2020,0,1
5350155.00,2021,1,0
5350155.00,2022,0,1
5350155.00,2023,0,
5350155.00,2024,0,
5350156.01,2018,0,0
5350156.01,2019,0,1
5350156.01,2020,0,0
5350156.01,2021,2,0
5350156.01,2022,4,0
5350156.01,2023,2,
5350156.01,2024,0,
5350156.02,2018,0,0
5350156.02,2019,4,0
5350156.02,2020,1,4
5350156.02,2021,1,1
5350156.02,2022,0,0
5350156.02,2023,2,
5350156.02,2024,1,
5350157.00,2018,0,2
5350157.00,2019,0,0
5350157.00,2020,0,1
5350157.00,2021,0,0
5350157.00,2022,1,0
5350157.00,2023,2,
5350157.00,2024,2,
5350158.00,2018,0,1
5350158.00,2019,62,62
5350158.00,2020,0,0
5350158.00,2021,0,0
5350158.00,2022,0,0
5350158.00,2023,3,
5350158.00,2024,3,
5350159.01,2018,7,0
5350159.01,2019,0,6
5350159.01,2020,3,2
5350159.01,2021,3,2
5350159.01,2022,0,3
5350159.01,2023,2,
5350159.01,2024,0,
5350159.02,2018,3,0
5350159.02,2019,2,3
5350159.02,2020,4,3
5350159.02,2021,2,3
5350159.02,2022,0,2
5350159.02,2023,5,
5350159.02,2024,0,
5350160.00,2018,0,0
5350160.00,2019,2,0
5350160.00,2020,4,3
5350160.00,2021,5,4
5350160.00,2022,2,2
5350160.00,2023,0,
5350160.00,2024,3,
5350161.00,2018,5,6
5350161.00,2019,8,4
5350161.00,2020,13,15
5350161.00,2021,5,2
5350161.00,2022,1,8
5350161.00,2023,1,
5350161.00,2024,3,
5350162.00,2018,3,2
5350162.00,2019,1,1
5350162.00,2020,1,3
5350162.00,2021,0,0
5350162.00,2022,0,0
5350162.00,2023,0,
5350162.00,2024,2,
5350163.00,2018,0,0
5350163.00,2019,0,0
5350163.00,2020,0,0
5350163.00,2021,6,2
5350163.00,2022,0,4
5350163.00,2023,0,
5350163.00,2024,0,
5350164.00,2018,2,5
5350164.00,2019,1,2
5350164.00,2020,3,4
5350164.00,2021,1,1
5350164.00,2022,2,1
5350164.00,2023,23,
5350164.00,2024,2,
5350165.00,2018,0,4
5350165.00,2019,1,0
5350165.00,2020,1,1
5350165.00,2021,5,1
5350165.00,2022,0,2
5350165.00,2023,1,
5350165.00,2024,0,
5350166.00,2018,8,9
5350166.00,2019,7,3
5350166.00,2020,5,12
5350166.00,2021,9,2
5350166.00,2022,424,4
5350166.00,2023,4,
5350166.00,2024,3,
5350167.01,2018,0,0
5350167.01,2019,0,0
5350167.01,2020,0,0
5350167.01,2021,0,0
5350167.01,2022,0,0
5350167.01,2023,0,
5350167.01,2024,0,
5350167.02,2018,3,5
5350167.02,2019,2,51
5350167.02,2020,9,4
5350167.02,2021,4,4
5350167.02,2022,5,6
5350167.02,2023,4,
5350167.02,2024,160,
5350168.00,2018,224,1
5350168.00,2019,4,6
5350168.00,2020,7,224
5350168.00,2021,2,3
5350168.00,2022,4,2
5350168.00,2023,16,
5350168.00,2024,3,
5350169.01,2018,1,4
5350169.01,2019,1,1
5350169.01,2020,1,1
5350169.01,2021,1,1
5350169.01,2022,99,0
5350169.01,2023,0,
5350169.01,2024,4,
5350169.02,2018,13,2
5350169.02,2019,0,124
5350169.02,2020,0,0
5350169.02,2021,1,1
5350169.02,2022,0,0
5350169.02,2023,3,
5350169.02,2024,1,
5350170.00,2018,2,2
5350170.00,2019,0,0
5350170.00,2020,0,2
5350170.00,2021,7,0
5350170.00,2022,169,4
5350170.00,2023,2,
5350170.00,2024,0,
5350171.00,2018,3,0
5350171.00,2019,0,3
5350171.00,2020,86,2
5350171.00,2021,348,2
5350171.00,2022,193,245
5350171.00,2023,0,
5350171.00,2024,0,
5350172.00,2018,2,3
5350172.00,2019,1,0
5350172.00,2020,0,0
5350172.00,2021,0,0
5350172.00,2022,0,1
5350172.00,2023,0,
5350172.00,2024,0,
5350173.00,2018,0,0
5350173.00,2019,1,0
5350173.00,2020,0,1
5350173.00,2021,3,0
5350173.00,2022,0,2
5350173.00,2023,0,
5350173.00,2024,0,
5350174.00,2018,3,0
5350174.00,2019,0,0
5350174.00,2020,0,3
5350174.00,2021,0,0
5350174.00,2022,1,0
5350174.00,2023,0,
5350174.00,2024,4,
5350175.01,2018,0,2
5350175.01,2019,1,0
5350175.01,2020,0,1
5350175.01,2021,234,0
5350175.01,2022,2,0
5350175.01,2023,2,
5350175.01,2024,0,
5350175.02,2018,0,0
5350175.02,2019,0,377
5350175.02,2020,9,0
5350175.02,2021,1,0
5350175.02,2022,128,10
5350175.02,2023,3,
5350175.02,2024,0,
5350176.00,2018,1,2
5350176.00,2019,1,1
5350176.00,2020,2,1
5350176.00,2021,3,1
5350176.00,2022,2,1
5350176.00,2023,2,
5350176.00,2024,0,
5350180.00,2018,0,2
5350180.00,2019,2,0
5350180.00,2020,0,0
5350180.00,2021,1,2
5350180.00,2022,486,1
5350180.00,2023,1,
5350180.00,2024,1,
5350181.01,2018,3,2
5350181.01,2019,6,5
5350181.01,2020,0,6
5350181.01,2021,1,0
5350181.01,2022,3,0
5350181.01,2023,2,
5350181.01,2024,0,
5350181.02,2018,2,0
5350181.02,2019,2,5
5350181.02,2020,6,2
5350181.02,2021,3,4
5350181.02,2022,61,62
5350181.02,2023,2,
5350181.02,2024,9,
5350182.00,2018,4,5
5350182.00,2019,4,3
5350182.00,2020,5,2
5350182.00,2021,7,8
5350182.00,2022,1,4
5350182.00,2023,6,
5350182.00,2024,4,
5350183.01,2018,2,3
5350183.01,2019,5,2
5350183.01,2020,3,4
5350183.01,2021,0,4
5350183.01,2022,4,0
5350183.01,2023,7,
5350183.01,2024,1,
5350183.02,2018,0,1
5350183.02,2019,0,0
5350183.02,2020,0,0
5350183.02,2021,2,0
5350183.02,2022,1,0
5350183.02,2023,1,
5350183.02,2024,0,
5350184.01,2018,2,0
5350184.01,2019,19,2
5350184.01,2020,2,2
5350184.01,2021,0,1
5350184.01,2022,2,18
5350184.01,2023,1,
5350184.01,2024,1,
5350184.02,2018,3,1
5350184.02,2019,1,2
5350184.02,2020,3,3
5350184.02,2021,0,2
5350184.02,2022,0,0
5350184.02,2023,0,
5350184.02,2024,0,
5350185.01,2018,1,0
5350185.01,2019,0,1
5350185.01,2020,0,0
5350185.01,2021,0,0
5350185.01,2022,2,0
5350185.01,2023,2,
5350185.01,2024,0,
5350185.02,2018,0,2
5350185.02,2019,1,0
5350185.02,2020,1,0
5350185.02,2021,3,2
5350185.02,2022,0,2
5350185.02,2023,2,
5350185.02,2024,5,
5350186.00,2018,43,8
5350186.00,2019,4,5
5350186.00,2020,5,4
5350186.00,2021,2,41
5350186.00,2022,2,4
5350186.00,2023,4,
5350186.00,2024,8,
5350187.00,2018,11,4
5350187.00,2019,6,9
5350187.00,2020,6,2
5350187.00,2021,2,12
5350187.00,2022,11,3
5350187.00,2023,11,
5350187.00,2024,7,
5350188.00,2018,5,2
5350188.00,2019,1,7
5350188.00,2020,2,0
5350188.00,2021,2,1
5350188.00,2022,5,1
5350188.00,2023,3,
5350188.00,2024,4,
5350189.00,2018,1,1
5350189.00,2019,0,3
5350189.00,2020,0,0
5350189.00,2021,0,0
5350189.00,2022,1,0
5350189.00,2023,2,
5350189.00,2024,1,
5350190.01,2018,0,0
5350190.01,2019,3,0
5350190.01,2020,1,3
5350190.01,2021,0,0
5350190.01,2022,0,0
5350190.01,2023,0,
5350190.01,2024,0,
5350190.02,2018,1,0
5350190.02,2019,2,2
5350190.02,2020,3,1
5350190.02,2021,0,2
5350190.02,2022,1,0
5350190.02,2023,0,
5350190.02,2024,6,
5350191.00,2018,5,6
5350191.00,2019,155,1
5350191.00,2020,5,15
5350191.00,2021,4,146
5350191.00,2022,58,5
5350191.00,2023,4,
5350191.00,2024,7,
5350192.00,2018,0,0
5350192.00,2019,1,0
5350192.00,2020,0,0
5350192.00,2021,0,1
5350192.00,2022,0,0
5350192.00,2023,0,
5350192.00,2024,1,
5350193.00,2018,5,4
5350193.00,2019,4,4
5350193.00,2020,8,2
5350193.00,2021,4,7
5350193.00,2022,1,1
5350193.00,2023,4,
5350193.00,2024,5,
5350194.01,2018,0,0
5350194.01,2019,0,0
5350194.01,2020,0,0
5350194.01,2021,0,0
5350194.01,2022,0,0
5350194.01,2023,0,
5350194.01,2024,0,
5350194.02,2018,0,0
5350194.02,2019,0,0
5350194.02,2020,0,0
5350194.02,2021,0,0
5350194.02,2022,0,0
5350194.02,2023,0,
5350194.02,2024,0,
5350194.03,2018,0,0
5350194.03,2019,0,0
5350194.03,2020,0,0
5350194.03,2021,0,0
5350194.03,2022,0,0
5350194.03,2023,0,
5350194.03,2024,0,
5350194.04,2018,0,0
5350194.04,2019,0,0
5350194.04,2020,558,0
5350194.04,2021,0,0
5350194.04,2022,0,0
5350194.04,2023,0,
5350194.04,2024,301,
5350195.01,2018,6,71
5350195.01,2019,5,6
5350195.01,2020,7,4
5350195.01,2021,5,6
5350195.01,2022,8,6
5350195.01,2023,8,
5350195.01,2024,5,
5350195.02,2018,13,0
5350195.02,2019,5,6
5350195.02,2020,1,3
5350195.02,2021,2,2
5350195.02,2022,3,8
5350195.02,2023,5,
5350195.02,2024,2,
5350196.01,2018,2,3
5350196.01,2019,3,2
5350196.01,2020,5,5
5350196.01,2021,5,2
5350196.01,2022,2,2
5350196.01,2023,3,
5350196.01,2024,5,
5350196.02,2018,13,7
5350196.02,2019,3,10
5350196.02,2020,5,6
5350196.02,2021,10,5
5350196.02,2022,3,3
5350196.02,2023,3,
5350196.02,2024,8,
5350200.02,2018,0,0
5350200.02,2019,0,0
5350200.02,2020,0,0
5350200.02,2021,1,0
5350200.02,2022,0,0
5350200.02,2023,0,
5350200.02,2024,1,
5350201.00,2018,3,3
5350201.00,2019,3,1
5350201.00,2020,6,1
5350201.00,2021,8,7
5350201.00,2022,2,2
5350201.00,2023,2,
5350201.00,2024,8,
5350202.00,2018,2,0
5350202.00,2019,2,15
5350202.00,2020,0,1
5350202.00,2021,2,1
5350202.00,2022,0,2
5350202.00,2023,0,
5350202.00,2024,0,
5350203.00,2018,4,17
5350203.00,2019,13,8
5350203.00,2020,22,6
5350203.00,2021,7,4
5350203.00,2022,3,6
5350203.00,2023,2,
5350203.00,2024,4,
5350204.00,2018,5,3
5350204.00,2019,6,4
5350204.00,2020,2,4
5350204.00,2021,2,5
5350204.00,2022,11,1
5350204.00,2023,1,
5350204.00,2024,6,
5350205.00,2018,0,0
5350205.00,2019,0,0
5350205.00,2020,0,0
5350205.00,2021,0,0
5350205.00,2022,0,0
5350205.00,2023,0,
5350205.00,2024,0,
5350206.01,2018,137,5
5350206.01,2019,1,116
5350206.01,2020,29,24
5350206.01,2021,0,28
5350206.01,2022,4,0
5350206.01,2023,6,
5350206.01,2024,1,
5350206.02,2018,90,14
5350206.02,2019,12,19
5350206.02,2020,6,87
5350206.02,2021,5,6
5350206.02,2022,18,5
5350206.02,2023,10,
5350206.02,2024,8,
5350207.00,2018,1,3
5350207.00,2019,4,1
5350207.00,2020,1,1
5350207.00,2021,4,4
5350207.00,2022,2,2
5350207.00,2023,5,
5350207.00,2024,3,
5350208.00,2018,0,0
5350208.00,2019,0,0
5350208.00,2020,2,0
5350208.00,2021,208,2
5350208.00,2022,0,0
5350208.00,2023,1,
5350208.00,2024,59,
5350209.00,2018,4,2
5350209.00,2019,0,3
5350209.00,2020,7,1
5350209.00,2021,6,5
5350209.00,2022,6,506
5350209.00,2023,3,
5350209.00,2024,6,
5350210.01,2018,8,813
5350210.01,2019,6,9
5350210.01,2020,2,3
5350210.01,2021,0,4
5350210.01,2022,0,0
5350210.01,2023,0,
5350210.01,2024,2,
5350210.03,2023,0,
5350210.03,2024,0,
5350211.00,2018,110,92
5350211.00,2019,24,28
5350211.00,2020,8,22
5350211.00,2021,12,9
5350211.00,2022,12,12
5350211.00,2023,11,
5350211.00,2024,8,
5350212.00,2018,5,4
5350212.00,2019,6,7
5350212.00,2020,91,6
5350212.00,2021,10,88
5350212.00,2022,13,10
5350212.00,2023,14,
5350212.00,2024,9,
5350213.01,2018,4,2
5350213.01,2019,279,5
5350213.01,2020,2,1
5350213.01,2021,5,1
5350213.01,2022,3,281
5350213.01,2023,1,
5350213.01,2024,1,
5350213.02,2018,379,283
5350213.02,2019,0,1
5350213.02,2020,568,2
5350213.02,2021,0,378
5350213.02,2022,286,286
5350213.02,2023,0,
5350213.02,2024,552,
5350214.00,2018,18,658
5350214.00,2019,19,160
5350214.00,2020,3,4
5350214.00,2021,603,24
5350214.00,2022,3,3
5350214.00,2023,546,
5350214.00,2024,726,
5350215.00,2018,7,5
5350215.00,2019,13,7
5350215.00,2020,175,15
5350215.00,2021,246,176
5350215.00,2022,207,9
5350215.00,2023,319,
5350215.00,2024,13,
5350216.00,2018,3,9
5350216.00,2019,8,0
5350216.00,2020,1,11
5350216.00,2021,5,2
5350216.00,2022,5,3
5350216.00,2023,8,
5350216.00,2024,6,
5350217.00,2018,84,0
5350217.00,2019,2,0
5350217.00,2020,2,2
5350217.00,2021,134,1
5350217.00,2022,238,1
5350217.00,2023,0,
5350217.00,2024,0,
5350218.00,2018,8,8
5350218.00,2019,7,7
5350218.00,2020,2,5
5350218.00,2021,6,3
5350218.00,2022,2,2
5350218.00,2023,3,
5350218.00,2024,1,
5350219.00,2018,3,4
5350219.00,2019,12,6
5350219.00,2020,2,7
5350219.00,2021,7,6
5350219.00,2022,8,5
5350219.00,2023,2,
5350219.00,2024,8,
5350220.00,2018,1,0
5350220.00,2019,1,1
5350220.00,2020,0,0
5350220.00,2021,2,1
5350220.00,2022,2,1
5350220.00,2023,234,
5350220.00,2024,0,
5350221.01,2018,0,0
5350221.01,2019,2,0
5350221.01,2020,6,1
5350221.01,2021,0,3
5350221.01,2022,0,1
5350221.01,2023,0,
5350221.01,2024,1,
5350221.02,2018,3,0
5350221.02,2019,0,1
5350221.02,2020,2,2
5350221.02,2021,212,2
5350221.02,2022,0,0
5350221.02,2023,1,
5350221.02,2024,1,
5350222.01,2018,673,8
5350222.01,2019,8,8
5350222.01,2020,1,7
5350222.01,2021,3,474
5350222.01,2022,4,200
5350222.01,2023,6,
5350222.01,2024,281,
5350222.02,2018,5,7
5350222.02,2019,10,8
5350222.02,2020,66,9
5350222.02,2021,7,3
5350222.02,2022,6,67
5350222.02,2023,8,
5350222.02,2024,1,
5350223.01,2018,2,1
5350223.01,2019,2,1
5350223.01,2020,2,2
5350223.01,2021,5,3
5350223.01,2022,0,3
5350223.01,2023,3,
5350223.01,2024,4,
5350223.02,2018,11,4
5350223.02,2019,5,8
5350223.02,2020,2,7
5350223.02,2021,2,2
5350223.02,2022,2,1
5350223.02,2023,4,
5350223.02,2024,3,
5350224.00,2018,4,1
5350224.00,2019,2,3
5350224.00,2020,5,3
5350224.00,2021,4,4
5350224.00,2022,3,3
5350224.00,2023,2,
5350224.00,2024,4,
5350225.01,2018,3,6
5350225.01,2019,5,1
5350225.01,2020,4,6
5350225.01,2021,3,6
5350225.01,2022,1,2
5350225.01,2023,616,
5350225.01,2024,2,
5350225.02,2018,395,0
5350225.02,2019,0,0
5350225.02,2020,395,822
5350225.02,2021,0,0
5350225.02,2022,0,395
5350225.02,2023,0,
5350225.02,2024,0,
5350226.00,2018,4,7
5350226.00,2019,3,6
5350226.00,2020,2,1
5350226.00,2021,2,2
5350226.00,2022,4,3
5350226.00,2023,3,
5350226.00,2024,2,
5350227.00,2018,3,1
5350227.00,2019,3,3
5350227.00,2020,1,3
5350227.00,2021,0,36
5350227.00,2022,5,0
5350227.00,2023,4,
5350227.00,2024,3,
5350228.00,2018,121,2
5350228.00,2019,5,120
5350228.00,2020,3,4
5350228.00,2021,3,3
5350228.00,2022,208,5
5350228.00,2023,3,
5350228.00,2024,142,
5350229.00,2018,5,1
5350229.00,2019,10,5
5350229.00,2020,3,11
5350229.00,2021,2,3
5350229.00,2022,2,2
5350229.00,2023,0,
5350229.00,2024,2,
5350230.01,2018,422,2
5350230.01,2019,3,2
5350230.01,2020,2,3
5350230.01,2021,4,286
5350230.01,2022,2,139
5350230.01,2023,3,
5350230.01,2024,4,
5350230.02,2018,1,0
5350230.02,2019,2,1
5350230.02,2020,1,1
5350230.02,2021,2,2
5350230.02,2022,0,1
5350230.02,2023,1,
5350230.02,2024,2,
5350231.00,2018,13,6
5350231.00,2019,5,14
5350231.00,2020,345,6
5350231.00,2021,164,7
5350231.00,2022,219,7
5350231.00,2023,7,
5350231.00,2024,5,
5350232.00,2018,3,8
5350232.00,2019,7,3
5350232.00,2020,2,6
5350232.00,2021,7,4
5350232.00,2022,7,2
5350232.00,2023,4,
5350232.00,2024,10,
5350233.00,2018,25,3
5350233.00,2019,291,24
5350233.00,2020,24,50
5350233.00,2021,1,5
5350233.00,2022,5,4
5350233.00,2023,3,
5350233.00,2024,8,
5350234.00,2018,0,2
5350234.00,2019,3,1
5350234.00,2020,0,2
5350234.00,2021,0,0
5350234.00,2022,0,0
5350234.00,2023,0,
5350234.00,2024,0,
5350235.01,2018,1,0
5350235.01,2019,1,1
5350235.01,2020,2,1
5350235.01,2021,0,2
5350235.01,2022,0,0
5350235.01,2023,2,
5350235.01,2024,0,
5350235.02,2018,0,1
5350235.02,2019,0,0
5350235.02,2020,0,0
5350235.02,2021,0,0
5350235.02,2022,42,0
5350235.02,2023,2,
5350235.02,2024,0,
5350236.01,2018,48,108
5350236.01,2019,0,88
5350236.01,2020,0,0
5350236.01,2021,0,0
5350236.01,2022,0,0
5350236.01,2023,249,
5350236.01,2024,0,
5350236.02,2018,0,0
5350236.02,2019,1,0
5350236.02,2020,0,0
5350236.02,2021,0,1
5350236.02,2022,2,0
5350236.02,2023,0,
5350236.02,2024,0,
5350237.01,2018,0,0
5350237.01,2019,0,0
5350237.01,2020,0,0
5350237.01,2021,0,0
5350237.01,2022,225,0
5350237.01,2023,0,
5350237.01,2024,0,
5350237.02,2018,0,0
5350237.02,2019,0,0
5350237.02,2020,0,0
5350237.02,2021,0,0
5350237.02,2022,1,0
5350237.02,2023,1,
5350237.02,2024,1,
5350237.03,2018,0,89
5350237.03,2019,0,21
5350237.03,2020,0,0
5350237.03,2021,0,0
5350237.03,2022,1,0
5350237.03,2023,0,
5350237.03,2024,0,
5350238.01,2018,1,0
5350238.01,2019,1,1
5350238.01,2020,0,277
5350238.01,2021,1,0
5350238.01,2022,2,0
5350238.01,2023,0,
5350238.01,2024,0,
5350238.02,2018,0,1
5350238.02,2019,0,0
5350238.02,2020,0,0
5350238.02,2021,0,0
5350238.02,2022,0,0
5350238.02,2023,1,
5350238.02,2024,1,
5350239.00,2018,1,1
5350239.00,2019,1,1
5350239.00,2020,0,1
5350239.00,2021,1,2
5350239.00,2022,0,2
5350239.00,2023,4,
5350239.00,2024,4,
5350240.01,2018,0,3
5350240.01,2019,0,0
5350240.01,2020,4,0
5350240.01,2021,0,4
5350240.01,2022,1,0
5350240.01,2023,0,
5350240.01,2024,0,
5350240.02,2018,1,0
5350240.02,2019,0,1
5350240.02,2020,0,0
5350240.02,2021,0,0
5350240.02,2022,0,0
5350240.02,2023,1275,
5350240.02,2024,1,
5350241.00,2018,7,3
5350241.00,2019,4,9
5350241.00,2020,2,3
5350241.00,2021,2,2
5350241.00,2022,4,5
5350241.00,2023,2,
5350241.00,2024,3,
5350242.00,2018,1,1
5350242.00,2019,1,1
5350242.00,2020,0,1
5350242.00,2021,0,0
5350242.00,2022,1,0
5350242.00,2023,0,
5350242.00,2024,0,
5350243.01,2018,0,0
5350243.01,2019,0,0
5350243.01,2020,0,0
5350243.01,2021,0,0
5350243.01,2022,0,0
5350243.01,2023,0,
5350243.01,2024,0,
5350243.02,2018,1,0
5350243.02,2019,1,0
5350243.02,2020,0,2
5350243.02,2021,1,0
5350243.02,2022,0,1
5350243.02,2023,2,
5350243.02,2024,0,
5350244.01,2018,0,1
5350244.01,2019,0,0
5350244.01,2020,1,0
5350244.01,2021,2,1
5350244.01,2022,1,2
5350244.01,2023,4,
5350244.01,2024,4,
5350244.02,2018,0,0
5350244.02,2019,0,2
5350244.02,2020,0,0
5350244.02,2021,0,1
5350244.02,2022,0,0
5350244.02,2023,1,
5350244.02,2024,3,
5350245.00,2018,1,2
5350245.00,2019,0,1
5350245.00,2020,0,0
5350245.00,2021,1,0
5350245.00,2022,0,0
5350245.00,2023,1,
5350245.00,2024,0,
5350246.00,2018,1,0
5350246.00,2019,0,1
5350246.00,2020,0,0
5350246.00,2021,2,0
5350246.00,2022,0,0
5350246.00,2023,0,
5350246.00,2024,0,
5350247.01,2018,0,0
5350247.01,2019,0,0
5350247.01,2020,36,0
5350247.01,2021,90,1
5350247.01,2022,0,126
5350247.01,2023,0,
5350247.01,2024,0,
5350247.02,2018,2,1
5350247.02,2019,0,2
5350247.02,2020,0,0
5350247.02,2021,1,0
5350247.02,2022,0,0
5350247.02,2023,1,
5350247.02,2024,3,
5350248.02,2018,0,0
5350248.02,2019,0,0
5350248.02,2020,0,0
5350248.02,2021,0,0
5350248.02,2022,0,0
5350248.02,2023,0,
5350248.02,2024,0,
5350248.03,2018,0,0
5350248.03,2019,1,0
5350248.03,2020,1,1
5350248.03,2021,0,0
5350248.03,2022,0,1
5350248.03,2023,152,
5350248.03,2024,0,
5350248.04,2018,0,0
5350248.04,2019,0,0
5350248.04,2020,0,0
5350248.04,2021,0,0
5350248.04,2022,0,0
5350248.04,2023,0,
5350248.04,2024,0,
5350248.05,2018,0,0
5350248.05,2019,0,0
5350248.05,2020,0,0
5350248.05,2021,0,0
5350248.05,2022,0,0
5350248.05,2023,0,
5350248.05,2024,0,
5350249.01,2018,0,0
5350249.01,2019,0,0
5350249.01,2020,0,0
5350249.01,2021,0,0
5350249.01,2022,0,0
5350249.01,2023,0,
5350249.01,2024,0,
5350249.03,2018,0,0
5350249.03,2019,0,0
5350249.03,2020,0,0
5350249.03,2021,0,0
5350249.03,2022,0,0
5350249.03,2023,0,
5350249.03,2024,0,
5350249.04,2018,0,0
5350249.04,2019,0,0
5350249.04,2020,0,0
5350249.04,2021,0,0
5350249.04,2022,1,0
5350249.04,2023,3,
5350249.04,2024,0,
5350249.05,2018,0,0
5350249.05,2019,0,0
5350249.05,2020,0,0
5350249.05,2021,0,0
5350249.05,2022,0,0
5350249.05,2023,0,
5350249.05,2024,0,
5350250.01,2018,1,2
5350250.01,2019,2,1
5350250.01,2020,0,2
5350250.01,2021,1,0
5350250.01,2022,1,0
5350250.01,2023,0,
5350250.01,2024,1,
5350250.02,2018,0,1
5350250.02,2019,0,0
5350250.02,2020,8,0
5350250.02,2021,1,5
5350250.02,2022,0,3
5350250.02,2023,0,
5350250.02,2024,1,
5350250.04,2018,0,0
5350250.04,2019,0,0
5350250.04,2020,0,0
5350250.04,2021,0,0
5350250.04,2022,0,0
5350250.04,2023,0,
5350250.04,2024,0,
5350250.05,2018,0,0
5350250.05,2019,0,0
5350250.05,2020,0,0
5350250.05,2021,0,0
5350250.05,2022,0,0
5350250.05,2023,0,
5350250.05,2024,0,
5350260.01,2018,0,0
5350260.01,2019,0,0
5350260.01,2020,0,0
5350260.01,2021,0,0
5350260.01,2022,0,0
5350260.01,2023,0,
5350260.01,2024,0,
5350260.04,2018,0,0
5350260.04,2019,0,0
5350260.04,2020,0,0
5350260.04,2021,0,0
5350260.04,2022,0,0
5350260.04,2023,405,
5350260.04,2024,7,
5350260.05,2018,0,0
5350260.05,2019,0,0
5350260.05,2020,0,0
5350260.05,2021,0,0
5350260.05,2022,0,0
5350260.05,2023,0,
5350260.05,2024,0,
5350260.06,2018,612,0
5350260.06,2019,22,0
5350260.06,2020,0,612
5350260.06,2021,0,0
5350260.06,2022,0,22
5350260.06,2023,0,
5350260.06,2024,0,
5350260.07,2018,0,0
5350260.07,2019,0,0
5350260.07,2020,0,0
5350260.07,2021,0,0
5350260.07,2022,0,0
5350260.07,2023,0,
5350260.07,2024,0,
5350261.00,2018,0,0
5350261.00,2019,0,0
5350261.00,2020,0,0
5350261.00,2021,0,0
5350261.00,2022,80,0
5350261.00,2023,1,
5350261.00,2024,4,
5350262.01,2018,1,0
5350262.01,2019,2,0
5350262.01,2020,0,2
5350262.01,2021,0,0
5350262.01,2022,147,1
5350262.01,2023,1,
5350262.01,2024,0,
5350262.02,2018,2,1
5350262.02,2019,0,0
5350262.02,2020,1,2
5350262.02,2021,1,0
5350262.02,2022,0,1
5350262.02,2023,1,
5350262.02,2024,0,
5350263.02,2018,3,2
5350263.02,2019,3,3
5350263.02,2020,1064,2
5350263.02,2021,250,0
5350263.02,2022,689,2
5350263.02,2023,599,
5350263.02,2024,625,
5350263.03,2018,2,2
5350263.03,2019,0,2
5350263.03,2020,1,1
5350263.03,2021,1,0
5350263.03,2022,3,1
5350263.03,2023,2,
5350263.03,2024,2,
5350263.04,2018,0,0
5350263.04,2019,0,0
5350263.04,2020,0,0
5350263.04,2021,0,0
5350263.04,2022,0,0
5350263.04,2023,0,
5350263.04,2024,0,
5350264.00,2018,9,5
5350264.00,2019,1,3
5350264.00,2020,1,4
5350264.00,2021,2,2
5350264.00,2022,2,3
5350264.00,2023,6,
5350264.00,2024,6,
5350265.00,2018,9,88
5350265.00,2019,12,13
5350265.00,2020,2,7
5350265.00,2021,7,7
5350265.00,2022,3,4
5350265.00,2023,12,
5350265.00,2024,10,
5350266.00,2018,6,11
5350266.00,2019,5,18
5350266.00,2020,11,5
5350266.00,2021,6,1
5350266.00,2022,9,7
5350266.00,2023,5,
5350266.00,2024,3,
5350267.00,2018,7,14
5350267.00,2019,13,8
5350267.00,2020,10,4
5350267.00,2021,12,7
5350267.00,2022,10,8
5350267.00,2023,12,
5350267.00,2024,10,
5350268.00,2018,16,11
5350268.00,2019,9,17
5350268.00,2020,56,8
5350268.00,2021,13,51
5350268.00,2022,13,12
5350268.00,2023,14,
5350268.00,2024,8,
5350269.01,2018,0,0
5350269.01,2019,0,0
5350269.01,2020,0,0
5350269.01,2021,0,0
5350269.01,2022,0,0
5350269.01,2023,0,
5350269.01,2024,0,
5350269.02,2018,6,6
5350269.02,2019,3,1
5350269.02,2020,2,7
5350269.02,2021,5,2
5350269.02,2022,4,1
5350269.02,2023,4,
5350269.02,2024,4,
5350270.01,2018,1,1
5350270.01,2019,2,2
5350270.01,2020,451,2
5350270.01,2021,2,0
5350270.01,2022,0,1
5350270.01,2023,1,
5350270.01,2024,1,
5350270.02,2018,1,0
5350270.02,2019,0,0
5350270.02,2020,0,1
5350270.02,2021,0,0
5350270.02,2022,0,0
5350270.02,2023,0,
5350270.02,2024,1,
5350271.01,2018,0,0
5350271.01,2019,0,1
5350271.01,2020,0,0
5350271.01,2021,2,0
5350271.01,2022,1,2
5350271.01,2023,236,
5350271.01,2024,1,
5350271.02,2018,0,0
5350271.02,2019,0,0
5350271.02,2020,0,0
5350271.02,2021,0,0
5350271.02,2022,0,0
5350271.02,2023,0,
5350271.02,2024,0,
5350272.01,2018,0,0
5350272.01,2019,0,0
5350272.01,2020,0,0
5350272.01,2021,0,0
5350272.01,2022,0,0
5350272.01,2023,0,
5350272.01,2024,0,
5350272.02,2018,0,0
5350272.02,2019,0,0
5350272.02,2020,0,0
5350272.02,2021,0,0
5350272.02,2022,0,0
5350272.02,2023,0,
5350272.02,2024,0,
5350273.01,2018,5,4
5350273.01,2019,5,2
5350273.01,2020,1,7
5350273.01,2021,5,5
5350273.01,2022,5,2
5350273.01,2023,12,
5350273.01,2024,6,
5350273.02,2018,5,6
5350273.02,2019,7,2
5350273.02,2020,1,2
5350273.02,2021,1,3
5350273.02,2022,1,7
5350273.02,2023,5,
5350273.02,2024,103,
5350274.01,2018,10,14
5350274.01,2019,9,12
5350274.01,2020,5,11
5350274.01,2021,2,3
5350274.01,2022,4,5
5350274.01,2023,11,
5350274.01,2024,4,
5350274.02,2018,4,10
5350274.02,2019,2,10
5350274.02,2020,2,5
5350274.02,2021,6,2
5350274.02,2022,3,1
5350274.02,2023,7,
5350274.02,2024,2,
5350275.00,2018,8,13
5350275.00,2019,15,7
5350275.00,2020,7,10
5350275.00,2021,12,12
5350275.00,2022,9,10
5350275.00,2023,8,
5350275.00,2024,10,
5350276.01,2018,18,19
5350276.01,2019,10,15
5350276.01,2020,11,13
5350276.01,2021,14,7
5350276.01,2022,13,13
5350276.01,2023,13,
5350276.01,2024,7,
5350276.02,2018,14,12
5350276.02,2019,48,7
5350276.02,2020,7,7
5350276.02,2021,11,11
5350276.02,2022,31,124
5350276.02,2023,8,
5350276.02,2024,11,
5350277.00,2018,8,8
5350277.00,2019,14,11
5350277.00,2020,7,16
5350277.00,2021,6,4
5350277.00,2022,12,8
5350277.00,2023,4,
5350277.00,2024,5,
5350278.00,2018,4,15
5350278.00,2019,12,6
5350278.00,2020,5,11
5350278.00,2021,17,5
5350278.00,2022,125,5
5350278.00,2023,9,
5350278.00,2024,8,
5350279.01,2018,11,9
5350279.01,2019,13,8
5350279.01,2020,4,5
5350279.01,2021,3,15
5350279.01,2022,218,3
5350279.01,2023,34,
5350279.01,2024,6,
5350279.02,2018,8,5
5350279.02,2019,0,3
5350279.02,2020,2,2
5350279.02,2021,1,2
5350279.02,2022,3,0
5350279.02,2023,3,
5350279.02,2024,5,
5350280.00,2018,3,2
5350280.00,2019,2,4
5350280.00,2020,217,4
5350280.00,2021,0,1
5350280.00,2022,0,216
5350280.00,2023,1,
5350280.00,2024,1,
5350281.01,2018,0,0
5350281.01,2019,1,0
5350281.01,2020,0,1
5350281.01,2021,2,0
5350281.01,2022,3,3
5350281.01,2023,2,
5350281.01,2024,0,
5350281.02,2018,0,1
5350281.02,2019,3,0
5350281.02,2020,0,3
5350281.02,2021,0,0
5350281.02,2022,0,0
5350281.02,2023,1,
5350281.02,2024,0,
5350282.00,2018,2,4
5350282.00,2019,2,3
5350282.00,2020,2,2
5350282.00,2021,0,1
5350282.00,2022,4,1
5350282.00,2023,3,
5350282.00,2024,4,
5350283.01,2018,0,0
5350283.01,2019,0,0
5350283.01,2020,89,0
5350283.01,2021,0,0
5350283.01,2022,0,89
5350283.01,2023,0,
5350283.01,2024,0,
5350283.02,2018,1,0
5350283.02,2019,3,0
5350283.02,2020,0,3
5350283.02,2021,4,0
5350283.02,2022,0,3
5350283.02,2023,1,
5350283.02,2024,2,
5350284.00,2018,4,6
5350284.00,2019,6,1
5350284.00,2020,1,8
5350284.00,2021,10,2
5350284.00,2022,7,4
5350284.00,2023,6,
5350284.00,2024,3,
5350285.00,2018,9,137
5350285.00,2019,2,7
5350285.00,2020,2,3
5350285.00,2021,5,3
5350285.00,2022,5,3
5350285.00,2023,3,
5350285.00,2024,0,
5350286.00,2018,2,370
5350286.00,2019,88,312
5350286.00,2020,25,4
5350286.00,2021,6,88
5350286.00,2022,251,1
5350286.00,2023,516,
5350286.00,2024,2,
5350287.02,2018,15,2
5350287.02,2019,49,13
5350287.02,2020,6,2
5350287.02,2021,3,3
5350287.02,2022,1,2
5350287.02,2023,5,
5350287.02,2024,8,
5350287.03,2018,1,0
5350287.03,2019,388,1
5350287.03,2020,0,2
5350287.03,2021,0,386
5350287.03,2022,29,0
5350287.03,2023,103,
5350287.03,2024,60,
5350287.04,2018,6,6
5350287.04,2019,5,2
5350287.04,2020,3,6
5350287.04,2021,7,2
5350287.04,2022,2,5
5350287.04,2023,4,
5350287.04,2024,8,
5350288.00,2018,955,19
5350288.00,2019,7,6
5350288.00,2020,273,7
5350288.00,2021,1117,956
5350288.00,2022,11,58
5350288.00,2023,10,
5350288.00,2024,415,
5350289.00,2018,7,4
5350289.00,2019,4,5
5350289.00,2020,0,3
5350289.00,2021,4,3
5350289.00,2022,1,3
5350289.00,2023,2,
5350289.00,2024,3,
5350290.01,2018,1,0
5350290.01,2019,1,0
5350290.01,2020,0,2
5350290.01,2021,0,0
5350290.01,2022,2,0
5350290.01,2023,2,
5350290.01,2024,0,
5350290.02,2018,0,1
5350290.02,2019,0,0
5350290.02,2020,1,0
5350290.02,2021,1,1
5350290.02,2022,1,0
5350290.02,2023,0,
5350290.02,2024,0,
5350291.02,2018,1,0
5350291.02,2019,1,0
5350291.02,2020,1,2
5350291.02,2021,2,2
5350291.02,2022,1,0
5350291.02,2023,0,
5350291.02,2024,0,
5350291.03,2018,1,0
5350291.03,2019,1,1
5350291.03,2020,0,1
5350291.03,2021,0,0
5350291.03,2022,0,0
5350291.03,2023,0,
5350291.03,2024,1,
5350291.04,2018,0,2
5350291.04,2019,0,216
5350291.04,2020,0,0
5350291.04,2021,1,0
5350291.04,2022,0,0
5350291.04,2023,0,
5350291.04,2024,0,
5350292.00,2018,0,169
5350292.00,2019,0,0
5350292.00,2020,2,0
5350292.00,2021,0,89
5350292.00,2022,0,0
5350292.00,2023,0,
5350292.00,2024,0,
5350293.00,2018,94,4
5350293.00,2019,3,5
5350293.00,2020,1,92
5350293.00,2021,4,16
5350293.00,2022,9,2
5350293.00,2023,2,
5350293.00,2024,6,
5350294.01,2018,0,1
5350294.01,2019,2,0
5350294.01,2020,0,1
5350294.01,2021,1,2
5350294.01,2022,12,1
5350294.01,2023,0,
5350294.01,2024,1,
5350294.02,2018,0,0
5350294.02,2019,0,0
5350294.02,2020,0,0
5350294.02,2021,0,0
5350294.02,2022,0,0
5350294.02,2023,0,
5350294.02,2024,0,
5350295.00,2018,1,1
5350295.00,2019,1,1
5350295.00,2020,364,1
5350295.00,2021,1,1
5350295.00,2022,2,0
5350295.00,2023,1,
5350295.00,2024,0,
5350296.00,2018,15,409
5350296.00,2019,205,0
5350296.00,2020,470,0
5350296.00,2021,80,200
5350296.00,2022,0,557
5350296.00,2023,0,
5350296.00,2024,0,
5350297.01,2018,11,0
5350297.01,2019,4,3
5350297.01,2020,2,13
5350297.01,2021,2,2
5350297.01,2022,135,3
5350297.01,2023,1,
5350297.01,2024,1,
5350297.02,2018,6,10
5350297.02,2019,7,113
5350297.02,2020,7,10
5350297.02,2021,167,6
5350297.02,2022,7,5
5350297.02,2023,6,
5350297.02,2024,179,
5350298.00,2018,7,7
5350298.00,2019,5,9
5350298.00,2020,4,6
5350298.00,2021,7,4
5350298.00,2022,5,6
5350298.00,2023,6,
5350298.00,2024,4,
5350299.01,2018,42,21
5350299.01,2019,13,32
5350299.01,2020,17,18
5350299.01,2021,30,14
5350299.01,2022,21,23
5350299.01,2023,10,
5350299.01,2024,372,
5350299.02,2018,0,0
5350299.02,2019,0,0
5350299.02,2020,0,0
5350299.02,2021,0,0
5350299.02,2022,0,0
5350299.02,2023,498,
5350299.02,2024,1,
5350300.01,2023,0,
5350300.01,2024,0,
5350300.02,2023,0,
5350300.02,2024,0,
5350300.03,2023,12,
5350300.03,2024,5,
5350301.01,2018,345,2
5350301.01,2019,1,1
5350301.01,2020,0,1
5350301.01,2021,2,344
5350301.01,2022,1,0
5350301.01,2023,0,
5350301.01,2024,0,
5350301.03,2018,1512,0
5350301.03,2019,1,0
5350301.03,2020,0,0
5350301.03,2021,0,373
5350301.03,2022,0,796
5350301.03,2023,0,
5350301.03,2024,0,
5350301.04,2018,640,236
5350301.04,2019,0,0
5350301.04,2020,0,339
5350301.04,2021,510,0
5350301.04,2022,0,0
5350301.04,2023,0,
5350301.04,2024,0,
5350302.01,2018,0,0
5350302.01,2019,1,2
5350302.01,2020,0,1
5350302.01,2021,0,0
5350302.01,2022,0,0
5350302.01,2023,0,
5350302.01,2024,0,
5350302.02,2018,1,0
5350302.02,2019,0,1
5350302.02,2020,0,0
5350302.02,2021,0,0
5350302.02,2022,1,0
5350302.02,2023,0,
5350302.02,2024,0,
5350302.03,2018,0,0
5350302.03,2019,0,0
5350302.03,2020,0,0
5350302.03,2021,0,0
5350302.03,2022,0,0
5350302.03,2023,0,
5350302.03,2024,0,
5350303.00,2018,1,442
5350303.00,2019,344,1
5350303.00,2020,374,0
5350303.00,2021,0,684
5350303.00,2022,0,0
5350303.00,2023,0,
5350303.00,2024,0,
5350304.01,2018,0,0
5350304.01,2019,0,0
5350304.01,2020,1,0
5350304.01,2021,0,0
5350304.01,2022,0,1
5350304.01,2023,0,
5350304.01,2024,0,
5350304.02,2018,3,3
5350304.02,2019,613,2
5350304.02,2020,4,3
5350304.02,2021,4,117
5350304.02,2022,3,4
5350304.02,2023,0,
5350304.02,2024,1,
5350304.03,2018,0,1
5350304.03,2019,1,0
5350304.03,2020,1,0
5350304.03,2021,1,2
5350304.03,2022,1,499
5350304.03,2023,2,
5350304.03,2024,1,
5350304.04,2018,0,0
5350304.04,2019,1,0
5350304.04,2020,0,0
5350304.04,2021,0,1
5350304.04,2022,0,0
5350304.04,2023,0,
5350304.04,2024,0,
5350304.05,2018,0,0
5350304.05,2019,1,0
5350304.05,2020,0,0
5350304.05,2021,0,1
5350304.05,2022,0,0
5350304.05,2023,0,
5350304.05,2024,0,
5350304.06,2018,0,0
5350304.06,2019,0,0
5350304.06,2020,0,0
5350304.06,2021,0,0
5350304.06,2022,1,0
5350304.06,2023,0,
5350304.06,2024,0,
5350305.01,2018,17,11
5350305.01,2019,14,12
5350305.01,2020,7,17
5350305.01,2021,13,7
5350305.01,2022,11,6
5350305.01,2023,330,
5350305.01,2024,10,
5350305.03,2018,5,5
5350305.03,2019,4,3
5350305.03,2020,2,3
5350305.03,2021,2,5
5350305.03,2022,3,1
5350305.03,2023,1,
5350305.03,2024,4,
5350305.05,2023,419,
5350305.05,2024,0,
5350305.06,2023,695,
5350305.06,2024,0,
5350306.01,2018,12,12
5350306.01,2019,8,10
5350306.01,2020,2,5
5350306.01,2021,5,5
5350306.01,2022,5,2
5350306.01,2023,15,
5350306.01,2024,4,
5350306.02,2018,17,15
5350306.02,2019,9,17
5350306.02,2020,118,7
5350306.02,2021,8,5
5350306.02,2022,7,10
5350306.02,2023,5,
5350306.02,2024,15,
5350307.03,2018,0,0
5350307.03,2019,0,0
5350307.03,2020,0,0
5350307.03,2021,0,0
5350307.03,2022,0,0
5350307.03,2023,0,
5350307.03,2024,0,
5350307.04,2018,0,0
5350307.04,2019,0,0
5350307.04,2020,0,361
5350307.04,2021,478,0
5350307.04,2022,0,0
5350307.04,2023,0,
5350307.04,2024,0,
5350307.05,2018,0,10
5350307.05,2019,0,29
5350307.05,2020,358,0
5350307.05,2021,0,0
5350307.05,2022,0,358
5350307.05,2023,0,
5350307.05,2024,0,
5350307.06,2018,0,0
5350307.06,2019,0,0
5350307.06,2020,0,0
5350307.06,2021,0,0
5350307.06,2022,0,0
5350307.06,2023,0,
5350307.06,2024,0,
5350307.07,2018,8,12
5350307.07,2019,15,7
5350307.07,2020,11,10
5350307.07,2021,84,14
5350307.07,2022,16,9
5350307.07,2023,5,
5350307.07,2024,10,
5350308.02,2018,11,22
5350308.02,2019,10,11
5350308.02,2020,9,6
5350308.02,2021,16,13
5350308.02,2022,5,13
5350308.02,2023,23,
5350308.02,2024,18,
5350308.03,2018,4,3
5350308.03,2019,3,3
5350308.03,2020,3,2
5350308.03,2021,7,4
5350308.03,2022,2,2
5350308.03,2023,4,
5350308.03,2024,2,
5350308.05,2023,5,
5350308.05,2024,5,
5350308.06,2023,0,
5350308.06,2024,0,
5350308.07,2023,0,
5350308.07,2024,0,
5350309.00,2018,0,1
5350309.00,2019,0,0
5350309.00,2020,0,0
5350309.00,2021,0,0
5350309.00,2022,0,0
5350309.00,2023,0,
5350309.00,2024,0,
5350310.01,2018,4,2
5350310.01,2019,3,3
5350310.01,2020,0,4
5350310.01,2021,2,0
5350310.01,2022,1,1
5350310.01,2023,0,
5350310.01,2024,0,
5350310.02,2018,0,3
5350310.02,2019,0,1
5350310.02,2020,1,0
5350310.02,2021,2,1
5350310.02,2022,1,0
5350310.02,2023,2,
5350310.02,2024,0,
5350311.02,2018,1,0
5350311.02,2019,0,1
5350311.02,2020,0,0
5350311.02,2021,0,0
5350311.02,2022,0,0
5350311.02,2023,1,
5350311.02,2024,2,
5350311.03,2018,0,0
5350311.03,2019,0,0
5350311.03,2020,0,0
5350311.03,2021,0,0
5350311.03,2022,0,0
5350311.03,2023,0,
5350311.03,2024,0,
5350311.04,2018,0,0
5350311.04,2019,0,0
5350311.04,2020,0,0
5350311.04,2021,0,0
5350311.04,2022,0,0
5350311.04,2023,0,
5350311.04,2024,0,
5350311.05,2018,0,0
5350311.05,2019,0,0
5350311.05,2020,0,0
5350311.05,2021,0,0
5350311.05,2022,0,0
5350311.05,2023,0,
5350311.05,2024,0,
5350311.06,2018,0,0
5350311.06,2019,184,0
5350311.06,2020,0,0
5350311.06,2021,0,184
5350311.06,2022,422,0
5350311.06,2023,0,
5350311.06,2024,0,
5350312.02,2018,0,0
5350312.02,2019,0,0
5350312.02,2020,0,0
5350312.02,2021,0,0
5350312.02,2022,0,0
5350312.02,2023,0,
5350312.02,2024,0,
5350312.03,2018,0,0
5350312.03,2019,0,0
5350312.03,2020,0,0
5350312.03,2021,0,0
5350312.03,2022,0,0
5350312.03,2023,0,
5350312.03,2024,0,
5350312.04,2018,0,36
5350312.04,2019,0,0
5350312.04,2020,0,0
5350312.04,2021,0,0
5350312.04,2022,0,0
5350312.04,2023,0,
5350312.04,2024,0,
5350312.05,2018,0,0
5350312.05,2019,0,0
5350312.05,2020,0,0
5350312.05,2021,0,0
5350312.05,2022,0,0
5350312.05,2023,0,
5350312.05,2024,190,
5350312.06,2018,0,0
5350312.06,2019,0,0
5350312.06,2020,0,0
5350312.06,2021,0,0
5350312.06,2022,0,0
5350312.06,2023,0,
5350312.06,2024,0,
5350312.07,2018,0,0
5350312.07,2019,0,0
5350312.07,2020,0,0
5350312.07,2021,0,0
5350312.07,2022,0,0
5350312.07,2023,0,
5350312.07,2024,0,
5350313.00,2018,0,0
5350313.00,2019,2,0
5350313.00,2020,0,1
5350313.00,2021,1,0
5350313.00,2022,0,1
5350313.00,2023,0,
5350313.00,2024,0,
5350314.01,2018,0,641
5350314.01,2019,0,0
5350314.01,2020,514,0
5350314.01,2021,0,0
5350314.01,2022,0,0
5350314.01,2023,0,
5350314.01,2024,0,
5350314.02,2018,1,0
5350314.02,2019,0,1
5350314.02,2020,0,0
5350314.02,2021,0,0
5350314.02,2022,0,0
5350314.02,2023,0,
5350314.02,2024,0,
5350315.01,2018,4,3
5350315.01,2019,0,2
5350315.01,2020,3,1
5350315.01,2021,41,0
5350315.01,2022,5,22
5350315.01,2023,0,
5350315.01,2024,0,
5350315.02,2018,0,0
5350315.02,2019,0,0
5350315.02,2020,0,0
5350315.02,2021,0,0
5350315.02,2022,0,0
5350315.02,2023,0,
5350315.02,2024,0,
5350315.03,2018,0,0
5350315.03,2019,0,0
5350315.03,2020,0,0
5350315.03,2021,0,0
5350315.03,2022,14,0
5350315.03,2023,28,
5350315.03,2024,4,
5350316.01,2018,0,0
5350316.01,2019,0,0
5350316.01,2020,0,0
5350316.01,2021,0,0
5350316.01,2022,0,0
5350316.01,2023,0,
5350316.01,2024,0,
5350316.03,2018,0,0
5350316.03,2019,0,0
5350316.03,2020,0,0
5350316.03,2021,0,0
5350316.03,2022,0,0
5350316.03,2023,0,
5350316.03,2024,0,
5350316.04,2018,0,0
5350316.04,2019,0,0
5350316.04,2020,0,0
5350316.04,2021,0,0
5350316.04,2022,0,0
5350316.04,2023,0,
5350316.04,2024,0,
5350316.05,2018,0,0
5350316.05,2019,0,0
5350316.05,2020,0,0
5350316.05,2021,0,0
5350316.05,2022,0,0
5350316.05,2023,0,
5350316.05,2024,1,
5350316.06,2018,0,0
5350316.06,2019,0,0
5350316.06,2020,0,0
5350316.06,2021,0,0
5350316.06,2022,0,0
5350316.06,2023,0,
5350316.06,2024,0,
5350317.02,2018,0,0
5350317.02,2019,0,0
5350317.02,2020,0,0
5350317.02,2021,0,0
5350317.02,2022,0,0
5350317.02,2023,0,
5350317.02,2024,0,
5350317.03,2018,0,1
5350317.03,2019,0,0
5350317.03,2020,0,0
5350317.03,2021,0,0
5350317.03,2022,1,0
5350317.03,2023,0,
5350317.03,2024,0,
5350317.04,2018,0,0
5350317.04,2019,0,0
5350317.04,2020,0,0
5350317.04,2021,0,0
5350317.04,2022,0,0
5350317.04,2023,0,
5350317.04,2024,0,
5350317.05,2018,0,0
5350317.05,2019,0,0
5350317.05,2020,0,0
5350317.05,2021,0,0
5350317.05,2022,0,0
5350317.05,2023,0,
5350317.05,2024,0,
5350318.01,2023,1,
5350318.01,2024,6,
5350318.02,2023,408,
5350318.02,2024,0,
5350319.00,2018,12,17
5350319.00,2019,9,9
5350319.00,2020,1,6
5350319.00,2021,13,5
5350319.00,2022,7,6
5350319.00,2023,0,
5350319.00,2024,7,
5350320.01,2018,2,1
5350320.01,2019,0,1
5350320.01,2020,26,1
5350320.01,2021,0,17
5350320.01,2022,0,9
5350320.01,2023,2,
5350320.01,2024,0,
5350320.02,2018,4,0
5350320.02,2019,1,5
5350320.02,2020,0,0
5350320.02,2021,0,1
5350320.02,2022,0,0
5350320.02,2023,0,
5350320.02,2024,0,
5350321.01,2018,8,7
5350321.01,2019,6,12
5350321.01,2020,3,6
5350321.01,2021,6,3
5350321.01,2022,5,4
5350321.01,2023,8,
5350321.01,2024,7,
5350321.02,2018,10,9
5350321.02,2019,11,12
5350321.02,2020,6,5
5350321.02,2021,14,10
5350321.02,2022,16,3
5350321.02,2023,7,
5350321.02,2024,5,
5350322.01,2018,0,0
5350322.01,2019,0,0
5350322.01,2020,810,0
5350322.01,2021,0,0
5350322.01,2022,0,0
5350322.01,2023,0,
5350322.01,2024,0,
5350322.02,2018,16,13
5350322.02,2019,3,5
5350322.02,2020,32,4
5350322.02,2021,2,4
5350322.02,2022,3,31
5350322.02,2023,4,
5350322.02,2024,2,
5350323.01,2018,153,1
5350323.01,2019,0,153
5350323.01,2020,0,0
5350323.01,2021,0,0
5350323.01,2022,2,1
5350323.01,2023,0,
5350323.01,2024,0,
5350323.02,2018,1,46
5350323.02,2019,11,0
5350323.02,2020,2,0
5350323.02,2021,0,11
5350323.02,2022,0,2
5350323.02,2023,0,
5350323.02,2024,0,
5350324.01,2018,0,0
5350324.01,2019,0,0
5350324.01,2020,0,0
5350324.01,2021,1,0
5350324.01,2022,0,0
5350324.01,2023,0,
5350324.01,2024,0,
5350324.02,2018,3,21
5350324.02,2019,1,6
5350324.02,2020,0,0
5350324.02,2021,2,1
5350324.02,2022,3,0
5350324.02,2023,1,
5350324.02,2024,0,
5350324.03,2018,0,0
5350324.03,2019,0,0
5350324.03,2020,0,0
5350324.03,2021,0,0
5350324.03,2022,0,0
5350324.03,2023,0,
5350324.03,2024,0,
5350324.05,2018,0,1
5350324.05,2019,0,0
5350324.05,2020,3,0
5350324.05,2021,0,3
5350324.05,2022,0,0
5350324.05,2023,0,
5350324.05,2024,0,
5350324.06,2018,0,0
5350324.06,2019,0,0
5350324.06,2020,0,0
5350324.06,2021,0,0
5350324.06,2022,0,0
5350324.06,2023,0,
5350324.06,2024,0,
5350330.00,2018,4,1
5350330.00,2019,21,2
5350330.00,2020,1,0
5350330.00,2021,1,22
5350330.00,2022,0,3
5350330.00,2023,1,
5350330.00,2024,0,
5350331.01,2018,2,1
5350331.01,2019,0,1
5350331.01,2020,0,1
5350331.01,2021,0,0
5350331.01,2022,0,0
5350331.01,2023,2,
5350331.01,2024,0,
5350331.03,2018,3,3
5350331.03,2019,0,0
5350331.03,2020,1,1
5350331.03,2021,0,3
5350331.03,2022,0,0
5350331.03,2023,0,
5350331.03,2024,0,
5350331.04,2018,114,0
5350331.04,2019,1,1
5350331.04,2020,1,112
5350331.04,2021,1,4
5350331.04,2022,2,1
5350331.04,2023,1,
5350331.04,2024,1,
5350332.00,2018,4,0
5350332.00,2019,3,1
5350332.00,2020,1,3
5350332.00,2021,1,2
5350332.00,2022,3,1
5350332.00,2023,0,
5350332.00,2024,1,
5350333.00,2018,8,153
5350333.00,2019,7,7
5350333.00,2020,3,2
5350333.00,2021,12,4
5350333.00,2022,8,9
5350333.00,2023,10,
5350333.00,2024,5,
5350334.00,2018,205,17
5350334.00,2019,13,8
5350334.00,2020,8,20
5350334.00,2021,9,195
5350334.00,2022,5,8
5350334.00,2023,8,
5350334.00,2024,8,
5350335.00,2018,4,2
5350335.00,2019,5,5
5350335.00,2020,2,4
5350335.00,2021,50,3
5350335.00,2022,4,3
5350335.00,2023,4,
5350335.00,2024,5,
5350336.00,2018,17,13
5350336.00,2019,22,17
5350336.00,2020,9,15
5350336.00,2021,14,10
5350336.00,2022,4,10
5350336.00,2023,23,
5350336.00,2024,9,
5350337.01,2018,3,0
5350337.01,2019,4,3
5350337.01,2020,0,4
5350337.01,2021,2,0
5350337.01,2022,0,2
5350337.01,2023,41,
5350337.01,2024,4,
5350337.02,2018,3,258
5350337.02,2019,1,3
5350337.02,2020,0,3
5350337.02,2021,182,0
5350337.02,2022,0,0
5350337.02,2023,0,
5350337.02,2024,0,
5350338.00,2018,47,7
5350338.00,2019,9,97
5350338.00,2020,6,8
5350338.00,2021,6,43
5350338.00,2022,8,7
5350338.00,2023,205,
5350338.00,2024,6,
5350339.00,2018,10,9
5350339.00,2019,10,10
5350339.00,2020,4,9
5350339.00,2021,59,6
5350339.00,2022,71,2
5350339.00,2023,4,
5350339.00,2024,67,
5350340.00,2018,20,14
5350340.00,2019,20,22
5350340.00,2020,14,15
5350340.00,2021,13,11
5350340.00,2022,9,15
5350340.00,2023,9,
5350340.00,2024,9,
5350341.02,2018,5,7
5350341.02,2019,16,3
5350341.02,2020,122,7
5350341.02,2021,59,72
5350341.02,2022,3,6
5350341.02,2023,5,
5350341.02,2024,10,
5350341.03,2018,0,0
5350341.03,2019,0,0
5350341.03,2020,0,0
5350341.03,2021,0,0
5350341.03,2022,0,0
5350341.03,2023,0,
5350341.03,2024,0,
5350341.04,2018,6,2
5350341.04,2019,8,7
5350341.04,2020,2,3
5350341.04,2021,4,5
5350341.04,2022,4,4
5350341.04,2023,5,
5350341.04,2024,1,
5350342.00,2018,0,2
5350342.00,2019,0,0
5350342.00,2020,0,0
5350342.00,2021,0,0
5350342.00,2022,3,0
5350342.00,2023,0,
5350342.00,2024,0,
5350343.00,2018,6,2
5350343.00,2019,4,3
5350343.00,2020,0,1
5350343.00,2021,4,3
5350343.00,2022,8,5
5350343.00,2023,8,
5350343.00,2024,4,
5350344.01,2018,11,0
5350344.01,2019,2,7
5350344.01,2020,2,4
5350344.01,2021,3,3
5350344.01,2022,7,2
5350344.01,2023,1,
5350344.01,2024,4,
5350344.02,2018,0,0
5350344.02,2019,0,0
5350344.02,2020,0,0
5350344.02,2021,0,0
5350344.02,2022,0,0
5350344.02,2023,0,
5350344.02,2024,0,
5350345.00,2018,11,5
5350345.00,2019,8,11
5350345.00,2020,0,4
5350345.00,2021,3,2
5350345.00,2022,5,5
5350345.00,2023,3,
5350345.00,2024,2,
5350346.01,2018,0,0
5350346.01,2019,1,0
5350346.01,2020,0,1
5350346.01,2021,0,0
5350346.01,2022,1,0
5350346.01,2023,0,
5350346.01,2024,0,
5350346.02,2018,0,0
5350346.02,2019,0,0
5350346.02,2020,0,0
5350346.02,2021,0,0
5350346.02,2022,0,0
5350346.02,2023,0,
5350346.02,2024,0,
5350347.00,2018,166,0
5350347.00,2019,100,266
5350347.00,2020,0,0
5350347.00,2021,0,0
5350347.00,2022,0,0
5350347.00,2023,214,
5350347.00,2024,18,
5350348.00,2018,5,0
5350348.00,2019,2,4
5350348.00,2020,0,3
5350348.00,2021,2,1
5350348.00,2022,2,2
5350348.00,2023,3,
5350348.00,2024,0,
5350349.00,2018,0,0
5350349.00,2019,2,1
5350349.00,2020,2,2
5350349.00,2021,0,0
5350349.00,2022,0,2
5350349.00,2023,1,
5350349.00,2024,1,
5350350.00,2018,0,3
5350350.00,2019,2,0
5350350.00,2020,31,1
5350350.00,2021,223,23
5350350.00,2022,2,7
5350350.00,2023,4,
5350350.00,2024,1,
5350351.01,2018,2,0
5350351.01,2019,1,1
5350351.01,2020,0,2
5350351.01,2021,0,0
5350351.01,2022,2,0
5350351.01,2023,1,
5350351.01,2024,1,
5350351.02,2018,0,0
5350351.02,2019,0,0
5350351.02,2020,0,0
5350351.02,2021,0,0
5350351.02,2022,0,0
5350351.02,2023,0,
5350351.02,2024,0,
5350352.00,2018,1,0
5350352.00,2019,0,2
5350352.00,2020,0,0
5350352.00,2021,21,21
5350352.00,2022,1,0
5350352.00,2023,2,
5350352.00,2024,2,
5350353.02,2018,1,1
5350353.02,2019,0,1
5350353.02,2020,1,0
5350353.02,2021,0,1
5350353.02,2022,5,0
5350353.02,2023,1,
5350353.02,2024,2,
5350353.03,2018,0,0
5350353.03,2019,0,0
5350353.03,2020,0,0
5350353.03,2021,0,0
5350353.03,2022,0,0
5350353.03,2023,2,
5350353.03,2024,0,
5350353.04,2018,0,0
5350353.04,2019,0,0
5350353.04,2020,0,0
5350353.04,2021,0,0
5350353.04,2022,0,0
5350353.04,2023,0,
5350353.04,2024,1,
5350354.00,2018,0,0
5350354.00,2019,0,0
5350354.00,2020,1,0
5350354.00,2021,2,0
5350354.00,2022,0,3
5350354.00,2023,2,
5350354.00,2024,0,
5350355.02,2018,1,1
5350355.02,2019,3,1
5350355.02,2020,4,2
5350355.02,2021,0,3
5350355.02,2022,3,2
5350355.02,2023,0,
5350355.02,2024,2,
5350355.04,2018,0,0
5350355.04,2019,0,0
5350355.04,2020,0,0
5350355.04,2021,0,0
5350355.04,2022,182,0
5350355.04,2023,0,
5350355.04,2024,0,
5350355.05,2018,0,0
5350355.05,2019,0,0
5350355.05,2020,0,0
5350355.05,2021,0,0
5350355.05,2022,0,0
5350355.05,2023,0,
5350355.05,2024,0,
5350355.06,2018,0,0
5350355.06,2019,0,0
5350355.06,2020,0,0
5350355.06,2021,0,0
5350355.06,2022,0,0
5350355.06,2023,0,
5350355.06,2024,1,
5350356.00,2018,0,0
5350356.00,2019,0,0
5350356.00,2020,0,0
5350356.00,2021,0,0
5350356.00,2022,2,0
5350356.00,2023,0,
5350356.00,2024,4,
5350357.01,2018,0,0
5350357.01,2019,0,0
5350357.01,2020,0,0
5350357.01,2021,2,0
5350357.01,2022,0,1
5350357.01,2023,1,
5350357.01,2024,0,
5350357.02,2018,1,0
5350357.02,2019,0,0
5350357.02,2020,1,2
5350357.02,2021,0,0
5350357.02,2022,0,0
5350357.02,2023,0,
5350357.02,2024,0,
5350358.01,2018,1,2
5350358.01,2019,0,1
5350358.01,2020,1,0
5350358.01,2021,2,1
5350358.01,2022,1,2
5350358.01,2023,0,
5350358.01,2024,2,
5350358.02,2018,0,54
5350358.02,2019,5,1
5350358.02,2020,0,1
5350358.02,2021,0,4
5350358.02,2022,1,1
5350358.02,2023,0,
5350358.02,2024,0,
5350358.03,2018,1,2
5350358.03,2019,1,1
5350358.03,2020,1,1
5350358.03,2021,0,1
5350358.03,2022,0,0
5350358.03,2023,0,
5350358.03,2024,1,
5350359.00,2018,162,4
5350359.00,2019,2,0
5350359.00,2020,7,1
5350359.00,2021,19,165
5350359.00,2022,3,3
5350359.00,2023,108,
5350359.00,2024,1,
5350360.00,2018,9,5
5350360.00,2019,10,4
5350360.00,2020,1,4
5350360.00,2021,1,11
5350360.00,2022,5,0
5350360.00,2023,3,
5350360.00,2024,0,
5350361.01,2018,1,22
5350361.01,2019,1,4
5350361.01,2020,2,3
5350361.01,2021,3,1
5350361.01,2022,9,0
5350361.01,2023,2,
5350361.01,2024,540,
5350361.02,2018,3,0
5350361.02,2019,2,2
5350361.02,2020,2,0
5350361.02,2021,2,4
5350361.02,2022,0,2
5350361.02,2023,1,
5350361.02,2024,0,
5350362.01,2018,8,6
5350362.01,2019,0,2
5350362.01,2020,0,1
5350362.01,2021,0,0
5350362.01,2022,1,0
5350362.01,2023,0,
5350362.01,2024,2,
5350362.02,2018,29,7
5350362.02,2019,12,23
5350362.02,2020,11,12
5350362.02,2021,4,12
5350362.02,2022,18,17
5350362.02,2023,11,
5350362.02,2024,3,
5350362.03,2018,3,13
5350362.03,2019,1,1
5350362.03,2020,3,4
5350362.03,2021,1,4
5350362.03,2022,2,0
5350362.03,2023,5,
5350362.03,2024,2,
5350362.04,2018,144,0
5350362.04,2019,0,0
5350362.04,2020,0,144
5350362.04,2021,0,0
5350362.04,2022,16,0
5350362.04,2023,3,
5350362.04,2024,0,
5350363.02,2018,0,0
5350363.02,2019,0,0
5350363.02,2020,1,0
5350363.02,2021,0,0
5350363.02,2022,0,0
5350363.02,2023,0,
5350363.02,2024,0,
5350363.04,2018,0,0
5350363.04,2019,0,0
5350363.04,2020,0,0
5350363.04,2021,0,0
5350363.04,2022,0,0
5350363.04,2023,0,
5350363.04,2024,0,
5350363.05,2018,0,0
5350363.05,2019,0,0
5350363.05,2020,0,0
5350363.05,2021,0,0
5350363.05,2022,0,0
5350363.05,2023,0,
5350363.05,2024,246,
5350363.06,2018,0,0
5350363.06,2019,0,0
5350363.06,2020,0,0
5350363.06,2021,0,0
5350363.06,2022,0,0
5350363.06,2023,0,
5350363.06,2024,0,
5350363.07,2018,0,0
5350363.07,2019,0,0
5350363.07,2020,0,0
5350363.07,2021,0,0
5350363.07,2022,0,0
5350363.07,2023,1,
5350363.07,2024,0,
5350364.01,2018,0,0
5350364.01,2019,1,0
5350364.01,2020,0,0
5350364.01,2021,0,0
5350364.01,2022,1,0
5350364.01,2023,0,
5350364.01,2024,0,
5350364.02,2018,1,0
5350364.02,2019,0,1
5350364.02,2020,0,0
5350364.02,2021,0,0
5350364.02,2022,0,0
5350364.02,2023,0,
5350364.02,2024,0,
5350365.00,2018,0,1
5350365.00,2019,0,473
5350365.00,2020,2,0
5350365.00,2021,328,1
5350365.00,2022,291,148
5350365.00,2023,2,
5350365.00,2024,331,
5350366.00,2018,1,0
5350366.00,2019,0,1
5350366.00,2020,0,0
5350366.00,2021,0,0
5350366.00,2022,1,0
5350366.00,2023,2,
5350366.00,2024,0,
5350367.01,2018,0,0
5350367.01,2019,0,0
5350367.01,2020,0,0
5350367.01,2021,0,0
5350367.01,2022,0,0
5350367.01,2023,0,
5350367.01,2024,0,
5350367.02,2018,1,0
5350367.02,2019,0,0
5350367.02,2020,0,1
5350367.02,2021,1,0
5350367.02,2022,0,0
5350367.02,2023,0,
5350367.02,2024,0,
5350368.01,2018,0,0
5350368.01,2019,0,0
5350368.01,2020,0,0
5350368.01,2021,0,0
5350368.01,2022,0,0
5350368.01,2023,0,
5350368.01,2024,0,
5350368.02,2018,0,0
5350368.02,2019,0,0
5350368.02,2020,0,0
5350368.02,2021,0,0
5350368.02,2022,1,0
5350368.02,2023,1,
5350368.02,2024,0,
5350369.00,2018,0,0
5350369.00,2019,1,0
5350369.00,2020,0,0
5350369.00,2021,0,0
5350369.00,2022,345,0
5350369.00,2023,16,
5350369.00,2024,100,
5350370.01,2018,0,0
5350370.01,2019,0,0
5350370.01,2020,21,0
5350370.01,2021,0,21
5350370.01,2022,0,0
5350370.01,2023,57,
5350370.01,2024,0,
5350370.02,2018,2,1
5350370.02,2019,67,69
5350370.02,2020,0,0
5350370.02,2021,0,0
5350370.02,2022,1,0
5350370.02,2023,0,
5350370.02,2024,19,
5350370.03,2018,8,0
5350370.03,2019,0,8
5350370.03,2020,1,0
5350370.03,2021,0,0
5350370.03,2022,0,1
5350370.03,2023,0,
5350370.03,2024,1,
5350371.00,2018,158,5
5350371.00,2019,6,360
5350371.00,2020,3,5
5350371.00,2021,3,5
5350371.00,2022,4,0
5350371.00,2023,1,
5350371.00,2024,5,
5350372.00,2018,2,0
5350372.00,2019,3,2
5350372.00,2020,54,1
5350372.00,2021,1,1
5350372.00,2022,3,2
5350372.00,2023,1,
5350372.00,2024,1,
5350373.00,2018,1,1
5350373.00,2019,3,2
5350373.00,2020,0,2
5350373.00,2021,2,0
5350373.00,2022,1,1
5350373.00,2023,0,
5350373.00,2024,0,
5350374.01,2018,275,1
5350374.01,2019,1,0
5350374.01,2020,0,0
5350374.01,2021,1,276
5350374.01,2022,1,0
5350374.01,2023,0,
5350374.01,2024,0,
5350374.02,2018,2,0
5350374.02,2019,0,0
5350374.02,2020,0,1
5350374.02,2021,0,0
5350374.02,2022,0,0
5350374.02,2023,276,
5350374.02,2024,78,
5350374.03,2018,2,0
5350374.03,2019,1,0
5350374.03,2020,0,1
5350374.03,2021,2,1
5350374.03,2022,0,1
5350374.03,2023,1,
5350374.03,2024,1,
5350375.01,2018,4,1
5350375.01,2019,0,0
5350375.01,2020,0,4
5350375.01,2021,2,1
5350375.01,2022,0,0
5350375.01,2023,0,
5350375.01,2024,0,
5350375.02,2018,0,1
5350375.02,2019,234,0
5350375.02,2020,1,1
5350375.02,2021,2,0
5350375.02,2022,0,235
5350375.02,2023,774,
5350375.02,2024,0,
5350375.03,2018,0,0
5350375.03,2019,0,0
5350375.03,2020,0,0
5350375.03,2021,0,0
5350375.03,2022,0,0
5350375.03,2023,0,
5350375.03,2024,0,
5350375.04,2018,0,260
5350375.04,2019,21,21
5350375.04,2020,0,0
5350375.04,2021,0,0
5350375.04,2022,0,0
5350375.04,2023,0,
5350375.04,2024,0,
5350375.05,2018,1,0
5350375.05,2019,0,0
5350375.05,2020,0,1
5350375.05,2021,0,0
5350375.05,2022,0,0
5350375.05,2023,0,
5350375.05,2024,0,
5350376.01,2018,6,2
5350376.01,2019,2,1
5350376.01,2020,6,5
5350376.01,2021,2,8
5350376.01,2022,1,2
5350376.01,2023,0,
5350376.01,2024,3,
5350376.02,2018,0,0
5350376.02,2019,0,0
5350376.02,2020,1,0
5350376.02,2021,0,0
5350376.02,2022,0,0
5350376.02,2023,0,
5350376.02,2024,0,
5350376.04,2018,0,0
5350376.04,2019,177,0
5350376.04,2020,0,177
5350376.04,2021,0,0
5350376.04,2022,0,0
5350376.04,2023,0,
5350376.04,2024,0,
5350376.05,2018,0,0
5350376.05,2019,0,0
5350376.05,2020,0,0
5350376.05,2021,0,0
5350376.05,2022,0,0
5350376.05,2023,0,
5350376.05,2024,0,
5350376.06,2018,0,0
5350376.06,2019,0,0
5350376.06,2020,0,0
5350376.06,2021,0,0
5350376.06,2022,0,0
5350376.06,2023,0,
5350376.06,2024,0,
5350376.08,2018,60,0
5350376.08,2019,0,0
5350376.08,2020,0,60
5350376.08,2021,1,0
5350376.08,2022,0,1
5350376.08,2023,0,
5350376.08,2024,0,
5350376.09,2018,0,0
5350376.09,2019,0,0
5350376.09,2020,0,0
5350376.09,2021,0,0
5350376.09,2022,0,0
5350376.09,2023,0,
5350376.09,2024,0,
5350376.11,2018,0,0
5350376.11,2019,0,0
5350376.11,2020,0,0
5350376.11,2021,0,0
5350376.11,2022,444,0
5350376.11,2023,0,
5350376.11,2024,0,
5350376.12,2018,0,0
5350376.12,2019,0,0
5350376.12,2020,0,0
5350376.12,2021,0,0
5350376.12,2022,0,0
5350376.12,2023,0,
5350376.12,2024,81,
5350376.13,2018,0,0
5350376.13,2019,0,0
5350376.13,2020,0,0
5350376.13,2021,0,0
5350376.13,2022,0,0
5350376.13,2023,0,
5350376.13,2024,0,
5350376.14,2018,0,0
5350376.14,2019,0,0
5350376.14,2020,0,0
5350376.14,2021,0,0
5350376.14,2022,0,0
5350376.14,2023,1,
5350376.14,2024,0,
5350376.15,2018,0,301
5350376.15,2019,0,1
5350376.15,2020,0,1
5350376.15,2021,0,0
5350376.15,2022,0,0
5350376.15,2023,0,
5350376.15,2024,0,
5350376.16,2018,0,0
5350376.16,2019,0,0
5350376.16,2020,0,0
5350376.16,2021,0,0
5350376.16,2022,0,0
5350376.16,2023,0,
5350376.16,2024,0,
5350377.02,2018,3,6
5350377.02,2019,1,2
5350377.02,2020,1,2
5350377.02,2021,0,3
5350377.02,2022,3,1
5350377.02,2023,4,
5350377.02,2024,4,
5350377.03,2018,0,0
5350377.03,2019,0,0
5350377.03,2020,0,0
5350377.03,2021,1,0
5350377.03,2022,0,1
5350377.03,2023,0,
5350377.03,2024,0,
5350377.04,2018,0,0
5350377.04,2019,0,0
5350377.04,2020,0,0
5350377.04,2021,0,0
5350377.04,2022,0,0
5350377.04,2023,0,
5350377.04,2024,0,
5350377.06,2018,0,0
5350377.06,2019,1,0
5350377.06,2020,0,0
5350377.06,2021,0,1
5350377.06,2022,0,0
5350377.06,2023,0,
5350377.06,2024,0,
5350377.07,2018,0,0
5350377.07,2019,0,0
5350377.07,2020,0,0
5350377.07,2021,1,0
5350377.07,2022,0,1
5350377.07,2023,0,
5350377.07,2024,0,
5350377.08,2023,1,
5350377.08,2024,0,
5350377.09,2023,0,
5350377.09,2024,0,
5350378.02,2018,0,0
5350378.02,2019,0,1
5350378.02,2020,0,0
5350378.02,2021,0,0
5350378.02,2022,1,0
5350378.02,2023,0,
5350378.02,2024,1,
5350378.03,2018,78,0
5350378.03,2019,0,0
5350378.03,2020,0,0
5350378.03,2021,0,78
5350378.03,2022,0,0
5350378.03,2023,0,
5350378.03,2024,0,
5350378.04,2018,250,0
5350378.04,2019,0,0
5350378.04,2020,0,0
5350378.04,2021,0,250
5350378.04,2022,0,0
5350378.04,2023,0,
5350378.04,2024,0,
5350378.05,2018,0,0
5350378.05,2019,0,0
5350378.05,2020,0,0
5350378.05,2021,0,0
5350378.05,2022,0,0
5350378.05,2023,0,
5350378.05,2024,0,
5350378.06,2018,0,0
5350378.06,2019,0,0
5350378.06,2020,0,0
5350378.06,2021,1,0
5350378.06,2022,0,1
5350378.06,2023,0,
5350378.06,2024,0,
5350378.07,2018,0,1
5350378.07,2019,0,0
5350378.07,2020,0,0
5350378.07,2021,0,0
5350378.07,2022,0,0
5350378.07,2023,0,
5350378.07,2024,0,
5350378.08,2018,0,0
5350378.08,2019,186,0
5350378.08,2020,0,0
5350378.08,2021,0,186
5350378.08,2022,0,0
5350378.08,2023,1,
5350378.08,2024,0,
5350378.11,2018,49,44
5350378.11,2019,0,0
5350378.11,2020,1,20
5350378.11,2021,0,1
5350378.11,2022,0,0
5350378.11,2023,231,
5350378.11,2024,102,
5350378.12,2018,0,66
5350378.12,2019,0,18
5350378.12,2020,0,0
5350378.12,2021,0,12
5350378.12,2022,0,0
5350378.12,2023,0,
5350378.12,2024,0,
5350378.14,2018,0,0
5350378.14,2019,0,0
5350378.14,2020,0,0
5350378.14,2021,0,0
5350378.14,2022,0,0
5350378.14,2023,0,
5350378.14,2024,0,
5350378.16,2018,0,0
5350378.16,2019,0,0
5350378.16,2020,0,0
5350378.16,2021,0,0
5350378.16,2022,0,0
5350378.16,2023,0,
5350378.16,2024,0,
5350378.17,2018,0,0
5350378.17,2019,0,0
5350378.17,2020,0,0
5350378.17,2021,0,0
5350378.17,2022,0,0
5350378.17,2023,0,
5350378.17,2024,0,
5350378.18,2018,0,0
5350378.18,2019,0,0
5350378.18,2020,0,0
5350378.18,2021,0,0
5350378.18,2022,0,0
5350378.18,2023,0,
5350378.18,2024,0,
5350378.19,2018,0,0
5350378.19,2019,0,0
5350378.19,2020,0,0
5350378.19,2021,0,0
5350378.19,2022,0,0
5350378.19,2023,0,
5350378.19,2024,0,
5350378.20,2018,0,0
5350378.20,2019,0,0
5350378.20,2020,0,0
5350378.20,2021,0,0
5350378.20,2022,0,0
5350378.20,2023,0,
5350378.20,2024,0,
5350378.21,2018,0,0
5350378.21,2019,0,0
5350378.21,2020,0,0
5350378.21,2021,0,1
5350378.21,2022,0,0
5350378.21,2023,0,
5350378.21,2024,0,
5350378.22,2018,0,0
5350378.22,2019,0,0
5350378.22,2020,0,0
5350378.22,2021,0,0
5350378.22,2022,0,0
5350378.22,2023,0,
5350378.22,2024,0,
5350378.23,2018,1,0
5350378.23,2019,0,0
5350378.23,2020,0,1
5350378.23,2021,0,0
5350378.23,2022,0,0
5350378.23,2023,0,
5350378.23,2024,0,
5350378.24,2018,0,0
5350378.24,2019,1,0
5350378.24,2020,0,0
5350378.24,2021,0,1
5350378.24,2022,0,0
5350378.24,2023,0,
5350378.24,2024,0,
5350378.25,2018,0,0
5350378.25,2019,0,0
5350378.25,2020,0,0
5350378.25,2021,0,0
5350378.25,2022,0,0
5350378.25,2023,0,
5350378.25,2024,0,
5350378.26,2018,0,23
5350378.26,2019,0,0
5350378.26,2020,0,0
5350378.26,2021,0,0
5350378.26,2022,0,0
5350378.26,2023,0,
5350378.26,2024,0,
5350378.27,2018,0,0
5350378.27,2019,0,0
5350378.27,2020,0,0
5350378.27,2021,0,0
5350378.27,2022,0,0
5350378.27,2023,0,
5350378.27,2024,0,
5350378.28,2018,0,0
5350378.28,2019,0,0
5350378.28,2020,1,0
5350378.28,2021,0,1
5350378.28,2022,0,0
5350378.28,2023,0,
5350378.28,2024,0,
5350400.02,2018,3,10
5350400.02,2019,1,172
5350400.02,2020,2,5
5350400.02,2021,3,3
5350400.02,2022,56,1
5350400.02,2023,5,
5350400.02,2024,3,
5350400.03,2018,0,0
5350400.03,2019,4,0
5350400.03,2020,0,5
5350400.03,2021,0,0
5350400.03,2022,1,0
5350400.03,2023,3,
5350400.03,2024,1,
5350400.04,2018,0,4
5350400.04,2019,1,4
5350400.04,2020,2,0
5350400.04,2021,1,2
5350400.04,2022,2,0
5350400.04,2023,5,
5350400.04,2024,3,
5350400.06,2018,1,2
5350400.06,2019,1,0
5350400.06,2020,2,0
5350400.06,2021,1,1
5350400.06,2022,0,2
5350400.06,2023,1,
5350400.06,2024,0,
5350400.07,2018,27,6
5350400.07,2019,2,14
5350400.07,2020,9,14
5350400.07,2021,5,8
5350400.07,2022,4,3
5350400.07,2023,6,
5350400.07,2024,5,
5350400.08,2018,8,15
5350400.08,2019,41,4
5350400.08,2020,4,38
5350400.08,2021,5,9
5350400.08,2022,63,1
5350400.08,2023,5,
5350400.08,2024,1,
5350400.11,2018,0,0
5350400.11,2019,0,0
5350400.11,2020,0,0
5350400.11,2021,0,0
5350400.11,2022,0,0
5350400.11,2023,0,
5350400.11,2024,0,
5350400.12,2018,0,0
5350400.12,2019,0,0
5350400.12,2020,1,1
5350400.12,2021,0,0
5350400.12,2022,0,0
5350400.12,2023,0,
5350400.12,2024,0,
5350400.13,2018,0,0
5350400.13,2019,0,0
5350400.13,2020,0,0
5350400.13,2021,8,0
5350400.13,2022,371,12
5350400.13,2023,99,
5350400.13,2024,1,
5350400.14,2018,0,0
5350400.14,2019,0,0
5350400.14,2020,0,0
5350400.14,2021,0,0
5350400.14,2022,0,0
5350400.14,2023,0,
5350400.14,2024,85,
5350400.15,2018,3,2
5350400.15,2019,1,2
5350400.15,2020,2,0
5350400.15,2021,1,3
5350400.15,2022,2,0
5350400.15,2023,1,
5350400.15,2024,14,
5350400.16,2018,2,2
5350400.16,2019,0,2
5350400.16,2020,0,1
5350400.16,2021,0,1
5350400.16,2022,0,0
5350400.16,2023,0,
5350400.16,2024,1,
5350400.17,2018,0,0
5350400.17,2019,0,0
5350400.17,2020,0,0
5350400.17,2021,0,0
5350400.17,2022,0,0
5350400.17,2023,0,
5350400.17,2024,0,
5350400.18,2018,0,0
5350400.18,2019,0,0
5350400.18,2020,0,0
5350400.18,2021,0,0
5350400.18,2022,0,0
5350400.18,2023,0,
5350400.18,2024,0,
5350400.19,2018,143,142
5350400.19,2019,0,37
5350400.19,2020,73,167
5350400.19,2021,72,0
5350400.19,2022,0,0
5350400.19,2023,20,
5350400.19,2024,45,
5350400.20,2018,16,88
5350400.20,2019,23,23
5350400.20,2020,29,28
5350400.20,2021,146,46
5350400.20,2022,61,89
5350400.20,2023,11,
5350400.20,2024,2,
5350400.21,2018,0,250
5350400.21,2019,0,20
5350400.21,2020,0,0
5350400.21,2021,1,0
5350400.21,2022,10,0
5350400.21,2023,67,
5350400.21,2024,12,
5350400.22,2018,2,156
5350400.22,2019,0,49
5350400.22,2020,24,15
5350400.22,2021,90,6
5350400.22,2022,137,14
5350400.22,2023,0,
5350400.22,2024,2,
5350400.23,2018,307,269
5350400.23,2019,2,234
5350400.23,2020,94,4
5350400.23,2021,95,94
5350400.23,2022,132,95
5350400.23,2023,0,
5350400.23,2024,35,
5350401.04,2018,0,0
5350401.04,2019,0,0
5350401.04,2020,0,0
5350401.04,2021,0,0
5350401.04,2022,0,0
5350401.04,2023,0,
5350401.04,2024,0,
5350401.05,2018,0,0
5350401.05,2019,0,0
5350401.05,2020,0,0
5350401.05,2021,0,0
5350401.05,2022,532,0
5350401.05,2023,0,
5350401.05,2024,0,
5350401.06,2018,543,698
5350401.06,2019,1,47
5350401.06,2020,1,516
5350401.06,2021,1041,12
5350401.06,2022,3,324
5350401.06,2023,4,
5350401.06,2024,0,
5350401.07,2018,20,122
5350401.07,2019,17,5
5350401.07,2020,270,8
5350401.07,2021,7,25
5350401.07,2022,8,2
5350401.07,2023,7,
5350401.07,2024,5,
5350401.08,2018,4,2
5350401.08,2019,0,2
5350401.08,2020,1,2
5350401.08,2021,0,0
5350401.08,2022,606,0
5350401.08,2023,0,
5350401.08,2024,0,
5350401.09,2018,38,0
5350401.09,2019,0,5
5350401.09,2020,0,17
5350401.09,2021,0,0
5350401.09,2022,44,0
5350401.09,2023,0,
5350401.09,2024,0,
5350401.10,2018,1,1
5350401.10,2019,2,0
5350401.10,2020,2,2
5350401.10,2021,34,1
5350401.10,2022,2,0
5350401.10,2023,0,
5350401.10,2024,3,
5350401.11,2018,0,0
5350401.11,2019,0,0
5350401.11,2020,0,0
5350401.11,2021,0,0
5350401.11,2022,0,0
5350401.11,2023,0,
5350401.11,2024,0,
5350401.13,2018,0,0
5350401.13,2019,0,0
5350401.13,2020,0,0
5350401.13,2021,0,0
5350401.13,2022,2,0
5350401.13,2023,1,
5350401.13,2024,0,
5350401.14,2018,0,119
5350401.14,2019,7,0
5350401.14,2020,1,0
5350401.14,2021,0,1
5350401.14,2022,0,1
5350401.14,2023,0,
5350401.14,2024,0,
5350401.15,2018,0,0
5350401.15,2019,0,0
5350401.15,2020,0,0
5350401.15,2021,0,0
5350401.15,2022,0,0
5350401.15,2023,0,
5350401.15,2024,0,
5350401.17,2018,7,0
5350401.17,2019,0,1
5350401.17,2020,0,7
5350401.17,2021,15,0
5350401.17,2022,0,0
5350401.17,2023,0,
5350401.17,2024,3,
5350401.18,2018,242,0
5350401.18,2019,0,0
5350401.18,2020,0,0
5350401.18,2021,0,549
5350401.18,2022,0,0
5350401.18,2023,0,
5350401.18,2024,903,
5350401.19,2018,0,0
5350401.19,2019,0,0
5350401.19,2020,0,0
5350401.19,2021,0,0
5350401.19,2022,0,0
5350401.19,2023,0,
5350401.19,2024,96,
5350401.20,2018,0,0
5350401.20,2019,0,0
5350401.20,2020,0,0
5350401.20,2021,0,0
5350401.20,2022,0,0
5350401.20,2023,0,
5350401.20,2024,0,
5350401.21,2018,0,0
5350401.21,2019,0,0
5350401.21,2020,0,0
5350401.21,2021,0,0
5350401.21,2022,0,0
5350401.21,2023,0,
5350401.21,2024,0,
5350401.22,2018,82,1
5350401.22,2019,5,15
5350401.22,2020,4,45
5350401.22,2021,4,8
5350401.22,2022,2,5
5350401.22,2023,1,
5350401.22,2024,0,
5350401.23,2018,4,0
5350401.23,2019,0,4
5350401.23,2020,0,0
5350401.23,2021,0,0
5350401.23,2022,4,0
5350401.23,2023,4,
5350401.23,2024,1,
5350402.01,2018,0,0
5350402.01,2019,0,0
5350402.01,2020,0,0
5350402.01,2021,0,0
5350402.01,2022,0,0
5350402.01,2023,0,
5350402.01,2024,0,
5350402.02,2018,204,8
5350402.02,2019,0,3
5350402.02,2020,6,3
5350402.02,2021,5,203
5350402.02,2022,1,3
5350402.02,2023,2,
5350402.02,2024,0,
5350402.03,2018,1,0
5350402.03,2019,0,0
5350402.03,2020,0,0
5350402.03,2021,2,1
5350402.03,2022,169,2
5350402.03,2023,0,
5350402.03,2024,0,
5350402.04,2018,3,6
5350402.04,2019,1,0
5350402.04,2020,0,1
5350402.04,2021,2,2
5350402.04,2022,2,2
5350402.04,2023,0,
5350402.04,2024,0,
5350402.05,2018,5,1
5350402.05,2019,3,2
5350402.05,2020,0,3
5350402.05,2021,6,6
5350402.05,2022,3,2
5350402.05,2023,3,
5350402.05,2024,2,
5350402.06,2018,6,17
5350402.06,2019,1,1
5350402.06,2020,4,2
5350402.06,2021,3,3
5350402.06,2022,2,4
5350402.06,2023,1,
5350402.06,2024,2,
5350402.07,2018,0,0
5350402.07,2019,0,0
5350402.07,2020,0,1
5350402.07,2021,0,0
5350402.07,2022,0,0
5350402.07,2023,0,
5350402.07,2024,0,
5350402.08,2018,1,0
5350402.08,2019,6,0
5350402.08,2020,0,7
5350402.08,2021,0,0
5350402.08,2022,1,0
5350402.08,2023,0,
5350402.08,2024,0,
5350402.09,2018,1,0
5350402.09,2019,1,2
5350402.09,2020,0,2
5350402.09,2021,0,0
5350402.09,2022,0,0
5350402.09,2023,3,
5350402.09,2024,1,
5350402.10,2018,32,72
5350402.10,2019,0,0
5350402.10,2020,0,0
5350402.10,2021,0,0
5350402.10,2022,2,0
5350402.10,2023,0,
5350402.10,2024,0,
5350402.12,2018,120,0
5350402.12,2019,14,103
5350402.12,2020,613,31
5350402.12,2021,0,0
5350402.12,2022,0,0
5350402.12,2023,0,
5350402.12,2024,0,
5350402.13,2018,0,0
5350402.13,2019,0,0
5350402.13,2020,0,0
5350402.13,2021,0,0
5350402.13,2022,0,0
5350402.13,2023,0,
5350402.13,2024,0,
5350403.01,2018,2,2
5350403.01,2019,0,0
5350403.01,2020,4,3
5350403.01,2021,2,4
5350403.01,2022,3,1
5350403.01,2023,3,
5350403.01,2024,0,
5350403.04,2018,0,0
5350403.04,2019,7,0
5350403.04,2020,2,9
5350403.04,2021,19,0
5350403.04,2022,46,0
5350403.04,2023,0,
5350403.04,2024,5,
5350403.05,2018,87,2
5350403.05,2019,47,0
5350403.05,2020,1,86
5350403.05,2021,73,22
5350403.05,2022,403,45
5350403.05,2023,158,
5350403.05,2024,128,
5350403.07,2018,1,54
5350403.07,2019,6,36
5350403.07,2020,0,1
5350403.07,2021,7,0
5350403.07,2022,0,7
5350403.07,2023,0,
5350403.07,2024,0,
5350403.09,2018,270,7
5350403.09,2019,18,327
5350403.09,2020,0,20
5350403.09,2021,0,0
5350403.09,2022,0,0
5350403.09,2023,1,
5350403.09,2024,0,
5350403.10,2018,0,220
5350403.10,2019,0,0
5350403.10,2020,14,14
5350403.10,2021,0,0
5350403.10,2022,0,0
5350403.10,2023,130,
5350403.10,2024,0,
5350403.11,2018,0,73
5350403.11,2019,0,0
5350403.11,2020,69,0
5350403.11,2021,267,95
5350403.11,2022,2,235
5350403.11,2023,0,
5350403.11,2024,0,
5350403.12,2018,0,6
5350403.12,2019,0,0
5350403.12,2020,111,0
5350403.12,2021,0,0
5350403.12,2022,0,111
5350403.12,2023,550,
5350403.12,2024,0,
5350403.13,2018,7,81
5350403.13,2019,0,0
5350403.13,2020,0,0
5350403.13,2021,0,0
5350403.13,2022,21,0
5350403.13,2023,0,
5350403.13,2024,0,
5350403.14,2018,123,3
5350403.14,2019,45,0
5350403.14,2020,26,92
5350403.14,2021,53,103
5350403.14,2022,0,45
5350403.14,2023,0,
5350403.14,2024,1,
5350403.15,2018,204,1
5350403.15,2019,14,32
5350403.15,2020,206,169
5350403.15,2021,0,83
5350403.15,2022,283,22
5350403.15,2023,43,
5350403.15,2024,463,
5350403.16,2018,0,23
5350403.16,2019,0,0
5350403.16,2020,0,1
5350403.16,2021,0,0
5350403.16,2022,1,0
5350403.16,2023,17,
5350403.16,2024,2,
5350410.02,2018,0,0
5350410.02,2019,13,0
5350410.02,2020,1,0
5350410.02,2021,1,3
5350410.02,2022,0,2
5350410.02,2023,17,
5350410.02,2024,0,
5350410.03,2018,4,6
5350410.03,2019,9,2
5350410.03,2020,1,1
5350410.03,2021,1,11
5350410.03,2022,0,3
5350410.03,2023,22,
5350410.03,2024,193,
5350410.04,2018,0,0
5350410.04,2019,52,0
5350410.04,2020,101,0
5350410.04,2021,0,153
5350410.04,2022,0,0
5350410.04,2023,0,
5350410.04,2024,0,
5350410.05,2018,3,6
5350410.05,2019,9,15
5350410.05,2020,2,9
5350410.05,2021,5,10
5350410.05,2022,288,3
5350410.05,2023,9,
5350410.05,2024,22,
5350410.07,2018,0,0
5350410.07,2019,0,0
5350410.07,2020,0,0
5350410.07,2021,0,0
5350410.07,2022,0,0
5350410.07,2023,0,
5350410.07,2024,0,
5350410.09,2018,5,9
5350410.09,2019,5,3
5350410.09,2020,2,3
5350410.09,2021,1,5
5350410.09,2022,6,2
5350410.09,2023,2,
5350410.09,2024,0,
5350410.10,2018,1,29
5350410.10,2019,0,1
5350410.10,2020,0,0
5350410.10,2021,0,0
5350410.10,2022,0,0
5350410.10,2023,0,
5350410.10,2024,0,
5350410.11,2018,0,0
5350410.11,2019,0,0
5350410.11,2020,0,0
5350410.11,2021,0,0
5350410.11,2022,0,0
5350410.11,2023,0,
5350410.11,2024,0,
5350410.12,2018,0,0
5350410.12,2019,0,0
5350410.12,2020,388,0
5350410.12,2021,1278,0
5350410.12,2022,257,0
5350410.12,2023,0,
5350410.12,2024,0,
5350410.13,2018,0,2
5350410.13,2019,62,0
5350410.13,2020,0,60
5350410.13,2021,0,1
5350410.13,2022,0,0
5350410.13,2023,1,
5350410.13,2024,0,
5350410.14,2018,0,0
5350410.14,2019,0,0
5350410.14,2020,0,0
5350410.14,2021,0,0
5350410.14,2022,0,0
5350410.14,2023,0,
5350410.14,2024,0,
5350410.15,2018,0,0
5350410.15,2019,0,0
5350410.15,2020,0,0
5350410.15,2021,0,0
5350410.15,2022,0,0
5350410.15,2023,0,
5350410.15,2024,0,
5350411.01,2018,0,0
5350411.01,2019,0,0
5350411.01,2020,0,0
5350411.01,2021,0,0
5350411.01,2022,0,0
5350411.01,2023,0,
5350411.01,2024,0,
5350411.04,2018,0,0
5350411.04,2019,15,0
5350411.04,2020,0,15
5350411.04,2021,0,0
5350411.04,2022,1,0
5350411.04,2023,0,
5350411.04,2024,0,
5350411.07,2018,6,3
5350411.07,2019,4,17
5350411.07,2020,1,41
5350411.07,2021,18,2
5350411.07,2022,13,5
5350411.07,2023,15,
5350411.07,2024,1,
5350411.08,2018,1445,0
5350411.08,2019,284,1
5350411.08,2020,587,1984
5350411.08,2021,3380,1719
5350411.08,2022,3134,23
5350411.08,2023,604,
5350411.08,2024,1037,
5350411.09,2018,0,0
5350411.09,2019,0,0
5350411.09,2020,0,0
5350411.09,2021,0,0
5350411.09,2022,0,0
5350411.09,2023,0,
5350411.09,2024,0,
5350411.12,2018,0,0
5350411.12,2019,0,0
5350411.12,2020,0,0
5350411.12,2021,0,0
5350411.12,2022,0,1
5350411.12,2023,0,
5350411.12,2024,0,
5350411.15,2018,0,1
5350411.15,2019,0,0
5350411.15,2020,32,0
5350411.15,2021,0,0
5350411.15,2022,0,12
5350411.15,2023,0,
5350411.15,2024,1,
5350411.16,2018,0,132
5350411.16,2019,300,1
5350411.16,2020,120,264
5350411.16,2021,1,3
5350411.16,2022,6,416
5350411.16,2023,1,
5350411.16,2024,3,
5350411.17,2018,77,113
5350411.17,2019,3,73
5350411.17,2020,8,27
5350411.17,2021,7,8
5350411.17,2022,1,20
5350411.17,2023,8,
5350411.17,2024,1,
5350411.18,2018,0,2
5350411.18,2019,0,0
5350411.18,2020,45,0
5350411.18,2021,0,24
5350411.18,2022,0,21
5350411.18,2023,30,
5350411.18,2024,32,
5350411.19,2018,0,192
5350411.19,2019,0,260
5350411.19,2020,50,0
5350411.19,2021,114,0
5350411.19,2022,0,24
5350411.19,2023,1,
5350411.19,2024,2,
5350411.21,2018,0,0
5350411.21,2019,0,0
5350411.21,2020,0,0
5350411.21,2021,0,0
5350411.21,2022,0,0
5350411.21,2023,0,
5350411.21,2024,0,
5350411.22,2018,0,0
5350411.22,2019,0,0
5350411.22,2020,0,0
5350411.22,2021,0,0
5350411.22,2022,0,0
5350411.22,2023,0,
5350411.22,2024,0,
5350411.23,2018,0,0
5350411.23,2019,42,0
5350411.23,2020,26,42
5350411.23,2021,0,0
5350411.23,2022,0,0
5350411.23,2023,0,
5350411.23,2024,0,
5350411.24,2018,0,0
5350411.24,2019,0,0
5350411.24,2020,0,0
5350411.24,2021,0,0
5350411.24,2022,0,0
5350411.24,2023,0,
5350411.24,2024,0,
5350411.25,2018,0,0
5350411.25,2019,0,0
5350411.25,2020,0,0
5350411.25,2021,0,0
5350411.25,2022,0,0
5350411.25,2023,0,
5350411.25,2024,0,
5350411.26,2018,0,0
5350411.26,2019,0,0
5350411.26,2020,0,0
5350411.26,2021,0,0
5350411.26,2022,0,0
5350411.26,2023,0,
5350411.26,2024,0,
5350411.27,2018,0,0
5350411.27,2019,0,0
5350411.27,2020,19,0
5350411.27,2021,0,0
5350411.27,2022,0,39
5350411.27,2023,0,
5350411.27,2024,0,
5350411.28,2018,0,0
5350411.28,2019,0,0
5350411.28,2020,0,0
5350411.28,2021,0,0
5350411.28,2022,0,0
5350411.28,2023,0,
5350411.28,2024,0,
5350411.29,2018,61,5
5350411.29,2019,0,16
5350411.29,2020,1,0
5350411.29,2021,0,0
5350411.29,2022,5,1
5350411.29,2023,8,
5350411.29,2024,9,
5350411.30,2018,0,2
5350411.30,2019,0,0
5350411.30,2020,0,0
5350411.30,2021,0,0
5350411.30,2022,0,0
5350411.30,2023,0,
5350411.30,2024,0,
5350412.01,2018,33,278
5350412.01,2019,1,62
5350412.01,2020,23,2
5350412.01,2021,0,23
5350412.01,2022,2,1
5350412.01,2023,2,
5350412.01,2024,646,
5350412.02,2018,250,59
5350412.02,2019,372,107
5350412.02,2020,45,366
5350412.02,2021,0,146
5350412.02,2022,8,0
5350412.02,2023,2,
5350412.02,2024,3,
5350412.04,2018,0,0
5350412.04,2019,0,0
5350412.04,2020,0,0
5350412.04,2021,0,0
5350412.04,2022,0,0
5350412.04,2023,0,
5350412.04,2024,0,
5350412.06,2018,0,0
5350412.06,2019,0,0
5350412.06,2020,0,0
5350412.06,2021,0,0
5350412.06,2022,0,0
5350412.06,2023,0,
5350412.06,2024,0,
5350412.08,2018,0,0
5350412.08,2019,0,0
5350412.08,2020,0,0
5350412.08,2021,0,0
5350412.08,2022,0,0
5350412.08,2023,0,
5350412.08,2024,0,
5350412.10,2018,0,0
5350412.10,2019,1,0
5350412.10,2020,0,0
5350412.10,2021,0,0
5350412.10,2022,0,0
5350412.10,2023,0,
5350412.10,2024,1,
5350412.11,2018,4,0
5350412.11,2019,0,1
5350412.11,2020,1,1
5350412.11,2021,6,0
5350412.11,2022,107,1
5350412.11,2023,6,
5350412.11,2024,69,
5350412.12,2018,0,0
5350412.12,2019,0,0
5350412.12,2020,0,0
5350412.12,2021,0,0
5350412.12,2022,0,0
5350412.12,2023,0,
5350412.12,2024,0,
5350412.13,2018,0,829
5350412.13,2019,0,0
5350412.13,2020,0,0
5350412.13,2021,0,0
5350412.13,2022,0,0
5350412.13,2023,0,
5350412.13,2024,0,
5350412.14,2018,0,0
5350412.14,2019,0,0
5350412.14,2020,0,0
5350412.14,2021,0,0
5350412.14,2022,0,0
5350412.14,2023,1,
5350412.14,2024,0,
5350412.15,2018,4,69
5350412.15,2019,38,74
5350412.15,2020,2,1
5350412.15,2021,7,4
5350412.15,2022,0,7
5350412.15,2023,3,
5350412.15,2024,1,
5350412.18,2018,5,5
5350412.18,2019,5,2
5350412.18,2020,0,1
5350412.18,2021,2,3
5350412.18,2022,0,0
5350412.18,2023,2,
5350412.18,2024,0,
5350412.19,2018,0,12
5350412.19,2019,0,0
5350412.19,2020,0,0
5350412.19,2021,105,0
5350412.19,2022,0,89
5350412.19,2023,0,
5350412.19,2024,0,
5350412.20,2018,0,14
5350412.20,2019,0,0
5350412.20,2020,0,0
5350412.20,2021,0,0
5350412.20,2022,0,0
5350412.20,2023,0,
5350412.20,2024,0,
5350412.21,2018,0,0
5350412.21,2019,0,0
5350412.21,2020,0,0
5350412.21,2021,0,0
5350412.21,2022,0,0
5350412.21,2023,0,
5350412.21,2024,0,
5350412.22,2018,28,29
5350412.22,2019,0,6
5350412.22,2020,0,18
5350412.22,2021,0,6
5350412.22,2022,67,0
5350412.22,2023,16,
5350412.22,2024,28,
5350412.24,2018,0,61
5350412.24,2019,0,138
5350412.24,2020,0,7
5350412.24,2021,0,0
5350412.24,2022,1,0
5350412.24,2023,0,
5350412.24,2024,2,
5350412.25,2018,0,0
5350412.25,2019,0,0
5350412.25,2020,0,0
5350412.25,2021,0,0
5350412.25,2022,0,0
5350412.25,2023,0,
5350412.25,2024,0,
5350412.26,2018,0,0
5350412.26,2019,0,0
5350412.26,2020,23,0
5350412.26,2021,0,9
5350412.26,2022,0,14
5350412.26,2023,0,
5350412.26,2024,0,
5350413.01,2018,321,455
5350413.01,2019,162,267
5350413.01,2020,446,217
5350413.01,2021,512,315
5350413.01,2022,381,354
5350413.01,2023,184,
5350413.01,2024,136,
5350413.02,2018,70,425
5350413.02,2019,37,26
5350413.02,2020,108,55
5350413.02,2021,126,97
5350413.02,2022,32,123
5350413.02,2023,901,
5350413.02,2024,10,
5350420.03,2018,54,18
5350420.03,2019,145,5
5350420.03,2020,114,47
5350420.03,2021,176,136
5350420.03,2022,17,140
5350420.03,2023,90,
5350420.03,2024,6,
5350420.05,2018,311,1
5350420.05,2019,0,187
5350420.05,2020,0,169
5350420.05,2021,0,0
5350420.05,2022,0,0
5350420.05,2023,0,
5350420.05,2024,0,
5350420.06,2018,0,10
5350420.06,2019,0,28
5350420.06,2020,0,0
5350420.06,2021,0,0
5350420.06,2022,0,0
5350420.06,2023,0,
5350420.06,2024,0,
5350420.08,2018,3,5
5350420.08,2019,16,2
5350420.08,2020,6,0
5350420.08,2021,3,9
5350420.08,2022,5,2
5350420.08,2023,5,
5350420.08,2024,2,
5350420.09,2018,0,0
5350420.09,2019,0,0
5350420.09,2020,0,0
5350420.09,2021,18,0
5350420.09,2022,0,0
5350420.09,2023,0,
5350420.09,2024,1,
5350420.10,2018,0,7
5350420.10,2019,0,0
5350420.10,2020,0,0
5350420.10,2021,2,0
5350420.10,2022,0,1
5350420.10,2023,0,
5350420.10,2024,252,
5350420.11,2018,0,0
5350420.11,2019,0,0
5350420.11,2020,0,0
5350420.11,2021,0,0
5350420.11,2022,1,0
5350420.11,2023,0,
5350420.11,2024,0,
5350420.13,2018,0,428
5350420.13,2019,202,0
5350420.13,2020,228,0
5350420.13,2021,575,202
5350420.13,2022,0,232
5350420.13,2023,0,
5350420.13,2024,0,
5350420.14,2018,0,926
5350420.14,2019,30,0
5350420.14,2020,80,0
5350420.14,2021,0,104
5350420.14,2022,0,0
5350420.14,2023,0,
5350420.14,2024,0,
5350420.15,2018,3,10
5350420.15,2019,0,6
5350420.15,2020,3,0
5350420.15,2021,3,1
5350420.15,2022,0,6
5350420.15,2023,14,
5350420.15,2024,2,
5350421.01,2018,11,59
5350421.01,2019,32,10
5350421.01,2020,385,14
5350421.01,2021,213,14
5350421.01,2022,15,379
5350421.01,2023,7,
5350421.01,2024,22,
5350421.04,2018,1,0
5350421.04,2019,0,1
5350421.04,2020,1,0
5350421.04,2021,0,0
5350421.04,2022,0,1
5350421.04,2023,0,
5350421.04,2024,0,
5350421.05,2018,2,0
5350421.05,2019,0,1
5350421.05,2020,0,0
5350421.05,2021,1,1
5350421.05,2022,2,0
5350421.05,2023,1,
5350421.05,2024,1,
5350421.06,2018,0,1
5350421.06,2019,1,190
5350421.06,2020,0,1
5350421.06,2021,2,0
5350421.06,2022,13,0
5350421.06,2023,3,
5350421.06,2024,0,
5350421.07,2018,26,3
5350421.07,2019,1,22
5350421.07,2020,5,16
5350421.07,2021,1,3
5350421.07,2022,2,0
5350421.07,2023,7,
5350421.07,2024,3,
5350422.02,2018,3,1
5350422.02,2019,1,2
5350422.02,2020,0,1
5350422.02,2021,0,0
5350422.02,2022,2,1
5350422.02,2023,0,
5350422.02,2024,4,
5350422.03,2018,7,0
5350422.03,2019,0,0
5350422.03,2020,0,0
5350422.03,2021,23,23
5350422.03,2022,274,0
5350422.03,2023,0,
5350422.03,2024,0,
5350422.04,2018,0,0
5350422.04,2019,0,0
5350422.04,2020,0,0
5350422.04,2021,0,0
5350422.04,2022,0,0
5350422.04,2023,0,
5350422.04,2024,0,
5350422.05,2018,0,1
5350422.05,2019,0,0
5350422.05,2020,0,0
5350422.05,2021,0,0
5350422.05,2022,0,0
5350422.05,2023,0,
5350422.05,2024,0,
5350422.06,2018,7,4
5350422.06,2019,4,6
5350422.06,2020,5,3
5350422.06,2021,4,7
5350422.06,2022,6,0
5350422.06,2023,4,
5350422.06,2024,1,
5350423.01,2018,3,8
5350423.01,2019,4,1
5350423.01,2020,2,1
5350423.01,2021,4,2
5350423.01,2022,92,4
5350423.01,2023,2,
5350423.01,2024,6,
5350423.02,2018,74,45
5350423.02,2019,20,41
5350423.02,2020,5,11
5350423.02,2021,19,6
5350423.02,2022,29,15
5350423.02,2023,4,
5350423.02,2024,2,
5350424.04,2018,0,70
5350424.04,2019,0,0
5350424.04,2020,0,0
5350424.04,2021,1,0
5350424.04,2022,0,0
5350424.04,2023,0,
5350424.04,2024,0,
5350424.05,2018,0,0
5350424.05,2019,0,0
5350424.05,2020,0,0
5350424.05,2021,0,0
5350424.05,2022,0,0
5350424.05,2023,0,
5350424.05,2024,0,
5350424.07,2018,5,13
5350424.07,2019,3,4
5350424.07,2020,0,1
5350424.07,2021,0,2
5350424.07,2022,0,0
5350424.07,2023,0,
5350424.07,2024,0,
5350424.08,2018,22,3
5350424.08,2019,0,7
5350424.08,2020,128,10
5350424.08,2021,1,128
5350424.08,2022,3,0
5350424.08,2023,2,
5350424.08,2024,3,
5350424.09,2018,48,20
5350424.09,2019,146,93
5350424.09,2020,115,128
5350424.09,2021,44,66
5350424.09,2022,170,44
5350424.09,2023,71,
5350424.09,2024,94,
5350424.10,2018,45,2
5350424.10,2019,2,46
5350424.10,2020,1,1
5350424.10,2021,1,0
5350424.10,2022,1,2
5350424.10,2023,2,
5350424.10,2024,0,
5350424.11,2018,147,57
5350424.11,2019,14,120
5350424.11,2020,12,20
5350424.11,2021,59,11
5350424.11,2022,9,49
5350424.11,2023,50,
5350424.11,2024,5,
5350424.13,2018,298,68
5350424.13,2019,320,348
5350424.13,2020,256,154
5350424.13,2021,423,223
5350424.13,2022,511,239
5350424.13,2023,415,
5350424.13,2024,387,
5350424.14,2018,1,0
5350424.14,2019,2,1
5350424.14,2020,1,2
5350424.14,2021,110,0
5350424.14,2022,32,0
5350424.14,2023,0,
5350424.14,2024,0,
5350424.15,2018,1,2
5350424.15,2019,1,179
5350424.15,2020,1,0
5350424.15,2021,26,3
5350424.15,2022,134,2
5350424.15,2023,10,
5350424.15,2024,15,
5350424.16,2018,0,2
5350424.16,2019,0,0
5350424.16,2020,0,0
5350424.16,2021,0,0
5350424.16,2022,52,0
5350424.16,2023,24,
5350424.16,2024,1,
5350430.03,2018,14,67
5350430.03,2019,5,3
5350430.03,2020,2,5
5350430.03,2021,1,2
5350430.03,2022,2,3
5350430.03,2023,3,
5350430.03,2024,4,
5350430.05,2018,7,2
5350430.05,2019,0,73
5350430.05,2020,4,2
5350430.05,2021,63,2
5350430.05,2022,131,53
5350430.05,2023,5,
5350430.05,2024,1,
5350430.06,2018,0,0
5350430.06,2019,0,0
5350430.06,2020,271,2
5350430.06,2021,155,376
5350430.06,2022,143,70
5350430.06,2023,383,
5350430.06,2024,1,
5350430.07,2018,68,236
5350430.07,2019,123,5
5350430.07,2020,105,347
5350430.07,2021,21,47
5350430.07,2022,67,109
5350430.07,2023,114,
5350430.07,2024,4,
5350430.08,2018,0,1
5350430.08,2019,3,1
5350430.08,2020,248,2
5350430.08,2021,0,0
5350430.08,2022,0,248
5350430.08,2023,156,
5350430.08,2024,1,
5350431.01,2018,31,14
5350431.01,2019,13,29
5350431.01,2020,5,21
5350431.01,2021,77,0
5350431.01,2022,79,6
5350431.01,2023,46,
5350431.01,2024,16,
5350431.02,2018,5,3
5350431.02,2019,8,8
5350431.02,2020,268,9
5350431.02,2021,7,5
5350431.02,2022,14,264
5350431.02,2023,16,
5350431.02,2024,8,
5350440.00,2018,58,56
5350440.00,2019,145,48
5350440.00,2020,4,112
5350440.00,2021,22,33
5350440.00,2022,28,22
5350440.00,2023,23,
5350440.00,2024,79,
5350441.02,2018,7,0
5350441.02,2019,12,13
5350441.02,2020,6,3
5350441.02,2021,5,9
5350441.02,2022,2,3
5350441.02,2023,2,
5350441.02,2024,58,
5350441.03,2018,4,1
5350441.03,2019,2,5
5350441.03,2020,27,0
5350441.03,2021,1,17
5350441.03,2022,46,14
5350441.03,2023,26,
5350441.03,2024,12,
5350441.04,2018,57,6
5350441.04,2019,26,52
5350441.04,2020,40,28
5350441.04,2021,89,68
5350441.04,2022,22,80
5350441.04,2023,1,
5350441.04,2024,1,
5350442.02,2018,1,0
5350442.02,2019,0,127
5350442.02,2020,0,0
5350442.02,2021,2,0
5350442.02,2022,2,1
5350442.02,2023,0,
5350442.02,2024,1,
5350442.03,2018,0,1
5350442.03,2019,14,0
5350442.03,2020,0,3
5350442.03,2021,1,0
5350442.03,2022,0,0
5350442.03,2023,1,
5350442.03,2024,0,
5350442.04,2018,2,0
5350442.04,2019,3,2
5350442.04,2020,0,4
5350442.04,2021,0,0
5350442.04,2022,2,1
5350442.04,2023,1,
5350442.04,2024,3,
5350442.05,2018,0,0
5350442.05,2019,0,0
5350442.05,2020,7,0
5350442.05,2021,0,0
5350442.05,2022,0,0
5350442.05,2023,0,
5350442.05,2024,0,
5350442.06,2018,22,396
5350442.06,2019,110,179
5350442.06,2020,32,2
5350442.06,2021,76,151
5350442.06,2022,140,65
5350442.06,2023,178,
5350442.06,2024,1,
5350450.02,2018,1,3
5350450.02,2019,2,0
5350450.02,2020,0,2
5350450.02,2021,1,0
5350450.02,2022,1,0
5350450.02,2023,12,
5350450.02,2024,43,
5350450.03,2018,2,0
5350450.03,2019,73,19
5350450.03,2020,0,56
5350450.03,2021,1,0
5350450.03,2022,1,1
5350450.03,2023,1,
5350450.03,2024,0,
5350450.05,2018,35,135
5350450.05,2019,0,11
5350450.05,2020,0,0
5350450.05,2021,1,0
5350450.05,2022,0,1
5350450.05,2023,0,
5350450.05,2024,0,
5350450.06,2018,0,9
5350450.06,2019,0,0
5350450.06,2020,6,0
5350450.06,2021,14,3
5350450.06,2022,0,1
5350450.06,2023,1,
5350450.06,2024,0,
5350451.01,2018,1,1
5350451.01,2019,5,1
5350451.01,2020,0,4
5350451.01,2021,1,0
5350451.01,2022,6,1
5350451.01,2023,0,
5350451.01,2024,1,
5350451.02,2018,5,1
5350451.02,2019,16,6
5350451.02,2020,220,15
5350451.02,2021,6,0
5350451.02,2022,415,0
5350451.02,2023,1,
5350451.02,2024,2,
5350451.03,2018,1,0
5350451.03,2019,0,1
5350451.03,2020,0,0
5350451.03,2021,0,0
5350451.03,2022,0,0
5350451.03,2023,0,
5350451.03,2024,0,
5350451.05,2018,76,112
5350451.05,2019,25,50
5350451.05,2020,45,24
5350451.05,2021,26,55
5350451.05,2022,0,17
5350451.05,2023,209,
5350451.05,2024,96,
5350451.06,2018,12,18
5350451.06,2019,0,0
5350451.06,2020,16,0
5350451.06,2021,0,16
5350451.06,2022,15,12
5350451.06,2023,0,
5350451.06,2024,2,
5350451.07,2018,0,0
5350451.07,2019,0,0
5350451.07,2020,0,0
5350451.07,2021,111,0
5350451.07,2022,41,141
5350451.07,2023,0,
5350451.07,2024,0,
5350452.01,2018,0,1
5350452.01,2019,0,0
5350452.01,2020,0,0
5350452.01,2021,18,0
5350452.01,2022,0,0
5350452.01,2023,0,
5350452.01,2024,0,
5350452.02,2018,0,0
5350452.02,2019,0,0
5350452.02,2020,0,0
5350452.02,2021,0,0
5350452.02,2022,2,0
5350452.02,2023,0,
5350452.02,2024,0,
5350452.03,2018,2,1
5350452.03,2019,1,1
5350452.03,2020,8,1
5350452.03,2021,0,0
5350452.03,2022,0,0
5350452.03,2023,3,
5350452.03,2024,0,
5350452.05,2018,263,96
5350452.05,2019,12,262
5350452.05,2020,122,0
5350452.05,2021,94,168
5350452.05,2022,0,51
5350452.05,2023,44,
5350452.05,2024,1,
5350452.06,2018,0,0
5350452.06,2019,0,0
5350452.06,2020,0,0
5350452.06,2021,0,0
5350452.06,2022,0,0
5350452.06,2023,0,
5350452.06,2024,0,
5350452.07,2018,1,0
5350452.07,2019,0,1
5350452.07,2020,0,0
5350452.07,2021,0,0
5350452.07,2022,0,0
5350452.07,2023,0,
5350452.07,2024,0,
5350455.00,2018,54,39
5350455.00,2019,59,51
5350455.00,2020,40,62
5350455.00,2021,38,33
5350455.00,2022,77,46
5350455.00,2023,10,
5350455.00,2024,6,
5350456.01,2018,106,1344
5350456.01,2019,162,151
5350456.01,2020,252,179
5350456.01,2021,333,189
5350456.01,2022,236,276
5350456.01,2023,109,
5350456.01,2024,47,
5350456.02,2018,383,248
5350456.02,2019,156,512
5350456.02,2020,139,157
5350456.02,2021,196,145
5350456.02,2022,360,160
5350456.02,2023,49,
5350456.02,2024,24,
5350456.03,2018,9,66
5350456.03,2019,3,10
5350456.03,2020,1,2
5350456.03,2021,3,0
5350456.03,2022,3,5
5350456.03,2023,1,
5350456.03,2024,1,
5350460.01,2018,28,161
5350460.01,2019,21,41
5350460.01,2020,41,23
5350460.01,2021,20,36
5350460.01,2022,20,21
5350460.01,2023,331,
5350460.01,2024,123,
5350460.02,2018,10,7
5350460.02,2019,12,5
5350460.02,2020,6,5
5350460.02,2021,7,17
5350460.02,2022,5,3
5350460.02,2023,15,
5350460.02,2024,13,
5350461.01,2018,7,92
5350461.01,2019,7,10
5350461.01,2020,47,7
5350461.01,2021,7,50
5350461.01,2022,61,6
5350461.01,2023,8,
5350461.01,2024,4,
5350461.02,2018,17,12
5350461.02,2019,11,15
5350461.02,2020,10,7
5350461.02,2021,7,8
5350461.02,2022,10,13
5350461.02,2023,9,
5350461.02,2024,13,
5350470.00,2018,7,6
5350470.00,2019,8,11
5350470.00,2020,2,5
5350470.00,2021,3,1
5350470.00,2022,6,4
5350470.00,2023,3,
5350470.00,2024,13,
5350471.00,2018,6,8
5350471.00,2019,22,7
5350471.00,2020,130,64
5350471.00,2021,2,82
5350471.00,2022,53,7
5350471.00,2023,77,
5350471.00,2024,53,
5350472.00,2018,5,13
5350472.00,2019,97,10
5350472.00,2020,83,103
5350472.00,2021,127,78
5350472.00,2022,24,95
5350472.00,2023,87,
5350472.00,2024,34,
5350473.01,2018,5,15
5350473.01,2019,4,2
5350473.01,2020,0,2
5350473.01,2021,134,3
5350473.01,2022,2,75
5350473.01,2023,28,
5350473.01,2024,2,
5350473.02,2018,2,4
5350473.02,2019,28,5
5350473.02,2020,3,27
5350473.02,2021,1,2
5350473.02,2022,48,2
5350473.02,2023,4,
5350473.02,2024,11,
5350473.03,2018,7,30
5350473.03,2019,2,8
5350473.03,2020,4,4
5350473.03,2021,2,1
5350473.03,2022,6,3
5350473.03,2023,2,
5350473.03,2024,0,
5350474.00,2018,16,26
5350474.00,2019,18,14
5350474.00,2020,22,21
5350474.00,2021,12,15
5350474.00,2022,21,14
5350474.00,2023,15,
5350474.00,2024,9,
5350475.00,2018,19,17
5350475.00,2019,13,16
5350475.00,2020,11,9
5350475.00,2021,69,11
5350475.00,2022,28,57
5350475.00,2023,158,
5350475.00,2024,131,
5350500.01,2018,24,36
5350500.01,2019,6,24
5350500.01,2020,73,7
5350500.01,2021,264,6
5350500.01,2022,2,94
5350500.01,2023,7,
5350500.01,2024,7,
5350500.02,2018,11,10
5350500.02,2019,16,13
5350500.02,2020,10,13
5350500.02,2021,14,6
5350500.02,2022,8,6
5350500.02,2023,3,
5350500.02,2024,15,
5350501.01,2018,0,1
5350501.01,2019,0,2
5350501.01,2020,8,0
5350501.01,2021,0,7
5350501.01,2022,225,1
5350501.01,2023,2,
5350501.01,2024,8,
5350501.02,2018,1,4
5350501.02,2019,10,297
5350501.02,2020,2,6
5350501.02,2021,5,6
5350501.02,2022,6,3
5350501.02,2023,8,
5350501.02,2024,154,
5350502.01,2018,0,0
5350502.01,2019,0,0
5350502.01,2020,0,0
5350502.01,2021,0,0
5350502.01,2022,0,0
5350502.01,2023,0,
5350502.01,2024,0,
5350502.02,2018,0,0
5350502.02,2019,0,0
5350502.02,2020,0,0
5350502.02,2021,0,0
5350502.02,2022,2,0
5350502.02,2023,0,
5350502.02,2024,0,
5350503.00,2018,0,0
5350503.00,2019,0,0
5350503.00,2020,0,0
5350503.00,2021,0,0
5350503.00,2022,0,0
5350503.00,2023,0,
5350503.00,2024,0,
5350504.00,2018,2,0
5350504.00,2019,2,2
5350504.00,2020,0,1
5350504.00,2021,0,1
5350504.00,2022,1,0
5350504.00,2023,2,
5350504.00,2024,1,
5350505.01,2018,5,5
5350505.01,2019,6,5
5350505.01,2020,4,2
5350505.01,2021,7,9
5350505.01,2022,4,3
5350505.01,2023,5,
5350505.01,2024,7,
5350505.02,2018,13,10
5350505.02,2019,16,8
5350505.02,2020,6,19
5350505.02,2021,9,8
5350505.02,2022,15,8
5350505.02,2023,1,
5350505.02,2024,14,
5350506.00,2018,10,6
5350506.00,2019,5,9
5350506.00,2020,4,8
5350506.00,2021,3,1
5350506.00,2022,5,6
5350506.00,2023,24,
5350506.00,2024,13,
5350507.00,2018,13,17
5350507.00,2019,12,18
5350507.00,2020,28,15
5350507.00,2021,9,27
5350507.00,2022,4,6
5350507.00,2023,12,
5350507.00,2024,14,
5350508.00,2018,122,8
5350508.00,2019,140,121
5350508.00,2020,42,5
5350508.00,2021,8,178
5350508.00,2022,3,3
5350508.00,2023,6,
5350508.00,2024,18,
5350509.01,2018,13,17
5350509.01,2019,17,14
5350509.01,2020,5,9
5350509.01,2021,10,13
5350509.01,2022,3,6
5350509.01,2023,12,
5350509.01,2024,6,
5350509.02,2018,3,55
5350509.02,2019,4,3
5350509.02,2020,5,3
5350509.02,2021,1,4
5350509.02,2022,2,3
5350509.02,2023,1,
5350509.02,2024,4,
5350510.00,2018,3,7
5350510.00,2019,2,4
5350510.00,2020,7,3
5350510.00,2021,2,6
5350510.00,2022,28,2
5350510.00,2023,4,
5350510.00,2024,5,
5350511.01,2018,0,0
5350511.01,2019,0,0
5350511.01,2020,0,0
5350511.01,2021,0,0
5350511.01,2022,0,0
5350511.01,2023,0,
5350511.01,2024,2,
5350511.02,2018,2,0
5350511.02,2019,0,2
5350511.02,2020,0,0
5350511.02,2021,0,8
5350511.02,2022,0,0
5350511.02,2023,0,
5350511.02,2024,1,
5350512.00,2018,8,10
5350512.00,2019,83,8
5350512.00,2020,4,2
5350512.00,2021,1,84
5350512.00,2022,339,1
5350512.00,2023,2,
5350512.00,2024,0,
5350513.01,2018,5,8
5350513.01,2019,2,4
5350513.01,2020,1,5
5350513.01,2021,2,0
5350513.01,2022,3,2
5350513.01,2023,3,
5350513.01,2024,5,
5350513.02,2018,2,0
5350513.02,2019,0,2
5350513.02,2020,1,0
5350513.02,2021,0,1
5350513.02,2022,0,0
5350513.02,2023,82,
5350513.02,2024,5,
5350513.03,2018,0,0
5350513.03,2019,0,4
5350513.03,2020,2,3
5350513.03,2021,2,2
5350513.03,2022,2,0
5350513.03,2023,3,
5350513.03,2024,5,
5350513.04,2018,0,0
5350513.04,2019,1,1
5350513.04,2020,0,0
5350513.04,2021,0,1
5350513.04,2022,1,0
5350513.04,2023,0,
5350513.04,2024,1,
5350514.01,2018,1,3
5350514.01,2019,5,1
5350514.01,2020,5,1
5350514.01,2021,1,4
5350514.01,2022,0,5
5350514.01,2023,6,
5350514.01,2024,3,
5350514.02,2018,3,0
5350514.02,2019,1,2
5350514.02,2020,0,1
5350514.02,2021,1,1
5350514.02,2022,1,0
5350514.02,2023,0,
5350514.02,2024,1,
5350515.01,2018,2,2
5350515.01,2019,0,0
5350515.01,2020,0,1
5350515.01,2021,1,1
5350515.01,2022,1,0
5350515.01,2023,1,
5350515.01,2024,1,
5350515.02,2018,0,2
5350515.02,2019,5,2
5350515.02,2020,2,2
5350515.02,2021,138,3
5350515.02,2022,0,1
5350515.02,2023,1,
5350515.02,2024,0,
5350516.01,2018,0,0
5350516.01,2019,0,0
5350516.01,2020,0,0
5350516.01,2021,0,0
5350516.01,2022,1,0
5350516.01,2023,0,
5350516.01,2024,0,
5350516.02,2018,0,0
5350516.02,2019,0,0
5350516.02,2020,0,0
5350516.02,2021,0,0
5350516.02,2022,0,0
5350516.02,2023,0,
5350516.02,2024,0,
5350516.03,2018,1,0
5350516.03,2019,0,1
5350516.03,2020,0,0
5350516.03,2021,0,0
5350516.03,2022,0,0
5350516.03,2023,0,
5350516.03,2024,0,
5350516.04,2018,0,0
5350516.04,2019,0,0
5350516.04,2020,0,0
5350516.04,2021,0,0
5350516.04,2022,0,0
5350516.04,2023,0,
5350516.04,2024,0,
5350516.05,2018,0,0
5350516.05,2019,0,0
5350516.05,2020,0,0
5350516.05,2021,175,0
5350516.05,2022,0,1
5350516.05,2023,0,
5350516.05,2024,0,
5350516.06,2018,0,0
5350516.06,2019,0,0
5350516.06,2020,0,0
5350516.06,2021,0,0
5350516.06,2022,0,0
5350516.06,2023,0,
5350516.06,2024,0,
5350516.08,2018,0,0
5350516.08,2019,144,0
5350516.08,2020,0,0
5350516.08,2021,0,144
5350516.08,2022,0,0
5350516.08,2023,0,
5350516.08,2024,0,
5350516.09,2018,0,0
5350516.09,2019,0,0
5350516.09,2020,0,0
5350516.09,2021,0,0
5350516.09,2022,0,0
5350516.09,2023,0,
5350516.09,2024,1,
5350516.11,2018,0,0
5350516.11,2019,0,1
5350516.11,2020,0,0
5350516.11,2021,0,0
5350516.11,2022,0,0
5350516.11,2023,1,
5350516.11,2024,2,
5350516.16,2018,0,0
5350516.16,2019,0,0
5350516.16,2020,0,0
5350516.16,2021,0,0
5350516.16,2022,0,0
5350516.16,2023,0,
5350516.16,2024,0,
5350516.17,2018,0,0
5350516.17,2019,1,0
5350516.17,2020,0,0
5350516.17,2021,0,1
5350516.17,2022,0,0
5350516.17,2023,0,
5350516.17,2024,0,
5350516.18,2018,0,0
5350516.18,2019,0,0
5350516.18,2020,0,0
5350516.18,2021,0,0
5350516.18,2022,0,0
5350516.18,2023,0,
5350516.18,2024,0,
5350516.20,2018,0,0
5350516.20,2019,0,0
5350516.20,2020,0,0
5350516.20,2021,0,0
5350516.20,2022,0,0
5350516.20,2023,0,
5350516.20,2024,0,
5350516.21,2018,0,0
5350516.21,2019,0,0
5350516.21,2020,0,0
5350516.21,2021,0,0
5350516.21,2022,0,0
5350516.21,2023,0,
5350516.21,2024,0,
5350516.22,2018,0,0
5350516.22,2019,0,0
5350516.22,2020,0,0
5350516.22,2021,0,0
5350516.22,2022,0,0
5350516.22,2023,0,
5350516.22,2024,0,
5350516.23,2018,0,6
5350516.23,2019,0,0
5350516.23,2020,0,0
5350516.23,2021,0,1
5350516.23,2022,0,0
5350516.23,2023,0,
5350516.23,2024,0,
5350516.24,2018,0,0
5350516.24,2019,0,0
5350516.24,2020,0,0
5350516.24,2021,0,0
5350516.24,2022,0,0
5350516.24,2023,0,
5350516.24,2024,0,
5350516.25,2018,0,1
5350516.25,2019,0,0
5350516.25,2020,0,0
5350516.25,2021,40,0
5350516.25,2022,324,0
5350516.25,2023,0,
5350516.25,2024,0,
5350516.26,2018,0,0
5350516.26,2019,1,0
5350516.26,2020,0,0
5350516.26,2021,0,1
5350516.26,2022,0,0
5350516.26,2023,0,
5350516.26,2024,0,
5350516.28,2018,0,0
5350516.28,2019,0,0
5350516.28,2020,0,0
5350516.28,2021,0,0
5350516.28,2022,0,0
5350516.28,2023,0,
5350516.28,2024,0,
5350516.29,2018,0,0
5350516.29,2019,0,0
5350516.29,2020,0,0
5350516.29,2021,0,0
5350516.29,2022,0,0
5350516.29,2023,0,
5350516.29,2024,0,
5350516.30,2018,14,0
5350516.30,2019,1,15
5350516.30,2020,1,0
5350516.30,2021,21,1
5350516.30,2022,325,20
5350516.30,2023,0,
5350516.30,2024,0,
5350516.31,2018,0,0
5350516.31,2019,0,0
5350516.31,2020,0,0
5350516.31,2021,0,0
5350516.31,2022,0,0
5350516.31,2023,0,
5350516.31,2024,0,
5350516.32,2018,0,0
5350516.32,2019,0,0
5350516.32,2020,0,0
5350516.32,2021,0,0
5350516.32,2022,0,0
5350516.32,2023,0,
5350516.32,2024,0,
5350516.37,2018,178,0
5350516.37,2019,0,522
5350516.37,2020,0,0
5350516.37,2021,0,178
5350516.37,2022,0,407
5350516.37,2023,0,
5350516.37,2024,0,
5350516.38,2018,0,0
5350516.38,2019,0,0
5350516.38,2020,0,0
5350516.38,2021,0,0
5350516.38,2022,0,0
5350516.38,2023,0,
5350516.38,2024,0,
5350516.39,2018,0,0
5350516.39,2019,0,0
5350516.39,2020,0,0
5350516.39,2021,0,0
5350516.39,2022,0,0
5350516.39,2023,0,
5350516.39,2024,0,
5350516.40,2018,0,0
5350516.40,2019,0,0
5350516.40,2020,0,0
5350516.40,2021,0,0
5350516.40,2022,0,0
5350516.40,2023,0,
5350516.40,2024,0,
5350516.41,2018,0,0
5350516.41,2019,0,0
5350516.41,2020,0,0
5350516.41,2021,0,0
5350516.41,2022,0,0
5350516.41,2023,0,
5350516.41,2024,0,
5350516.43,2018,0,0
5350516.43,2019,408,0
5350516.43,2020,0,0
5350516.43,2021,0,0
5350516.43,2022,317,0
5350516.43,2023,0,
5350516.43,2024,246,
5350516.44,2018,74,0
5350516.44,2019,0,74
5350516.44,2020,0,0
5350516.44,2021,0,0
5350516.44,2022,0,0
5350516.44,2023,0,
5350516.44,2024,0,
5350516.47,2018,0,0
5350516.47,2019,0,0
5350516.47,2020,0,0
5350516.47,2021,0,0
5350516.47,2022,0,0
5350516.47,2023,0,
5350516.47,2024,0,
5350516.48,2018,0,0
5350516.48,2019,0,0
5350516.48,2020,0,0
5350516.48,2021,0,0
5350516.48,2022,0,0
5350516.48,2023,0,
5350516.48,2024,0,
5350516.50,2023,0,
5350516.50,2024,0,
5350516.51,2023,0,
5350516.51,2024,0,
5350516.52,2023,0,
5350516.52,2024,0,
5350516.53,2023,0,
5350516.53,2024,0,
5350516.54,2023,0,
5350516.54,2024,0,
5350516.55,2023,82,
5350516.55,2024,46,
5350517.00,2018,0,0
5350517.00,2019,0,0
5350517.00,2020,0,0
5350517.00,2021,0,0
5350517.00,2022,0,0
5350517.00,2023,0,
5350517.00,2024,0,
5350518.00,2018,0,0
5350518.00,2019,0,0
5350518.00,2020,0,0
5350518.00,2021,0,0
5350518.00,2022,0,0
5350518.00,2023,0,
5350518.00,2024,0,
5350519.00,2018,0,0
5350519.00,2019,0,0
5350519.00,2020,0,0
5350519.00,2021,0,0
5350519.00,2022,0,0
5350519.00,2023,0,
5350519.00,2024,0,
5350520.01,2018,0,0
5350520.01,2019,0,0
5350520.01,2020,0,0
5350520.01,2021,0,0
5350520.01,2022,0,0
5350520.01,2023,0,
5350520.01,2024,0,
5350520.02,2018,0,0
5350520.02,2019,1569,0
5350520.02,2020,0,0
5350520.02,2021,951,0
5350520.02,2022,0,0
5350520.02,2023,0,
5350520.02,2024,944,
5350520.05,2018,2,0
5350520.05,2019,1,3
5350520.05,2020,0,2
5350520.05,2021,1,0
5350520.05,2022,1,0
5350520.05,2023,0,
5350520.05,2024,2,
5350520.07,2018,0,0
5350520.07,2019,0,0
5350520.07,2020,0,0
5350520.07,2021,0,0
5350520.07,2022,427,0
5350520.07,2023,0,
5350520.07,2024,0,
5350520.08,2018,1,0
5350520.08,2019,0,1
5350520.08,2020,0,0
5350520.08,2021,0,0
5350520.08,2022,0,0
5350520.08,2023,0,
5350520.08,2024,0,
5350520.09,2018,1,0
5350520.09,2019,0,0
5350520.09,2020,418,1
5350520.09,2021,365,0
5350520.09,2022,0,0
5350520.09,2023,882,
5350520.09,2024,12,
5350520.11,2023,2,
5350520.11,2024,1,
5350520.12,2023,0,
5350520.12,2024,0,
5350521.01,2018,0,0
5350521.01,2019,0,0
5350521.01,2020,0,0
5350521.01,2021,0,0
5350521.01,2022,0,0
5350521.01,2023,0,
5350521.01,2024,0,
5350521.02,2018,0,0
5350521.02,2019,0,0
5350521.02,2020,0,0
5350521.02,2021,1,0
5350521.02,2022,0,1
5350521.02,2023,0,
5350521.02,2024,2,
5350521.03,2018,0,0
5350521.03,2019,0,0
5350521.03,2020,0,0
5350521.03,2021,0,0
5350521.03,2022,0,0
5350521.03,2023,0,
5350521.03,2024,420,
5350521.04,2018,0,0
5350521.04,2019,0,0
5350521.04,2020,0,0
5350521.04,2021,0,0
5350521.04,2022,0,0
5350521.04,2023,0,
5350521.04,2024,1,
5350521.05,2018,2,3
5350521.05,2019,2,1
5350521.05,2020,2,1
5350521.05,2021,1,3
5350521.05,2022,0,0
5350521.05,2023,1,
5350521.05,2024,0,
5350521.06,2018,0,0
5350521.06,2019,0,0
5350521.06,2020,0,0
5350521.06,2021,0,0
5350521.06,2022,406,0
5350521.06,2023,0,
5350521.06,2024,0,
5350522.00,2018,0,1
5350522.00,2019,0,0
5350522.00,2020,0,0
5350522.00,2021,0,0
5350522.00,2022,1,0
5350522.00,2023,0,
5350522.00,2024,1,
5350523.00,2018,0,0
5350523.00,2019,0,0
5350523.00,2020,0,0
5350523.00,2021,0,0
5350523.00,2022,0,0
5350523.00,2023,0,
5350523.00,2024,0,
5350524.01,2018,0,0
5350524.01,2019,0,0
5350524.01,2020,0,0
5350524.01,2021,0,0
5350524.01,2022,0,0
5350524.01,2023,0,
5350524.01,2024,1,
5350524.02,2018,0,0
5350524.02,2019,0,0
5350524.02,2020,0,0
5350524.02,2021,0,0
5350524.02,2022,0,0
5350524.02,2023,0,
5350524.02,2024,0,
5350525.01,2018,0,0
5350525.01,2019,0,0
5350525.01,2020,0,0
5350525.01,2021,0,0
5350525.01,2022,0,0
5350525.01,2023,0,
5350525.01,2024,0,
5350525.02,2018,0,0
5350525.02,2019,0,0
5350525.02,2020,0,0
5350525.02,2021,0,0
5350525.02,2022,0,0
5350525.02,2023,0,
5350525.02,2024,0,
5350526.01,2018,0,0
5350526.01,2019,0,0
5350526.01,2020,128,0
5350526.01,2021,0,0
5350526.01,2022,0,128
5350526.01,2023,0,
5350526.01,2024,0,
5350526.02,2018,0,0
5350526.02,2019,0,0
5350526.02,2020,0,0
5350526.02,2021,1,0
5350526.02,2022,0,0
5350526.02,2023,0,
5350526.02,2024,0,
5350527.02,2018,0,0
5350527.02,2019,0,0
5350527.02,2020,0,0
5350527.02,2021,0,0
5350527.02,2022,0,0
5350527.02,2023,0,
5350527.02,2024,0,
5350527.04,2018,0,0
5350527.04,2019,0,0
5350527.04,2020,20,18
5350527.04,2021,0,2
5350527.04,2022,0,0
5350527.04,2023,0,
5350527.04,2024,0,
5350527.05,2018,1,3
5350527.05,2019,0,2
5350527.05,2020,261,3
5350527.05,2021,0,0
5350527.05,2022,0,0
5350527.05,2023,119,
5350527.05,2024,0,
5350527.06,2018,0,0
5350527.06,2019,1,0
5350527.06,2020,0,1
5350527.06,2021,0,0
5350527.06,2022,0,0
5350527.06,2023,0,
5350527.06,2024,0,
5350527.07,2018,2,1
5350527.07,2019,0,2
5350527.07,2020,1,1
5350527.07,2021,1,1
5350527.07,2022,0,0
5350527.07,2023,2,
5350527.07,2024,1,
5350527.08,2018,0,0
5350527.08,2019,0,0
5350527.08,2020,0,0
5350527.08,2021,0,0
5350527.08,2022,0,0
5350527.08,2023,0,
5350527.08,2024,0,
5350527.09,2018,0,0
5350527.09,2019,0,0
5350527.09,2020,0,0
5350527.09,2021,0,0
5350527.09,2022,0,0
5350527.09,2023,0,
5350527.09,2024,0,
5350527.10,2023,437,
5350527.10,2024,0,
5350527.11,2023,0,
5350527.11,2024,932,
5350527.12,2023,0,
5350527.12,2024,0,
5350527.13,2023,0,
5350527.13,2024,0,
5350528.01,2018,0,0
5350528.01,2019,0,0
5350528.01,2020,0,0
5350528.01,2021,0,0
5350528.01,2022,0,0
5350528.01,2023,0,
5350528.01,2024,0,
5350528.11,2018,0,0
5350528.11,2019,0,0
5350528.11,2020,0,0
5350528.11,2021,0,0
5350528.11,2022,0,0
5350528.11,2023,0,
5350528.11,2024,0,
5350528.12,2018,0,0
5350528.12,2019,0,0
5350528.12,2020,0,0
5350528.12,2021,0,0
5350528.12,2022,0,0
5350528.12,2023,0,
5350528.12,2024,0,
5350528.13,2018,2,1
5350528.13,2019,0,0
5350528.13,2020,0,2
5350528.13,2021,0,0
5350528.13,2022,1,0
5350528.13,2023,0,
5350528.13,2024,0,
5350528.15,2018,0,0
5350528.15,2019,0,0
5350528.15,2020,0,0
5350528.15,2021,0,0
5350528.15,2022,0,0
5350528.15,2023,0,
5350528.15,2024,0,
5350528.16,2018,0,0
5350528.16,2019,0,0
5350528.16,2020,0,0
5350528.16,2021,0,0
5350528.16,2022,0,0
5350528.16,2023,0,
5350528.16,2024,0,
5350528.18,2018,0,0
5350528.18,2019,0,0
5350528.18,2020,1,0
5350528.18,2021,0,0
5350528.18,2022,0,1
5350528.18,2023,0,
5350528.18,2024,0,
5350528.19,2018,0,0
5350528.19,2019,0,0
5350528.19,2020,0,0
5350528.19,2021,0,0
5350528.19,2022,0,0
5350528.19,2023,0,
5350528.19,2024,0,
5350528.20,2018,0,0
5350528.20,2019,0,0
5350528.20,2020,0,0
5350528.20,2021,0,0
5350528.20,2022,0,0
5350528.20,2023,0,
5350528.20,2024,0,
5350528.21,2018,40,0
5350528.21,2019,0,40
5350528.21,2020,18,0
5350528.21,2021,0,18
5350528.21,2022,0,0
5350528.21,2023,639,
5350528.21,2024,580,
5350528.22,2018,0,0
5350528.22,2019,0,0
5350528.22,2020,0,0
5350528.22,2021,0,0
5350528.22,2022,0,0
5350528.22,2023,0,
5350528.22,2024,0,
5350528.24,2018,0,0
5350528.24,2019,0,0
5350528.24,2020,0,0
5350528.24,2021,0,0
5350528.24,2022,0,0
5350528.24,2023,0,
5350528.24,2024,0,
5350528.26,2018,468,234
5350528.26,2019,0,211
5350528.26,2020,0,0
5350528.26,2021,0,468
5350528.26,2022,0,0
5350528.26,2023,406,
5350528.26,2024,0,
5350528.31,2018,0,0
5350528.31,2019,0,0
5350528.31,2020,0,0
5350528.31,2021,0,0
5350528.31,2022,0,0
5350528.31,2023,0,
5350528.31,2024,0,
5350528.32,2018,0,0
5350528.32,2019,0,0
5350528.32,2020,0,0
5350528.32,2021,0,0
5350528.32,2022,0,0
5350528.32,2023,0,
5350528.32,2024,0,
5350528.33,2018,0,0
5350528.33,2019,0,0
5350528.33,2020,0,1
5350528.33,2021,0,0
5350528.33,2022,0,0
5350528.33,2023,0,
5350528.33,2024,0,
5350528.34,2018,0,0
5350528.34,2019,0,0
5350528.34,2020,0,0
5350528.34,2021,0,0
5350528.34,2022,0,0
5350528.34,2023,0,
5350528.34,2024,0,
5350528.35,2018,1,0
5350528.35,2019,0,1
5350528.35,2020,0,0
5350528.35,2021,0,0
5350528.35,2022,0,0
5350528.35,2023,0,
5350528.35,2024,0,
5350528.39,2018,0,0
5350528.39,2019,0,0
5350528.39,2020,2,0
5350528.39,2021,0,2
5350528.39,2022,0,0
5350528.39,2023,0,
5350528.39,2024,0,
5350528.40,2018,4,2
5350528.40,2019,0,5
5350528.40,2020,0,1
5350528.40,2021,0,0
5350528.40,2022,1,0
5350528.40,2023,17,
5350528.40,2024,12,
5350528.42,2018,0,0
5350528.42,2019,0,0
5350528.42,2020,0,0
5350528.42,2021,0,0
5350528.42,2022,0,0
5350528.42,2023,0,
5350528.42,2024,0,
5350528.43,2018,0,0
5350528.43,2019,0,0
5350528.43,2020,0,0
5350528.43,2021,0,0
5350528.43,2022,0,0
5350528.43,2023,0,
5350528.43,2024,0,
5350528.44,2018,0,0
5350528.44,2019,0,0
5350528.44,2020,0,0
5350528.44,2021,0,0
5350528.44,2022,0,0
5350528.44,2023,0,
5350528.44,2024,0,
5350528.45,2018,0,0
5350528.45,2019,0,0
5350528.45,2020,0,0
5350528.45,2021,0,0
5350528.45,2022,0,0
5350528.45,2023,0,
5350528.45,2024,0,
5350528.46,2018,0,0
5350528.46,2019,0,0
5350528.46,2020,0,0
5350528.46,2021,0,0
5350528.46,2022,0,0
5350528.46,2023,0,
5350528.46,2024,74,
5350528.47,2018,0,0
5350528.47,2019,0,0
5350528.47,2020,0,0
5350528.47,2021,0,0
5350528.47,2022,0,0
5350528.47,2023,0,
5350528.47,2024,0,
5350528.49,2018,1,3
5350528.49,2019,0,0
5350528.49,2020,1,0
5350528.49,2021,0,0
5350528.49,2022,0,0
5350528.49,2023,0,
5350528.49,2024,0,
5350528.50,2023,0,
5350528.50,2024,0,
5350528.51,2023,1,
5350528.51,2024,0,
5350528.52,2023,0,
5350528.52,2024,0,
5350528.53,2023,0,
5350528.53,2024,0,
5350528.54,2023,0,
5350528.54,2024,0,
5350528.55,2023,0,
5350528.55,2024,0,
5350528.56,2023,0,
5350528.56,2024,0,
5350528.57,2023,0,
5350528.57,2024,0,
5350528.58,2023,0,
5350528.58,2024,0,
5350528.59,2023,0,
5350528.59,2024,0,
5350528.60,2023,0,
5350528.60,2024,0,
5350528.61,2023,0,
5350528.61,2024,0,
5350528.62,2023,0,
5350528.62,2024,0,
5350528.63,2023,0,
5350528.63,2024,0,
5350529.01,2018,3,1
5350529.01,2019,3,1
5350529.01,2020,3,1
5350529.01,2021,3,7
5350529.01,2022,1,1
5350529.01,2023,8,
5350529.01,2024,2,
5350529.02,2018,5,2
5350529.02,2019,324,5
5350529.02,2020,2,0
5350529.02,2021,1,1
5350529.02,2022,0,2
5350529.02,2023,2,
5350529.02,2024,3,
5350530.01,2018,0,0
5350530.01,2019,0,0
5350530.01,2020,0,0
5350530.01,2021,0,0
5350530.01,2022,0,0
5350530.01,2023,1,
5350530.01,2024,0,
5350530.02,2018,0,0
5350530.02,2019,0,0
5350530.02,2020,0,0
5350530.02,2021,0,0
5350530.02,2022,0,0
5350530.02,2023,0,
5350530.02,2024,0,
5350531.01,2018,0,0
5350531.01,2019,0,0
5350531.01,2020,0,0
5350531.01,2021,0,0
5350531.01,2022,0,0
5350531.01,2023,0,
5350531.01,2024,0,
5350531.02,2018,0,0
5350531.02,2019,0,0
5350531.02,2020,0,0
5350531.02,2021,0,0
5350531.02,2022,0,0
5350531.02,2023,0,
5350531.02,2024,0,
5350532.01,2018,3,0
5350532.01,2019,6,3
5350532.01,2020,5,6
5350532.01,2021,2,3
5350532.01,2022,5,3
5350532.01,2023,7,
5350532.01,2024,1,
5350532.02,2018,0,0
5350532.02,2019,0,0
5350532.02,2020,0,0
5350532.02,2021,0,0
5350532.02,2022,1,0
5350532.02,2023,1,
5350532.02,2024,0,
5350540.01,2018,20,6
5350540.01,2019,480,18
5350540.01,2020,12,15
5350540.01,2021,11,125
5350540.01,2022,333,360
5350540.01,2023,159,
5350540.01,2024,11,
5350540.02,2018,17,26
5350540.02,2019,16,91
5350540.02,2020,87,9
5350540.02,2021,365,16
5350540.02,2022,8,76
5350540.02,2023,5,
5350540.02,2024,11,
5350550.01,2018,1,0
5350550.01,2019,2,1
5350550.01,2020,1,1
5350550.01,2021,0,0
5350550.01,2022,1,2
5350550.01,2023,0,
5350550.01,2024,1,
5350550.02,2018,6,3
5350550.02,2019,10,19
5350550.02,2020,19,10
5350550.02,2021,83,8
5350550.02,2022,92,9
5350550.02,2023,75,
5350550.02,2024,19,
5350560.00,2018,0,0
5350560.00,2019,0,0
5350560.00,2020,1,1
5350560.00,2021,0,0
5350560.00,2022,1,0
5350560.00,2023,0,
5350560.00,2024,0,
5350561.00,2018,0,0
5350561.00,2019,0,0
5350561.00,2020,0,0
5350561.00,2021,0,0
5350561.00,2022,0,0
5350561.00,2023,0,
5350561.00,2024,0,
5350562.02,2018,0,0
5350562.02,2019,0,0
5350562.02,2020,0,0
5350562.02,2021,0,0
5350562.02,2022,0,0
5350562.02,2023,0,
5350562.02,2024,0,
5350562.03,2018,0,0
5350562.03,2019,0,0
5350562.03,2020,0,0
5350562.03,2021,0,0
5350562.03,2022,0,0
5350562.03,2023,0,
5350562.03,2024,0,
5350562.04,2018,0,0
5350562.04,2019,0,0
5350562.04,2020,0,0
5350562.04,2021,0,0
5350562.04,2022,0,0
5350562.04,2023,0,
5350562.04,2024,0,
5350562.05,2018,0,1
5350562.05,2019,0,0
5350562.05,2020,0,0
5350562.05,2021,0,0
5350562.05,2022,0,0
5350562.05,2023,0,
5350562.05,2024,0,
5350562.06,2018,0,0
5350562.06,2019,0,0
5350562.06,2020,0,0
5350562.06,2021,0,0
5350562.06,2022,0,0
5350562.06,2023,0,
5350562.06,2024,0,
5350562.07,2018,0,0
5350562.07,2019,0,0
5350562.07,2020,0,0
5350562.07,2021,0,0
5350562.07,2022,0,0
5350562.07,2023,0,
5350562.07,2024,0,
5350562.08,2018,1,0
5350562.08,2019,0,1
5350562.08,2020,0,0
5350562.08,2021,0,0
5350562.08,2022,0,0
5350562.08,2023,0,
5350562.08,2024,0,
5350562.09,2018,0,0
5350562.09,2019,0,0
5350562.09,2020,1,0
5350562.09,2021,0,1
5350562.09,2022,0,0
5350562.09,2023,0,
5350562.09,2024,0,
5350562.11,2018,0,0
5350562.11,2019,0,0
5350562.11,2020,0,0
5350562.11,2021,0,0
5350562.11,2022,0,0
5350562.11,2023,0,
5350562.11,2024,0,
5350562.12,2018,0,0
5350562.12,2019,0,0
5350562.12,2020,0,0
5350562.12,2021,0,0
5350562.12,2022,0,0
5350562.12,2023,0,
5350562.12,2024,0,
5350562.13,2018,0,0
5350562.13,2019,0,0
5350562.13,2020,0,0
5350562.13,2021,0,0
5350562.13,2022,0,0
5350562.13,2023,0,
5350562.13,2024,0,
5350562.14,2018,0,0
5350562.14,2019,0,0
5350562.14,2020,0,0
5350562.14,2021,0,0
5350562.14,2022,0,0
5350562.14,2023,0,
5350562.14,2024,0,
5350562.15,2018,0,0
5350562.15,2019,0,0
5350562.15,2020,0,0
5350562.15,2021,0,0
5350562.15,2022,0,0
5350562.15,2023,0,
5350562.15,2024,0,
5350563.01,2018,0,0
5350563.01,2019,0,0
5350563.01,2020,0,0
5350563.01,2021,0,0
5350563.01,2022,0,0
5350563.01,2023,0,
5350563.01,2024,0,
5350563.02,2018,0,0
5350563.02,2019,0,0
5350563.02,2020,0,0
5350563.02,2021,0,0
5350563.02,2022,0,0
5350563.02,2023,0,
5350563.02,2024,0,
5350564.01,2018,0,0
5350564.01,2019,0,0
5350564.01,2020,0,0
5350564.01,2021,0,0
5350564.01,2022,0,0
5350564.01,2023,1,
5350564.01,2024,0,
5350564.02,2018,0,0
5350564.02,2019,0,0
5350564.02,2020,0,0
5350564.02,2021,0,0
5350564.02,2022,0,0
5350564.02,2023,0,
5350564.02,2024,0,
5350570.01,2018,0,0
5350570.01,2019,0,0
5350570.01,2020,0,0
5350570.01,2021,0,0
5350570.01,2022,0,0
5350570.01,2023,0,
5350570.01,2024,2,
5350570.02,2018,1,1
5350570.02,2019,1,1
5350570.02,2020,0,0
5350570.02,2021,0,0
5350570.02,2022,0,0
5350570.02,2023,3,
5350570.02,2024,0,
5350571.01,2018,0,1
5350571.01,2019,0,0
5350571.01,2020,0,0
5350571.01,2021,272,0
5350571.01,2022,0,272
5350571.01,2023,0,
5350571.01,2024,0,
5350571.02,2018,0,0
5350571.02,2019,0,0
5350571.02,2020,0,0
5350571.02,2021,0,0
5350571.02,2022,0,0
5350571.02,2023,0,
5350571.02,2024,0,
5350572.01,2018,0,0
5350572.01,2019,0,0
5350572.01,2020,2,0
5350572.01,2021,0,2
5350572.01,2022,1,0
5350572.01,2023,0,
5350572.01,2024,1,
5350572.04,2018,0,0
5350572.04,2019,0,0
5350572.04,2020,0,0
5350572.04,2021,0,0
5350572.04,2022,0,0
5350572.04,2023,1,
5350572.04,2024,0,
5350572.05,2018,0,0
5350572.05,2019,0,0
5350572.05,2020,0,0
5350572.05,2021,0,0
5350572.05,2022,0,0
5350572.05,2023,1,
5350572.05,2024,0,
5350572.07,2018,0,1
5350572.07,2019,0,0
5350572.07,2020,0,0
5350572.07,2021,0,0
5350572.07,2022,0,0
5350572.07,2023,0,
5350572.07,2024,0,
5350572.08,2018,4,0
5350572.08,2019,56,44
5350572.08,2020,0,15
5350572.08,2021,0,0
5350572.08,2022,0,0
5350572.08,2023,0,
5350572.08,2024,0,
5350572.09,2018,0,0
5350572.09,2019,0,0
5350572.09,2020,0,0
5350572.09,2021,0,0
5350572.09,2022,0,0
5350572.09,2023,0,
5350572.09,2024,0,
5350572.10,2018,0,0
5350572.10,2019,0,0
5350572.10,2020,0,0
5350572.10,2021,0,0
5350572.10,2022,0,0
5350572.10,2023,0,
5350572.10,2024,0,
5350573.03,2018,0,0
5350573.03,2019,0,0
5350573.03,2020,0,0
5350573.03,2021,177,0
5350573.03,2022,0,2
5350573.03,2023,0,
5350573.03,2024,0,
5350573.05,2018,1,0
5350573.05,2019,0,1
5350573.05,2020,0,0
5350573.05,2021,0,0
5350573.05,2022,0,0
5350573.05,2023,0,
5350573.05,2024,0,
5350573.06,2018,0,0
5350573.06,2019,0,0
5350573.06,2020,0,0
5350573.06,2021,0,0
5350573.06,2022,0,0
5350573.06,2023,0,
5350573.06,2024,0,
5350573.07,2018,0,4
5350573.07,2019,0,13
5350573.07,2020,0,0
5350573.07,2021,10,0
5350573.07,2022,2,10
5350573.07,2023,0,
5350573.07,2024,0,
5350573.09,2018,0,0
5350573.09,2019,0,0
5350573.09,2020,0,0
5350573.09,2021,0,0
5350573.09,2022,0,0
5350573.09,2023,0,
5350573.09,2024,0,
5350573.10,2018,0,1
5350573.10,2019,0,0
5350573.10,2020,0,0
5350573.10,2021,0,0
5350573.10,2022,0,0
5350573.10,2023,0,
5350573.10,2024,0,
5350573.11,2018,0,1
5350573.11,2019,0,0
5350573.11,2020,0,0
5350573.11,2021,0,0
5350573.11,2022,0,0
5350573.11,2023,0,
5350573.11,2024,0,
5350574.00,2018,0,3
5350574.00,2019,0,2
5350574.00,2020,366,0
5350574.00,2021,1,1
5350574.00,2022,0,366
5350574.00,2023,2,
5350574.00,2024,20,
5350575.01,2018,0,0
5350575.01,2019,0,0
5350575.01,2020,0,0
5350575.01,2021,0,0
5350575.01,2022,0,0
5350575.01,2023,0,
5350575.01,2024,0,
5350575.02,2018,1,1
5350575.02,2019,1,1
5350575.02,2020,1,0
5350575.02,2021,0,1
5350575.02,2022,1,0
5350575.02,2023,0,
5350575.02,2024,1,
5350575.03,2018,0,0
5350575.03,2019,0,0
5350575.03,2020,0,0
5350575.03,2021,0,0
5350575.03,2022,0,0
5350575.03,2023,0,
5350575.03,2024,0,
5350575.04,2018,0,0
5350575.04,2019,0,0
5350575.04,2020,1,0
5350575.04,2021,0,1
5350575.04,2022,0,0
5350575.04,2023,0,
5350575.04,2024,0,
5350575.05,2018,0,0
5350575.05,2019,0,0
5350575.05,2020,0,0
5350575.05,2021,0,0
5350575.05,2022,0,0
5350575.05,2023,0,
5350575.05,2024,0,
5350575.07,2018,0,0
5350575.07,2019,0,0
5350575.07,2020,0,0
5350575.07,2021,0,0
5350575.07,2022,0,0
5350575.07,2023,0,
5350575.07,2024,0,
5350575.08,2018,0,0
5350575.08,2019,0,0
5350575.08,2020,0,0
5350575.08,2021,0,0
5350575.08,2022,0,0
5350575.08,2023,0,
5350575.08,2024,0,
5350576.04,2018,0,1
5350576.04,2019,0,0
5350576.04,2020,0,0
5350576.04,2021,0,0
5350576.04,2022,0,0
5350576.04,2023,0,
5350576.04,2024,0,
5350576.05,2018,0,0
5350576.05,2019,0,0
5350576.05,2020,0,0
5350576.05,2021,0,0
5350576.05,2022,0,0
5350576.05,2023,0,
5350576.05,2024,0,
5350576.06,2018,0,175
5350576.06,2019,0,0
5350576.06,2020,0,0
5350576.06,2021,0,0
5350576.06,2022,0,0
5350576.06,2023,0,
5350576.06,2024,0,
5350576.07,2018,0,0
5350576.07,2019,0,0
5350576.07,2020,0,0
5350576.07,2021,0,0
5350576.07,2022,9,0
5350576.07,2023,0,
5350576.07,2024,0,
5350576.09,2018,0,1
5350576.09,2019,0,0
5350576.09,2020,0,0
5350576.09,2021,17,0
5350576.09,2022,4,77
5350576.09,2023,88,
5350576.09,2024,26,
5350576.16,2018,0,0
5350576.16,2019,0,0
5350576.16,2020,0,0
5350576.16,2021,0,0
5350576.16,2022,0,0
5350576.16,2023,32,
5350576.16,2024,0,
5350576.17,2018,0,0
5350576.17,2019,0,0
5350576.17,2020,0,0
5350576.17,2021,0,0
5350576.17,2022,0,0
5350576.17,2023,0,
5350576.17,2024,0,
5350576.20,2018,0,0
5350576.20,2019,0,0
5350576.20,2020,0,0
5350576.20,2021,0,0
5350576.20,2022,0,0
5350576.20,2023,0,
5350576.20,2024,0,
5350576.22,2018,0,0
5350576.22,2019,0,0
5350576.22,2020,0,0
5350576.22,2021,0,0
5350576.22,2022,0,0
5350576.22,2023,0,
5350576.22,2024,0,
5350576.29,2018,0,0
5350576.29,2019,0,0
5350576.29,2020,0,0
5350576.29,2021,0,0
5350576.29,2022,0,0
5350576.29,2023,0,
5350576.29,2024,0,
5350576.31,2018,0,2
5350576.31,2019,0,0
5350576.31,2020,0,0
5350576.31,2021,0,0
5350576.31,2022,0,0
5350576.31,2023,0,
5350576.31,2024,0,
5350576.33,2018,0,0
5350576.33,2019,0,0
5350576.33,2020,0,0
5350576.33,2021,93,0
5350576.33,2022,0,33
5350576.33,2023,0,
5350576.33,2024,0,
5350576.34,2018,0,0
5350576.34,2019,0,0
5350576.34,2020,0,0
5350576.34,2021,0,0
5350576.34,2022,0,0
5350576.34,2023,0,
5350576.34,2024,1,
5350576.43,2018,0,0
5350576.43,2019,0,0
5350576.43,2020,0,0
5350576.43,2021,0,0
5350576.43,2022,0,0
5350576.43,2023,0,
5350576.43,2024,0,
5350576.44,2018,0,0
5350576.44,2019,0,0
5350576.44,2020,0,0
5350576.44,2021,0,0
5350576.44,2022,0,0
5350576.44,2023,0,
5350576.44,2024,0,
5350576.45,2018,0,0
5350576.45,2019,0,0
5350576.45,2020,0,0
5350576.45,2021,0,0
5350576.45,2022,0,0
5350576.45,2023,0,
5350576.45,2024,0,
5350576.46,2018,0,0
5350576.46,2019,0,0
5350576.46,2020,0,0
5350576.46,2021,0,0
5350576.46,2022,0,0
5350576.46,2023,0,
5350576.46,2024,0,
5350576.47,2018,1,0
5350576.47,2019,3,2
5350576.47,2020,0,2
5350576.47,2021,1,1
5350576.47,2022,12,0
5350576.47,2023,12,
5350576.47,2024,0,
5350576.49,2018,0,0
5350576.49,2019,3,0
5350576.49,2020,5,7
5350576.49,2021,0,1
5350576.49,2022,0,0
5350576.49,2023,0,
5350576.49,2024,0,
5350576.50,2018,0,0
5350576.50,2019,0,0
5350576.50,2020,0,0
5350576.50,2021,0,0
5350576.50,2022,0,0
5350576.50,2023,9,
5350576.50,2024,0,
5350576.52,2018,0,0
5350576.52,2019,0,0
5350576.52,2020,0,0
5350576.52,2021,0,0
5350576.52,2022,53,0
5350576.52,2023,0,
5350576.52,2024,6,
5350576.53,2018,0,0
5350576.53,2019,0,0
5350576.53,2020,0,0
5350576.53,2021,0,0
5350576.53,2022,0,0
5350576.53,2023,0,
5350576.53,2024,13,
5350576.54,2018,177,177
5350576.54,2019,0,0
5350576.54,2020,0,0
5350576.54,2021,0,0
5350576.54,2022,0,0
5350576.54,2023,15,
5350576.54,2024,0,
5350576.55,2018,0,0
5350576.55,2019,0,0
5350576.55,2020,0,0
5350576.55,2021,0,0
5350576.55,2022,0,0
5350576.55,2023,0,
5350576.55,2024,0,
5350576.57,2018,0,0
5350576.57,2019,0,0
5350576.57,2020,0,0
5350576.57,2021,97,0
5350576.57,2022,140,97
5350576.57,2023,62,
5350576.57,2024,0,
5350576.59,2018,0,0
5350576.59,2019,0,0
5350576.59,2020,0,0
5350576.59,2021,0,0
5350576.59,2022,0,0
5350576.59,2023,0,
5350576.59,2024,0,
5350576.62,2018,0,0
5350576.62,2019,54,42
5350576.62,2020,0,12
5350576.62,2021,0,0
5350576.62,2022,0,0
5350576.62,2023,0,
5350576.62,2024,0,
5350576.63,2018,0,7
5350576.63,2019,0,0
5350576.63,2020,0,0
5350576.63,2021,114,114
5350576.63,2022,1,0
5350576.63,2023,0,
5350576.63,2024,1,
5350576.65,2018,0,90
5350576.65,2019,22,1
5350576.65,2020,52,73
5350576.65,2021,223,12
5350576.65,2022,248,237
5350576.65,2023,657,
5350576.65,2024,42,
5350576.66,2018,0,1
5350576.66,2019,2,18
5350576.66,2020,0,0
5350576.66,2021,20,0
5350576.66,2022,0,20
5350576.66,2023,1,
5350576.66,2024,0,
5350576.68,2018,0,0
5350576.68,2019,0,0
5350576.68,2020,0,0
5350576.68,2021,0,0
5350576.68,2022,0,0
5350576.68,2023,0,
5350576.68,2024,0,
5350576.69,2018,0,2
5350576.69,2019,0,0
5350576.69,2020,0,0
5350576.69,2021,0,0
5350576.69,2022,0,0
5350576.69,2023,0,
5350576.69,2024,1,
5350576.73,2023,10,
5350576.73,2024,4,
5350576.74,2023,0,
5350576.74,2024,4,
5350576.75,2023,0,
5350576.75,2024,0,
5350576.76,2023,244,
5350576.76,2024,1,
5350576.77,2023,0,
5350576.77,2024,0,
5350576.78,2023,0,
5350576.78,2024,0,
5350576.79,2023,0,
5350576.79,2024,0,
5350576.80,2023,0,
5350576.80,2024,5,
5350576.81,2023,0,
5350576.81,2024,0,
5350576.82,2023,0,
5350576.82,2024,0,
5350576.83,2023,0,
5350576.83,2024,0,
5350576.84,2023,233,
5350576.84,2024,81,
5350576.85,2023,0,
5350576.85,2024,0,
5350576.86,2023,0,
5350576.86,2024,78,
5350576.87,2023,0,
5350576.87,2024,0,
5350576.88,2023,0,
5350576.88,2024,0,
5350576.89,2023,0,
5350576.89,2024,0,
5350576.90,2023,0,
5350576.90,2024,0,
5350576.91,2023,100,
5350576.91,2024,4,
5350576.92,2023,0,
5350576.92,2024,0,
5350576.93,2023,0,
5350576.93,2024,0,
5350576.94,2023,0,
5350576.94,2024,0,
5350576.95,2023,25,
5350576.95,2024,26,
5350576.96,2023,0,
5350576.96,2024,0,
5350576.97,2023,0,
5350576.97,2024,154,
5350576.98,2023,379,
5350576.98,2024,58,
5350576.99,2023,302,
5350576.99,2024,696,
5350577.00,2023,13,
5350577.00,2024,0,
5350577.01,2023,0,
5350577.01,2024,0,
5350577.02,2023,52,
5350577.02,2024,1,
5350577.03,2023,2,
5350577.03,2024,24,
5350577.04,2023,18,
5350577.04,2024,1,
5350577.05,2023,0,
5350577.05,2024,0,
5350577.06,2023,0,
5350577.06,2024,0,
5350577.07,2023,0,
5350577.07,2024,0,
5350577.08,2023,1,
5350577.08,2024,0,
5350577.09,2023,0,
5350577.09,2024,0,
5350585.02,2018,31,6
5350585.02,2019,4,32
5350585.02,2020,2,21
5350585.02,2021,7,2
5350585.02,2022,53,6
5350585.02,2023,3,
5350585.02,2024,4,
5350585.03,2018,149,5
5350585.03,2019,0,5
5350585.03,2020,72,144
5350585.03,2021,1,72
5350585.03,2022,16,1
5350585.03,2023,45,
5350585.03,2024,1,
5350585.05,2018,0,1
5350585.05,2019,0,0
5350585.05,2020,1,0
5350585.05,2021,0,1
5350585.05,2022,0,0
5350585.05,2023,0,
5350585.05,2024,1,
5350585.07,2018,127,19
5350585.07,2019,44,122
5350585.07,2020,94,45
5350585.07,2021,90,135
5350585.07,2022,9,54
5350585.07,2023,18,
5350585.07,2024,5,
5350585.08,2018,17,8
5350585.08,2019,20,19
5350585.08,2020,12,8
5350585.08,2021,41,20
5350585.08,2022,7,32
5350585.08,2023,13,
5350585.08,2024,5,
5350585.09,2018,1,3
5350585.09,2019,1,0
5350585.09,2020,1,2
5350585.09,2021,12,2
5350585.09,2022,33,2
5350585.09,2023,52,
5350585.09,2024,1,
5350585.10,2018,0,180
5350585.10,2019,2,0
5350585.10,2020,0,2
5350585.10,2021,3,0
5350585.10,2022,84,14
5350585.10,2023,1,
5350585.10,2024,41,
5350586.02,2018,6,5
5350586.02,2019,4,6
5350586.02,2020,2,6
5350586.02,2021,288,13
5350586.02,2022,511,320
5350586.02,2023,151,
5350586.02,2024,369,
5350586.03,2023,90,
5350586.03,2024,1,
5350586.04,2023,0,
5350586.04,2024,0,
5350586.05,2023,1,
5350586.05,2024,0,
5350587.01,2018,9,8
5350587.01,2019,11,7
5350587.01,2020,5,11
5350587.01,2021,8,9
5350587.01,2022,82,7
5350587.01,2023,54,
5350587.01,2024,6,
5350587.02,2018,11,13
5350587.02,2019,5,7
5350587.02,2020,9,7
5350587.02,2021,16,9
5350587.02,2022,22,17
5350587.02,2023,40,
5350587.02,2024,47,
5350600.01,2018,6,2
5350600.01,2019,12,19
5350600.01,2020,13,14
5350600.01,2021,5,7
5350600.01,2022,6,5
5350600.01,2023,2,
5350600.01,2024,8,
5350600.02,2018,0,0
5350600.02,2019,2,0
5350600.02,2020,0,1
5350600.02,2021,0,0
5350600.02,2022,0,5
5350600.02,2023,0,
5350600.02,2024,0,
5350601.00,2018,11,3
5350601.00,2019,16,19
5350601.00,2020,21,24
5350601.00,2021,24,20
5350601.00,2022,15,9
5350601.00,2023,11,
5350601.00,2024,11,
5350602.00,2018,22,8
5350602.00,2019,50,13
5350602.00,2020,14,18
5350602.00,2021,14,50
5350602.00,2022,14,9
5350602.00,2023,23,
5350602.00,2024,8,
5350603.00,2018,1,1
5350603.00,2019,5,7
5350603.00,2020,2,6
5350603.00,2021,4,1
5350603.00,2022,5,3
5350603.00,2023,110,
5350603.00,2024,69,
5350604.00,2018,0,0
5350604.00,2019,7,3
5350604.00,2020,14,42
5350604.00,2021,9,12
5350604.00,2022,1,1
5350604.00,2023,2,
5350604.00,2024,6,
5350605.00,2018,3,4
5350605.00,2019,12,24
5350605.00,2020,7,14
5350605.00,2021,28,5
5350605.00,2022,56,0
5350605.00,2023,6,
5350605.00,2024,11,
5350606.00,2018,9,2
5350606.00,2019,20,28
5350606.00,2020,16,20
5350606.00,2021,16,12
5350606.00,2022,2,7
5350606.00,2023,25,
5350606.00,2024,16,
5350607.00,2018,10,6
5350607.00,2019,28,33
5350607.00,2020,20,26
5350607.00,2021,15,19
5350607.00,2022,10,5
5350607.00,2023,18,
5350607.00,2024,16,
5350608.00,2018,11,3
5350608.00,2019,34,27
5350608.00,2020,14,34
5350608.00,2021,6,12
5350608.00,2022,10,1
5350608.00,2023,17,
5350608.00,2024,11,
5350609.00,2018,18,5
5350609.00,2019,15,23
5350609.00,2020,15,32
5350609.00,2021,20,18
5350609.00,2022,6,4
5350609.00,2023,14,
5350609.00,2024,11,
5350610.03,2018,4,6
5350610.03,2019,11,15
5350610.03,2020,502,13
5350610.03,2021,8,497
5350610.03,2022,4,2
5350610.03,2023,7,
5350610.03,2024,26,
5350610.04,2018,2,1
5350610.04,2019,4,5
5350610.04,2020,22,7
5350610.04,2021,7,22
5350610.04,2022,3,0
5350610.04,2023,7,
5350610.04,2024,4,
5350610.05,2023,0,
5350610.05,2024,1,
5350610.06,2023,0,
5350610.06,2024,1,
5350611.00,2018,7,3
5350611.00,2019,36,27
5350611.00,2020,10,28
5350611.00,2021,8,11
5350611.00,2022,3,1
5350611.00,2023,17,
5350611.00,2024,12,
5350612.01,2018,0,0
5350612.01,2019,0,0
5350612.01,2020,0,0
5350612.01,2021,0,8
5350612.01,2022,0,0
5350612.01,2023,0,
5350612.01,2024,0,
5350612.03,2018,0,0
5350612.03,2019,0,0
5350612.03,2020,101,0
5350612.03,2021,368,118
5350612.03,2022,84,173
5350612.03,2023,33,
5350612.03,2024,333,
5350612.05,2018,0,0
5350612.05,2019,0,0
5350612.05,2020,0,0
5350612.05,2021,0,4
5350612.05,2022,0,0
5350612.05,2023,0,
5350612.05,2024,0,
5350612.08,2018,0,0
5350612.08,2019,0,0
5350612.08,2020,0,0
5350612.08,2021,0,0
5350612.08,2022,0,0
5350612.08,2023,0,
5350612.08,2024,0,
5350612.10,2018,0,0
5350612.10,2019,0,0
5350612.10,2020,1,0
5350612.10,2021,0,1
5350612.10,2022,0,0
5350612.10,2023,0,
5350612.10,2024,0,
5350612.11,2018,0,0
5350612.11,2019,1,0
5350612.11,2020,0,0
5350612.11,2021,0,1
5350612.11,2022,0,0
5350612.11,2023,0,
5350612.11,2024,0,
5350612.12,2018,32,0
5350612.12,2019,15,0
5350612.12,2020,0,32
5350612.12,2021,0,3
5350612.12,2022,0,0
5350612.12,2023,0,
5350612.12,2024,0,
5350612.13,2018,0,0
5350612.13,2019,0,0
5350612.13,2020,0,0
5350612.13,2021,1,0
5350612.13,2022,0,0
5350612.13,2023,0,
5350612.13,2024,0,
5350612.14,2018,29,1
5350612.14,2019,2,30
5350612.14,2020,0,0
5350612.14,2021,0,0
5350612.14,2022,0,0
5350612.14,2023,0,
5350612.14,2024,0,
5350612.15,2018,0,11
5350612.15,2019,0,0
5350612.15,2020,3,0
5350612.15,2021,129,2
5350612.15,2022,0,0
5350612.15,2023,0,
5350612.15,2024,0,
5350612.18,2018,208,0
5350612.18,2019,0,0
5350612.18,2020,15,212
5350612.18,2021,0,0
5350612.18,2022,0,0
5350612.18,2023,0,
5350612.18,2024,0,
5350612.19,2018,0,0
5350612.19,2019,0,0
5350612.19,2020,0,0
5350612.19,2021,0,0
5350612.19,2022,0,0
5350612.19,2023,0,
5350612.19,2024,0,
5350612.20,2018,0,0
5350612.20,2019,0,0
5350612.20,2020,0,0
5350612.20,2021,0,0
5350612.20,2022,0,0
5350612.20,2023,0,
5350612.20,2024,0,
5350612.21,2018,0,0
5350612.21,2019,1,1
5350612.21,2020,0,1
5350612.21,2021,0,0
5350612.21,2022,0,0
5350612.21,2023,0,
5350612.21,2024,54,
5350612.22,2018,0,166
5350612.22,2019,0,0
5350612.22,2020,0,0
5350612.22,2021,343,7
5350612.22,2022,131,0
5350612.22,2023,324,
5350612.22,2024,163,
5350612.23,2018,0,0
5350612.23,2019,0,0
5350612.23,2020,0,0
5350612.23,2021,0,0
5350612.23,2022,0,0
5350612.23,2023,0,
5350612.23,2024,0,
5350612.25,2018,0,0
5350612.25,2019,2,0
5350612.25,2020,6,2
5350612.25,2021,33,16
5350612.25,2022,4,13
5350612.25,2023,1,
5350612.25,2024,0,
5350612.26,2018,0,284
5350612.26,2019,242,0
5350612.26,2020,500,242
5350612.26,2021,1,0
5350612.26,2022,529,187
5350612.26,2023,0,
5350612.26,2024,0,
5350612.27,2018,373,31
5350612.27,2019,0,0
5350612.27,2020,2,376
5350612.27,2021,0,0
5350612.27,2022,0,0
5350612.27,2023,0,
5350612.27,2024,41,
5350612.28,2023,0,
5350612.28,2024,0,
5350612.29,2023,0,
5350612.29,2024,0,
5350613.01,2018,5,1
5350613.01,2019,4,8
5350613.01,2020,5,11
5350613.01,2021,5,1
5350613.01,2022,2,6
5350613.01,2023,2,
5350613.01,2024,8,
5350613.03,2018,3,1
5350613.03,2019,4,6
5350613.03,2020,5,8
5350613.03,2021,28,1
5350613.03,2022,164,8
5350613.03,2023,1,
5350613.03,2024,7,
5350613.04,2018,143,143
5350613.04,2019,0,0
5350613.04,2020,233,0
5350613.04,2021,72,233
5350613.04,2022,0,1
5350613.04,2023,0,
5350613.04,2024,0,
5350614.01,2018,1,0
5350614.01,2019,1,2
5350614.01,2020,0,1
5350614.01,2021,3,0
5350614.01,2022,1,3
5350614.01,2023,1,
5350614.01,2024,1,
5350614.02,2018,1,0
5350614.02,2019,1,2
5350614.02,2020,1,1
5350614.02,2021,0,0
5350614.02,2022,0,0
5350614.02,2023,0,
5350614.02,2024,0,
5350615.00,2018,748,1786
5350615.00,2019,314,394
5350615.00,2020,1096,727
5350615.00,2021,1601,740
5350615.00,2022,872,595
5350615.00,2023,1131,
5350615.00,2024,2762,
5350620.05,2018,0,56
5350620.05,2019,1,1
5350620.05,2020,1,1
5350620.05,2021,0,1
5350620.05,2022,0,0
5350620.05,2023,0,
5350620.05,2024,94,
5350620.06,2018,0,76
5350620.06,2019,0,0
5350620.06,2020,0,0
5350620.06,2021,0,0
5350620.06,2022,0,0
5350620.06,2023,0,
5350620.06,2024,0,
5350620.07,2018,0,0
5350620.07,2019,0,0
5350620.07,2020,0,0
5350620.07,2021,0,0
5350620.07,2022,0,7
5350620.07,2023,0,
5350620.07,2024,0,
5350620.09,2018,0,0
5350620.09,2019,0,0
5350620.09,2020,0,0
5350620.09,2021,0,0
5350620.09,2022,0,0
5350620.09,2023,0,
5350620.09,2024,0,
5350620.13,2018,8,43
5350620.13,2019,6,16
5350620.13,2020,2,5
5350620.13,2021,0,10
5350620.13,2022,248,2
5350620.13,2023,359,
5350620.13,2024,308,
5350620.14,2023,0,
5350620.14,2024,0,
5350620.15,2023,0,
5350620.15,2024,0,
5350620.16,2023,0,
5350620.16,2024,0,
5350620.17,2023,0,
5350620.17,2024,0,
5350620.18,2023,0,
5350620.18,2024,0,
5350620.19,2023,0,
5350620.19,2024,32,
5350620.20,2023,0,
5350620.20,2024,0,
5350620.21,2023,0,
5350620.21,2024,0,
5350620.22,2023,0,
5350620.22,2024,0,
5350620.23,2023,367,
5350620.23,2024,302,
5350620.24,2023,0,
5350620.24,2024,0,
5350620.25,2023,658,
5350620.25,2024,323,
5350620.26,2023,0,
5350620.26,2024,0,
5350620.27,2023,0,
5350620.27,2024,0,
5350620.28,2023,0,
5350620.28,2024,0,
5350620.29,2023,0,
5350620.29,2024,0,
5350621.00,2018,29,0
5350621.00,2019,15,119
5350621.00,2020,24,14
5350621.00,2021,32,33
5350621.00,2022,6,68
5350621.00,2023,0,
5350621.00,2024,290,
5350622.00,2018,2,0
5350622.00,2019,31,3
5350622.00,2020,3,6
5350622.00,2021,5,32
5350622.00,2022,5,5
5350622.00,2023,8,
5350622.00,2024,150,
5350623.00,2018,3,0
5350623.00,2019,6,3
5350623.00,2020,0,5
5350623.00,2021,3,2
5350623.00,2022,2,2
5350623.00,2023,3,
5350623.00,2024,2,
5350624.00,2018,20,0
5350624.00,2019,32,4
5350624.00,2020,0,12
5350624.00,2021,1,4
5350624.00,2022,0,0
5350624.00,2023,0,
5350624.00,2024,0,
5350625.00,2018,0,0
5350625.00,2019,0,1
5350625.00,2020,0,0
5350625.00,2021,0,1
5350625.00,2022,1,0
5350625.00,2023,0,
5350625.00,2024,0,
5350626.00,2018,7,10
5350626.00,2019,22,10
5350626.00,2020,3,9
5350626.00,2021,4,20
5350626.00,2022,3,2
5350626.00,2023,9,
5350626.00,2024,5,
5350630.00,2018,5,7
5350630.00,2019,5,3
5350630.00,2020,4,3
5350630.00,2021,2,5
5350630.00,2022,5,2
5350630.00,2023,3,
5350630.00,2024,1,
5350631.02,2018,153,106
5350631.02,2019,0,124
5350631.02,2020,130,19
5350631.02,2021,189,130
5350631.02,2022,5,153
5350631.02,2023,2,
5350631.02,2024,169,
5350631.03,2018,25,26
5350631.03,2019,2,17
5350631.03,2020,1,0
5350631.03,2021,5,10
5350631.03,2022,1,6
5350631.03,2023,0,
5350631.03,2024,0,
5350631.04,2018,0,0
5350631.04,2019,0,0
5350631.04,2020,0,0
5350631.04,2021,0,0
5350631.04,2022,0,0
5350631.04,2023,1,
5350631.04,2024,0,
5350632.00,2018,0,0
5350632.00,2019,0,0
5350632.00,2020,0,0
5350632.00,2021,0,0
5350632.00,2022,0,0
5350632.00,2023,0,
5350632.00,2024,0,
5350633.00,2018,0,0
5350633.00,2019,0,0
5350633.00,2020,109,0
5350633.00,2021,5,0
5350633.00,2022,6,109
5350633.00,2023,1,
5350633.00,2024,6,
5350634.01,2018,1,2
5350634.01,2019,1,1
5350634.01,2020,0,1
5350634.01,2021,0,6
5350634.01,2022,2,0
5350634.01,2023,0,
5350634.01,2024,1,
5350634.02,2018,0,0
5350634.02,2019,0,0
5350634.02,2020,1,0
5350634.02,2021,0,1
5350634.02,2022,0,0
5350634.02,2023,0,
5350634.02,2024,0,
5350635.00,2018,4,3
5350635.00,2019,1,5
5350635.00,2020,77,1
5350635.00,2021,3,2
5350635.00,2022,90,2
5350635.00,2023,40,
5350635.00,2024,1,
5350636.00,2018,0,1
5350636.00,2019,1,0
5350636.00,2020,0,1
5350636.00,2021,5,0
5350636.00,2022,2,5
5350636.00,2023,3,
5350636.00,2024,0,
5350637.00,2018,9,12
5350637.00,2019,8,11
5350637.00,2020,7,6
5350637.00,2021,8,6
5350637.00,2022,31,6
5350637.00,2023,9,
5350637.00,2024,10,
5350638.00,2018,2,3
5350638.00,2019,0,2
5350638.00,2020,1,0
5350638.00,2021,16,1
5350638.00,2022,24,0
5350638.00,2023,2,
5350638.00,2024,0,
5350639.00,2018,1,0
5350639.00,2019,0,1
5350639.00,2020,1,0
5350639.00,2021,2,2
5350639.00,2022,1,1
5350639.00,2023,0,
5350639.00,2024,0,
5350800.01,2018,265,5
5350800.01,2019,5,4
5350800.01,2020,3,3
5350800.01,2021,0,3
5350800.01,2022,0,0
5350800.01,2023,7,
5350800.01,2024,1,
5350800.02,2018,69,4
5350800.02,2019,0,15
5350800.02,2020,298,306
5350800.02,2021,324,0
5350800.02,2022,281,1
5350800.02,2023,0,
5350800.02,2024,710,
5350801.01,2018,3,4
5350801.01,2019,0,2
5350801.01,2020,0,0
5350801.01,2021,0,0
5350801.01,2022,2,0
5350801.01,2023,0,
5350801.01,2024,1,
5350801.02,2018,9,9
5350801.02,2019,9,10
5350801.02,2020,15,8
5350801.02,2021,25,19
5350801.02,2022,5,13
5350801.02,2023,7,
5350801.02,2024,2,
5350802.01,2018,0,6
5350802.01,2019,1,0
5350802.01,2020,1,1
5350802.01,2021,1,0
5350802.01,2022,1,2
5350802.01,2023,423,
5350802.01,2024,0,
5350802.02,2018,3,1
5350802.02,2019,3,4
5350802.02,2020,1,2
5350802.02,2021,2,2
5350802.02,2022,4,2
5350802.02,2023,1,
5350802.02,2024,1,
5350803.03,2018,100,4
5350803.03,2019,98,6
5350803.03,2020,4,194
5350803.03,2021,5,5
5350803.03,2022,10,4
5350803.03,2023,37,
5350803.03,2024,5,
5350803.04,2018,16,17
5350803.04,2019,5,2
5350803.04,2020,40,28
5350803.04,2021,114,55
5350803.04,2022,1,101
5350803.04,2023,0,
5350803.04,2024,1,
5350803.05,2018,20,8
5350803.05,2019,10,24
5350803.05,2020,0,13
5350803.05,2021,11,9
5350803.05,2022,62,11
5350803.05,2023,2,
5350803.05,2024,0,
5350803.06,2018,0,0
5350803.06,2019,0,0
5350803.06,2020,1,0
5350803.06,2021,13,5
5350803.06,2022,0,9
5350803.06,2023,0,
5350803.06,2024,0,
5350804.01,2018,3,6
5350804.01,2019,0,2
5350804.01,2020,1,1
5350804.01,2021,11,1
5350804.01,2022,0,0
5350804.01,2023,4,
5350804.01,2024,0,
5350804.05,2018,4,13
5350804.05,2019,1,0
5350804.05,2020,231,2
5350804.05,2021,7,8
5350804.05,2022,1,0
5350804.05,2023,95,
5350804.05,2024,1,
5350804.06,2018,1,0
5350804.06,2019,0,1
5350804.06,2020,1,0
5350804.06,2021,1,2
5350804.06,2022,0,0
5350804.06,2023,3,
5350804.06,2024,1,
5350804.07,2018,1,0
5350804.07,2019,1,1
5350804.07,2020,1,1
5350804.07,2021,96,1
5350804.07,2022,3,0
5350804.07,2023,2,
5350804.07,2024,6,
5350804.08,2018,0,0
5350804.08,2019,0,0
5350804.08,2020,0,0
5350804.08,2021,1,0
5350804.08,2022,0,0
5350804.08,2023,0,
5350804.08,2024,0,
5350804.10,2018,0,0
5350804.10,2019,0,0
5350804.10,2020,1,1
5350804.10,2021,0,0
5350804.10,2022,0,0
5350804.10,2023,36,
5350804.10,2024,0,
5350804.11,2018,136,0
5350804.11,2019,0,136
5350804.11,2020,0,0
5350804.11,2021,0,0
5350804.11,2022,0,96
5350804.11,2023,60,
5350804.11,2024,49,
5350804.12,2018,293,565
5350804.12,2019,104,116
5350804.12,2020,192,104
5350804.12,2021,33,167
5350804.12,2022,384,49
5350804.12,2023,0,
5350804.12,2024,129,
5350804.13,2018,0,0
5350804.13,2019,0,0
5350804.13,2020,0,0
5350804.13,2021,40,24
5350804.13,2022,0,16
5350804.13,2023,0,
5350804.13,2024,0,
5350805.04,2018,27,61
5350805.04,2019,30,11
5350805.04,2020,54,70
5350805.04,2021,56,63
5350805.04,2022,41,102
5350805.04,2023,26,
5350805.04,2024,20,
5350805.06,2018,36,0
5350805.06,2019,0,47
5350805.06,2020,0,19
5350805.06,2021,0,0
5350805.06,2022,0,0
5350805.06,2023,0,
5350805.06,2024,0,
5350805.09,2018,30,0
5350805.09,2019,0,0
5350805.09,2020,0,0
5350805.09,2021,40,0
5350805.09,2022,0,26
5350805.09,2023,0,
5350805.09,2024,0,
5350805.10,2018,0,0
5350805.10,2019,0,0
5350805.10,2020,0,0
5350805.10,2021,0,0
5350805.10,2022,3,0
5350805.10,2023,0,
5350805.10,2024,0,
5350805.16,2018,15,0
5350805.16,2019,1,15
5350805.16,2020,6,2
5350805.16,2021,0,5
5350805.16,2022,0,0
5350805.16,2023,0,
5350805.16,2024,0,
5350805.17,2018,0,2
5350805.17,2019,0,0
5350805.17,2020,0,0
5350805.17,2021,0,0
5350805.17,2022,1,0
5350805.17,2023,0,
5350805.17,2024,0,
5350805.18,2018,0,0
5350805.18,2019,0,0
5350805.18,2020,0,0
5350805.18,2021,0,0
5350805.18,2022,0,0
5350805.18,2023,0,
5350805.18,2024,1,
5350805.19,2018,0,0
5350805.19,2019,0,0
5350805.19,2020,0,0
5350805.19,2021,0,0
5350805.19,2022,0,0
5350805.19,2023,0,
5350805.19,2024,0,
5350805.20,2018,0,0
5350805.20,2019,0,0
5350805.20,2020,0,0
5350805.20,2021,86,0
5350805.20,2022,209,0
5350805.20,2023,0,
5350805.20,2024,31,
5350805.21,2018,0,0
5350805.21,2019,0,0
5350805.21,2020,0,0
5350805.21,2021,0,0
5350805.21,2022,0,0
5350805.21,2023,0,
5350805.21,2024,0,
5350805.22,2023,0,
5350805.22,2024,0,
5350805.23,2023,1,
5350805.23,2024,0,
5350805.24,2023,0,
5350805.24,2024,0,
5350805.25,2023,35,
5350805.25,2024,0,
5350805.26,2023,4,
5350805.26,2024,0,
5350805.27,2023,0,
5350805.27,2024,0,
5350806.00,2018,261,4
5350806.00,2019,327,347
5350806.00,2020,459,313
5350806.00,2021,229,213
5350806.00,2022,716,125
5350806.00,2023,978,
5350806.00,2024,885,
5350807.00,2018,4,3
5350807.00,2019,3,2
5350807.00,2020,3,2
5350807.00,2021,2,3
5350807.00,2022,1,2
5350807.00,2023,1,
5350807.00,2024,41,
5350810.01,2018,308,272
5350810.01,2019,0,0
5350810.01,2020,0,308
5350810.01,2021,0,0
5350810.01,2022,0,0
5350810.01,2023,0,
5350810.01,2024,0,
5350810.02,2018,0,0
5350810.02,2019,0,0
5350810.02,2020,0,0
5350810.02,2021,0,0
5350810.02,2022,0,0
5350810.02,2023,0,
5350810.02,2024,0,
5350810.03,2018,2,2
5350810.03,2019,0,0
5350810.03,2020,0,0
5350810.03,2021,0,0
5350810.03,2022,0,0
5350810.03,2023,0,
5350810.03,2024,2,
5350810.04,2018,0,0
5350810.04,2019,0,0
5350810.04,2020,0,0
5350810.04,2021,16,16
5350810.04,2022,0,0
5350810.04,2023,227,
5350810.04,2024,324,
5350810.05,2018,0,0
5350810.05,2019,0,0
5350810.05,2020,0,0
5350810.05,2021,0,0
5350810.05,2022,0,0
5350810.05,2023,0,
5350810.05,2024,0,
5350811.00,2018,1,1
5350811.00,2019,18,0
5350811.00,2020,17,35
5350811.00,2021,0,0
5350811.00,2022,2,0
5350811.00,2023,112,
5350811.00,2024,30,
5350812.00,2018,2,2
5350812.00,2019,0,1
5350812.00,2020,0,0
5350812.00,2021,0,0
5350812.00,2022,54,0
5350812.00,2023,0,
5350812.00,2024,1,
5350820.03,2018,0,0
5350820.03,2019,0,0
5350820.03,2020,0,0
5350820.03,2021,0,0
5350820.03,2022,0,0
5350820.03,2023,0,
5350820.03,2024,0,
5350820.04,2018,0,0
5350820.04,2019,0,0
5350820.04,2020,0,0
5350820.04,2021,0,0
5350820.04,2022,0,0
5350820.04,2023,0,
5350820.04,2024,0,
5350820.05,2018,26,33
5350820.05,2019,0,4
5350820.05,2020,1,0
5350820.05,2021,0,28
5350820.05,2022,0,0
5350820.05,2023,5,
5350820.05,2024,0,
5350820.06,2018,0,0
5350820.06,2019,0,0
5350820.06,2020,0,0
5350820.06,2021,1,1
5350820.06,2022,0,0
5350820.06,2023,0,
5350820.06,2024,0,
5350820.07,2018,1,1
5350820.07,2019,0,0
5350820.07,2020,0,0
5350820.07,2021,0,0
5350820.07,2022,1,1
5350820.07,2023,0,
5350820.07,2024,0,
5350830.00,2018,6,27
5350830.00,2019,4,6
5350830.00,2020,1,5
5350830.00,2021,22,2
5350830.00,2022,8,7
5350830.00,2023,8,
5350830.00,2024,7,
5350831.01,2018,4,9
5350831.01,2019,3,4
5350831.01,2020,2,0
5350831.01,2021,4,4
5350831.01,2022,61,34
5350831.01,2023,29,
5350831.01,2024,4,
5350831.02,2018,2,17
5350831.02,2019,15,8
5350831.02,2020,24,25
5350831.02,2021,45,22
5350831.02,2022,6,29
5350831.02,2023,94,
5350831.02,2024,28,
5350832.00,2018,6,11
5350832.00,2019,3,6
5350832.00,2020,4,5
5350832.00,2021,5,7
5350832.00,2022,2,1
5350832.00,2023,0,
5350832.00,2024,8,
5370200.00,2018,0,0
5370200.00,2019,0,0
5370200.00,2020,4,3
5370200.00,2021,2,1
5370200.00,2022,3,6
5370200.00,2023,56,
5370200.00,2024,82,
5370201.00,2018,0,0
5370201.00,2019,1,0
5370201.00,2020,1,1
5370201.00,2021,0,1
5370201.00,2022,0,0
5370201.00,2023,5,
5370201.00,2024,31,
5370202.00,2018,0,0
5370202.00,2019,0,0
5370202.00,2020,0,0
5370202.00,2021,6,0
5370202.00,2022,0,6
5370202.00,2023,0,
5370202.00,2024,0,
5370203.00,2018,13,35
5370203.00,2019,8,8
5370203.00,2020,1,3
5370203.00,2021,2,3
5370203.00,2022,0,0
5370203.00,2023,1,
5370203.00,2024,1,
5370204.00,2018,8,8
5370204.00,2019,3,3
5370204.00,2020,0,0
5370204.00,2021,27,0
5370204.00,2022,0,27
5370204.00,2023,1,
5370204.00,2024,9,
5370205.01,2018,2,4
5370205.01,2019,4,4
5370205.01,2020,5,3
5370205.01,2021,13,11
5370205.01,2022,20,23
5370205.01,2023,17,
5370205.01,2024,3,
5370205.02,2018,20,17
5370205.02,2019,27,32
5370205.02,2020,53,17
5370205.02,2021,27,20
5370205.02,2022,19,36
5370205.02,2023,20,
5370205.02,2024,3,
5370210.00,2018,38,35
5370210.00,2019,57,38
5370210.00,2020,57,70
5370210.00,2021,93,65
5370210.00,2022,77,114
5370210.00,2023,141,
5370210.00,2024,159,
5370211.00,2018,54,40
5370211.00,2019,52,49
5370211.00,2020,42,50
5370211.00,2021,52,72
5370211.00,2022,41,32
5370211.00,2023,19,
5370211.00,2024,21,
5370212.00,2018,13,12
5370212.00,2019,8,8
5370212.00,2020,26,19
5370212.00,2021,53,16
5370212.00,2022,44,66
5370212.00,2023,10,
5370212.00,2024,15,
5370213.00,2018,8,11
5370213.00,2019,8,4
5370213.00,2020,4,8
5370213.00,2021,8,4
5370213.00,2022,9,8
5370213.00,2023,6,
5370213.00,2024,7,
