geoid,year,median_income,median_rent,population,previous_population,renter_households,rent_burden_pct,dwellings_total,dwellings_single_detached,dwellings_semi_detached,dwellings_row_house,dwellings_apt_duplex,dwellings_apt_low_rise,dwellings_apt_high_rise,owner_households,tenure_renter_households
5320001.00,2021,68000.0,1150.0,3578,3389,795,42.7,1570,695,60,115,195,505,0,745,795
5320002.01,2021,76500.0,1020.0,4265,4132,665,22.0,1635,800,185,210,235,200,0,1000,660
5320002.02,2021,56400.0,1080.0,4624,4521,1510,37.8,1965,100,110,400,45,310,990,430,1510
5320002.03,2021,84000.0,1400.0,6253,6075,525,37.1,2330,630,1030,275,150,115,120,1825,525
5320003.01,2021,87000.0,1300.0,4386,4321,455,30.8,1620,315,885,35,75,305,0,1165,460
5320003.02,2021,101000.0,1490.0,6592,6313,450,46.7,2445,1870,175,145,105,145,0,1990,455
5320004.01,2021,81000.0,1140.0,3077,2963,415,37.3,1225,525,105,305,95,195,0,830,415
5320004.02,2021,54800.0,1250.0,4172,4081,1480,48.5,2120,660,65,5,110,625,650,615,1475
5320005.00,2021,52800.0,1090.0,4040,3833,1125,41.2,1895,715,45,60,205,465,400,785,1130
5320006.00,2021,61600.0,1130.0,3641,3524,875,37.9,1555,490,190,75,150,495,145,660,875
5320007.00,2021,79000.0,1430.0,5575,5170,695,37.5,2335,1725,70,15,330,185,0,1655,695
5320008.01,2021,99000.0,1410.0,3805,3824,205,40.0,1345,770,365,45,115,50,0,1155,205
5320008.02,2021,82000.0,1570.0,2649,2531,335,47.8,1035,715,85,115,85,35,0,690,340
5320008.03,2021,98000.0,1530.0,4352,4393,300,28.3,1700,1530,0,0,145,25,0,1395,305
5320008.05,2021,91000.0,1090.0,3280,3196,370,35.1,1335,955,90,0,85,135,80,965,370
5320008.06,2021,119000.0,1860.0,5461,5462,120,29.2,1795,1470,180,110,30,5,0,1675,120
5320008.08,2021,130000.0,2180.0,3858,3843,80,31.3,1240,1205,0,0,30,0,0,1180,85
5320008.09,2021,111000.0,2560.0,4386,4090,450,80.0,1540,1000,0,330,30,0,175,1065,450
5320009.01,2021,75500.0,1230.0,2710,2657,465,41.3,1215,700,65,0,145,230,80,740,460
5320009.02,2021,96000.0,1380.0,3310,3263,205,24.4,1210,390,400,305,70,45,0,1005,205
5320009.03,2021,97000.0,1140.0,6077,5999,635,20.5,2170,1175,330,460,70,85,50,1530,640
5320009.04,2021,92000.0,1580.0,2780,2667,195,35.9,1100,875,105,0,95,30,0,905,190
5320009.05,2021,78000.0,1410.0,5408,5399,1100,47.0,2480,890,115,635,25,285,530,1380,1095
5320010.00,2021,45600.0,1050.0,5346,4524,2200,48.5,2985,295,30,135,280,615,1530,760,2205
5320011.00,2021,84000.0,1390.0,5142,5284,700,47.1,2155,1295,60,95,125,245,340,1465,695
5320012.01,2021,65000.0,1350.0,3438,3266,945,46.3,1400,465,0,185,95,480,175,485,945
5320012.02,2021,86000.0,1680.0,2882,2613,315,47.6,1195,1020,10,0,145,20,5,875,310
5320013.00,2021,111000.0,1490.0,6451,6369,400,50.0,2465,2145,10,0,85,80,140,2040,400
5320014.01,2021,98000.0,1210.0,2676,2469,310,35.5,1050,790,0,70,25,165,0,765,310
5320014.02,2021,52000.0,1250.0,5238,5072,2175,45.5,2505,10,0,375,0,120,2000,315,2175
5320015.02,2021,94000.0,1620.0,4550,4075,455,39.3,1625,680,135,695,50,10,55,1165,460
5320015.03,2021,80000.0,1300.0,1795,1694,285,31.6,740,365,145,0,65,160,0,475,280
5320015.04,2021,74000.0,1040.0,3178,2245,580,54.9,1250,850,0,270,55,30,40,685,575
5320016.04,2021,114000.0,2300.0,14443,7396,1190,45.1,4265,3650,15,470,50,65,0,3070,1195
5320016.05,2021,108000.0,1760.0,5831,5782,295,49.2,1925,1255,195,395,15,5,55,1635,300
5320016.06,2021,132000.0,2320.0,6385,5466,290,41.4,1755,1570,55,110,15,0,0,1475,290
5320016.07,2021,134000.0,2720.0,3920,1895,160,43.8,940,910,0,0,30,0,0,780,155
5320016.08,2021,151000.0,2420.0,5829,5662,125,44.0,1520,1495,5,10,15,0,0,1385,120
5320100.01,2021,112000.0,1530.0,7312,6584,570,45.6,2765,1125,80,580,25,345,605,2190,575
5320100.02,2021,94000.0,1450.0,5499,5638,760,40.4,2045,1130,0,200,35,10,660,1270,755
5320100.03,2021,133000.0,1820.0,8108,6316,400,27.5,2705,2055,285,275,40,55,5,2330,405
5320101.02,2021,115000.0,1410.0,4188,4114,240,56.3,1510,1215,15,65,75,25,115,1290,240
5320101.03,2021,126000.0,1900.0,4023,4063,95,29.4,1355,1270,10,5,65,0,5,1255,90
5320101.04,2021,106000.0,1350.0,4887,4607,415,30.1,1835,1060,30,455,20,140,130,1400,420
5320101.05,2021,86000.0,1300.0,4177,3840,610,45.1,1680,595,240,300,70,180,300,1045,605
5320101.06,2021,120000.0,1860.0,4580,4566,115,50.0,1430,1195,5,155,75,0,0,1320,120
5320102.01,2021,118000.0,1410.0,3185,3240,135,18.5,1100,630,0,430,30,0,0,970,130
5320102.02,2021,49200.0,1200.0,2435,2265,955,51.1,1315,285,5,25,40,410,540,350,960
5320102.03,2021,79500.0,1050.0,3024,3053,575,32.2,1310,690,45,25,25,265,260,745,575
5320103.00,2021,74000.0,1100.0,2787,2544,645,33.6,1280,710,20,5,90,350,100,650,650
5320104.00,2021,100000.0,1400.0,4590,4173,430,49.4,1740,1130,15,180,135,265,5,1290,435
5320105.04,2021,133000.0,1350.0,4760,4669,150,33.3,1405,890,25,420,5,10,50,1250,145
5320105.05,2021,121000.0,2100.0,4947,4508,250,40.0,1665,825,95,500,10,240,0,1415,245
5320105.06,2021,118000.0,2860.0,2763,2815,215,61.9,1000,460,90,305,10,5,120,800,215
5320105.07,2021,146000.0,2000.0,5535,5746,60,33.3,1805,1590,30,5,25,0,155,1740,65
5320105.08,2021,151000.0,2320.0,4212,3171,100,25.0,1175,1145,0,0,25,5,0,1075,100
5320105.09,2021,123000.0,1250.0,5063,4722,285,38.6,1645,1120,90,305,5,0,130,1360,285
5320105.10,2021,132000.0,1060.0,6704,6796,345,19.4,2040,1725,15,170,25,0,110,1700,345
5320105.14,2021,133000.0,2840.0,5323,3329,215,34.9,1590,1455,35,90,5,10,0,1375,215
5320105.15,2021,138000.0,2200.0,7857,7395,170,42.4,2390,1750,85,530,10,15,0,2225,170
5320105.17,2021,144000.0,990.0,1678,1738,75,0.0,570,565,0,0,5,0,0,495,75
5320105.18,2021,164000.0,2120.0,5353,4942,85,41.2,1605,1395,0,200,5,0,0,1520,85
5320105.19,2021,159000.0,2300.0,5936,5801,95,31.6,1745,1520,0,225,0,0,0,1645,95
5320105.20,2021,166000.0,2660.0,6056,6011,55,45.5,1745,1605,0,130,5,0,0,1675,55
5320105.21,2021,124000.0,1260.0,2179,2137,75,40.0,815,625,5,60,10,110,0,755,75
5320105.22,2021,130000.0,2600.0,1484,5,55,36.4,435,295,40,100,0,0,0,380,50
5320105.23,2021,143000.0,2260.0,6627,6537,120,45.8,1810,1405,105,295,0,0,0,1710,120
5320105.24,2021,166000.0,,3229,3052,35,57.1,940,845,10,80,0,0,0,910,30
5320200.00,2021,113000.0,1150.0,6242,5999,230,47.8,2280,2155,10,45,30,40,0,2050,225
5320201.01,2021,106000.0,1900.0,7678,6448,330,40.9,2910,2465,5,120,20,300,0,2565,325
5320201.02,2021,111000.0,1200.0,4003,3845,205,40.0,1460,1195,0,75,25,65,40,1280,200
5320202.04,2021,129000.0,1700.0,6248,5830,185,35.1,2070,1805,45,35,90,100,0,1910,190
5320202.05,2021,122000.0,1860.0,5335,5444,120,37.5,1795,1470,0,280,35,0,0,1690,115
5320202.08,2021,109000.0,1660.0,3256,3009,140,39.3,1140,975,30,45,70,20,0,990,140
5320202.09,2021,119000.0,1680.0,3359,3205,115,30.4,1195,1040,5,60,85,5,0,1100,115
5320202.11,2021,104000.0,1740.0,7773,6822,590,43.6,2835,1515,40,470,45,670,85,2240,590
5320202.12,2021,127000.0,,2455,2525,35,0.0,825,625,20,170,0,0,0,775,35
5320202.13,2021,131000.0,2240.0,3163,2854,45,44.4,985,830,0,155,0,0,0,915,45
5320202.14,2021,101000.0,1450.0,714,742,45,42.9,265,235,10,0,10,15,0,225,40
5320202.15,2021,67000.0,,974,902,15,0.0,560,545,0,10,0,0,0,545,20
5320202.16,2021,123000.0,2140.0,7691,4236,395,33.8,2380,2045,80,155,65,20,0,1930,395
5320202.17,2021,107000.0,1660.0,2240,2239,60,50.0,880,455,10,215,15,180,0,815,55
5320202.18,2021,127000.0,1840.0,2604,2488,60,41.7,875,810,0,40,20,0,0,830,60
5320203.01,2021,117000.0,1600.0,4940,4859,245,24.5,1660,1265,20,340,15,20,5,1420,250
5320203.02,2021,124000.0,1600.0,5608,5088,230,28.3,1835,1625,15,135,35,10,0,1585,235
5320203.03,2021,88000.0,1220.0,4240,4228,540,44.4,1620,920,125,105,60,305,105,1095,545
5320203.05,2021,134000.0,2000.0,5114,4484,95,42.1,1620,1330,0,225,20,35,0,1525,95
5320203.06,2021,106000.0,1270.0,3734,3476,260,25.0,1395,1085,25,140,75,65,5,1140,255
5320204.00,2021,78000.0,1540.0,4548,3830,810,54.9,1960,1105,115,65,75,315,275,1130,805
5320205.01,2021,104000.0,,617,698,25,0.0,230,100,80,45,5,0,0,205,25
5320205.02,2021,106000.0,1150.0,3955,3852,245,40.8,1475,680,425,195,75,105,0,1255,240
5320206.00,2021,130000.0,1760.0,4936,4910,125,36.0,1705,1665,10,5,15,5,0,1600,140
5350001.00,2021,137000.0,1520.0,599,595,55,36.4,235,15,85,85,5,40,0,190,55
5350002.00,2021,85000.0,1500.0,604,620,35,71.4,285,250,25,0,5,10,0,250,30
5350004.00,2021,50000.0,1130.0,6306,6686,3030,44.8,3275,70,55,10,95,1260,1790,240,3030
5350005.00,2021,66000.0,1300.0,6957,6424,2745,36.0,3720,40,40,310,25,875,2420,980,2740
5350006.00,2021,,,119,0,,,0,0,0,0,0,0,0,,
5350007.01,2021,57200.0,1180.0,3402,3237,1495,41.1,1650,60,55,15,60,475,985,225,1490
5350007.02,2021,53600.0,1230.0,4422,4753,2230,46.4,2370,35,10,5,15,490,1820,75,2235
5350008.01,2021,97000.0,2080.0,8480,7503,2785,44.9,5470,0,0,165,0,290,5020,2605,2785
5350008.02,2021,90000.0,1940.0,11591,9942,3850,42.9,7020,5,0,25,0,115,6875,3175,3845
5350009.00,2021,45200.0,1200.0,520,567,175,40.0,170,0,0,0,0,0,170,0,180
5350010.01,2021,110000.0,2060.0,5611,5428,1360,34.8,3185,15,35,290,195,620,2035,1895,1360
5350010.02,2021,97000.0,1740.0,7468,7740,1970,40.7,4265,25,80,350,105,665,2990,2295,1965
5350011.01,2021,97000.0,2080.0,9592,6506,3695,44.7,6380,0,55,60,25,270,5955,2690,3700
5350011.02,2021,88000.0,2040.0,9746,6373,4205,47.9,6570,5,0,10,0,35,6520,2485,4205
5350011.03,2021,84000.0,2000.0,6391,4670,2615,51.8,4120,0,0,0,0,25,4090,1380,2610
5350012.01,2021,84000.0,1960.0,13554,11658,4840,45.2,7895,0,0,65,0,5,7825,3050,4845
5350012.03,2021,98000.0,2060.0,8957,8865,2990,39.9,5175,0,0,0,0,5,5170,2205,2995
5350012.04,2021,95000.0,2100.0,5688,4899,2095,45.5,3480,0,0,0,0,0,3480,1365,2095
5350013.01,2021,91000.0,1840.0,6820,6290,2820,36.5,4240,0,0,0,0,45,4190,1465,2820
5350013.02,2021,100000.0,2220.0,10439,8126,3395,43.4,6175,5,0,0,0,5,6165,2740,3390
5350014.00,2021,92000.0,2000.0,2382,1242,785,56.0,1315,0,0,0,0,0,1310,550,790
5350015.00,2021,94000.0,1940.0,4922,3663,1505,41.6,3045,0,0,10,0,55,2985,1505,1505
5350016.00,2021,95000.0,1840.0,11144,10101,3275,42.7,6845,5,20,225,25,750,5790,3565,3275
5350017.01,2021,94000.0,1980.0,4787,2324,1360,41.3,2950,0,0,0,0,5,2940,1550,1355
5350017.02,2021,69500.0,1400.0,8710,5582,3720,36.2,5140,0,5,410,65,215,4440,1465,3720
5350018.00,2021,105000.0,2080.0,3633,2456,990,39.6,1990,50,200,185,15,375,1155,955,990
5350019.00,2021,80000.0,1030.0,3269,3258,650,27.9,1370,55,410,40,70,675,95,765,645
5350020.00,2021,147000.0,2300.0,2298,2390,150,50.0,990,225,160,115,5,145,340,860,145
5350021.00,2021,89000.0,1530.0,5192,5199,1465,48.5,2610,390,260,90,150,1710,0,1130,1465
5350022.00,2021,149000.0,1550.0,3847,3883,360,41.7,1480,600,270,65,75,465,0,1120,360
5350023.00,2021,134000.0,1530.0,3374,3208,330,53.0,1410,730,105,15,70,385,100,1080,330
5350024.00,2021,115000.0,1600.0,6891,6887,1150,42.7,2940,650,670,65,145,1190,230,1785,1155
5350025.00,2021,84000.0,1200.0,3553,3456,795,40.3,1630,220,295,225,55,815,0,840,795
5350026.00,2021,98000.0,1300.0,6409,6486,1040,36.5,2740,560,615,270,175,1010,80,1695,1045
5350027.00,2021,98000.0,1210.0,4405,4390,695,30.7,1760,190,450,115,100,845,55,1075,690
5350028.01,2021,118000.0,2260.0,1290,1387,250,30.6,650,10,165,100,15,145,225,425,250
5350028.02,2021,109000.0,1700.0,5868,6198,1000,33.2,2765,240,535,215,185,490,1075,1700,1000
5350029.00,2021,92000.0,1040.0,6722,6987,1390,36.5,2945,185,335,900,225,1020,265,1520,1395
5350030.00,2021,76500.0,1390.0,6926,4529,2155,37.6,3265,10,45,340,10,340,2460,1290,2155
5350031.00,2021,52000.0,920.0,5871,6274,2155,27.0,2845,0,0,185,5,260,2390,510,2160
5350032.00,2021,41600.0,1070.0,6042,5363,2785,43.5,3320,50,65,255,30,1135,1780,570,2790
5350033.00,2021,36400.0,800.0,5515,5042,2565,31.7,3120,10,50,225,45,550,2240,520,2565
5350034.01,2021,62400.0,1640.0,5337,4554,2130,53.3,3160,5,10,105,20,75,2930,985,2130
5350034.02,2021,61600.0,1720.0,7992,5147,3430,50.2,4900,10,10,0,5,165,4700,1495,3430
5350035.00,2021,66000.0,2000.0,10506,9876,4270,55.9,6150,0,0,0,0,35,6115,1850,4275
5350036.00,2021,65500.0,1700.0,5685,5487,2320,46.3,3400,5,20,135,40,430,2755,1100,2320
5350037.00,2021,61200.0,1600.0,4802,4494,1695,51.7,2360,15,55,65,50,965,1175,640,1690
5350038.00,2021,51600.0,1430.0,3605,3772,1065,44.2,1720,40,100,145,120,750,550,585,1065
5350039.00,2021,63600.0,1150.0,4505,4192,1435,31.1,2045,10,20,195,5,670,1140,670,1440
5350040.00,2021,90000.0,1570.0,4274,4568,670,35.8,1740,130,225,335,310,645,0,1065,670
5350041.00,2021,97000.0,1900.0,3324,3453,600,41.2,1480,65,185,295,45,650,235,885,600
5350042.00,2021,86000.0,1550.0,4423,4570,990,42.1,1960,120,220,105,235,1135,20,970,990
5350043.00,2021,96000.0,1800.0,3670,3965,775,46.1,1660,60,120,155,220,790,200,885,780
5350044.01,2021,95000.0,1860.0,5016,5071,1295,42.4,2410,80,120,240,145,1065,745,1090,1295
5350044.02,2021,80000.0,1900.0,4255,3754,1705,48.7,2700,0,5,15,5,85,2590,985,1710
5350045.00,2021,85000.0,1500.0,3247,3453,930,43.2,1455,95,145,115,30,925,135,545,935
5350046.00,2021,83000.0,1350.0,3151,3281,575,35.7,1320,85,175,265,55,610,95,755,580
5350047.02,2021,54400.0,1050.0,3511,3791,1335,31.7,1775,55,100,35,65,615,905,430,1335
5350047.03,2021,115000.0,2200.0,1014,703,235,38.3,550,30,20,10,15,475,0,325,235
5350047.04,2021,114000.0,1620.0,2773,2846,420,44.0,1125,195,290,110,165,365,0,710,425
5350048.00,2021,93000.0,1500.0,3353,3557,765,45.1,1475,205,245,70,75,635,235,690,765
5350049.00,2021,106000.0,1480.0,3351,3663,695,44.6,1365,225,240,10,135,705,50,655,695
5350050.01,2021,103000.0,1920.0,8648,8746,1130,35.9,4235,945,40,160,50,380,2660,3105,1125
5350050.03,2021,106000.0,1780.0,1085,1109,120,34.8,565,125,0,100,5,5,325,465,120
5350050.04,2021,90000.0,1210.0,4907,5008,1105,33.5,2145,810,135,10,85,815,285,1040,1100
5350051.00,2021,102000.0,1500.0,4979,5399,1160,40.6,2140,530,95,0,255,1140,95,975,1160
5350052.00,2021,104000.0,1660.0,4074,4077,870,36.0,1865,195,360,90,70,635,500,1000,870
5350053.00,2021,84000.0,1460.0,5823,5982,1245,41.6,2645,130,315,60,285,1365,395,1415,1245
5350054.00,2021,72500.0,1500.0,5453,5803,1840,43.8,2630,175,190,50,85,1260,865,775,1840
5350055.00,2021,87000.0,1720.0,2691,2763,795,49.4,1305,90,125,0,120,855,80,510,800
5350056.00,2021,94000.0,1800.0,4436,4772,1010,40.0,1960,165,480,155,180,945,0,945,1010
5350057.00,2021,84000.0,1700.0,2287,2311,695,45.3,1080,35,180,80,15,780,5,420,695
5350058.00,2021,85000.0,1760.0,3757,3980,1115,39.7,1830,90,200,75,95,1095,235,690,1110
5350059.00,2021,96000.0,1960.0,3843,3837,770,49.0,1400,70,140,210,80,880,0,655,765
5350060.00,2021,80000.0,1740.0,2550,2685,740,51.4,1365,50,80,75,80,310,720,590,745
5350061.00,2021,44400.0,1120.0,1202,1085,470,29.8,480,10,5,10,10,120,320,15,465
5350062.01,2021,64000.0,1940.0,4843,5595,2080,57.1,2620,0,0,15,0,115,2480,565,2080
5350062.03,2021,62400.0,2160.0,4224,3350,1670,65.3,2560,0,0,25,0,10,2530,840,1665
5350062.04,2021,52800.0,1980.0,8524,5734,3625,62.5,5410,0,0,0,0,40,5360,1805,3625
5350063.03,2021,70000.0,1660.0,4869,5104,2250,47.2,3185,0,0,20,0,115,3040,990,2255
5350063.04,2021,53600.0,1600.0,4778,3370,2555,48.8,3110,0,15,65,0,285,2745,665,2555
5350063.05,2021,60400.0,1860.0,6551,4331,2925,57.4,4250,0,0,0,0,135,4105,1270,2920
5350063.06,2021,57200.0,1570.0,6217,5171,3385,48.5,4080,5,0,40,5,335,3685,635,3380
5350064.00,2021,80000.0,1700.0,4963,4311,2045,46.8,2930,10,5,100,20,415,2380,915,2045
5350065.01,2021,60800.0,1450.0,2650,2483,1400,41.4,1465,0,0,5,0,65,1390,35,1400
5350065.02,2021,50400.0,1140.0,11120,11821,5025,30.5,5135,0,0,0,0,50,5085,105,5030
5350066.00,2021,67000.0,1340.0,7062,7608,2640,40.0,4190,20,30,100,55,840,3135,1595,2640
5350067.00,2021,153000.0,2200.0,1692,1694,170,35.3,780,75,185,255,20,245,5,600,175
5350068.00,2021,101000.0,1110.0,2451,2367,590,34.7,1225,65,240,285,100,460,80,600,595
5350069.00,2021,135000.0,1410.0,4847,4923,490,32.0,1825,285,555,100,190,660,0,1370,490
5350070.00,2021,83000.0,1460.0,3302,3512,1030,52.2,1670,185,320,5,50,430,680,600,1035
5350071.00,2021,109000.0,1380.0,3342,3481,525,38.8,1405,335,445,260,60,305,0,885,520
5350072.01,2021,73000.0,800.0,4509,4586,1040,26.3,1880,200,465,295,90,315,500,845,1040
5350072.02,2021,106000.0,1250.0,2985,3141,380,37.8,1220,275,350,75,70,450,0,835,385
5350073.00,2021,94000.0,1520.0,2478,2605,410,37.8,990,155,205,50,95,470,0,630,405
5350074.00,2021,90000.0,1310.0,3723,3848,700,37.9,1560,285,260,45,115,755,90,900,700
5350075.00,2021,89000.0,1090.0,4014,4083,725,47.6,1740,120,610,55,50,635,265,970,725
5350076.00,2021,97000.0,1010.0,4237,4415,660,33.6,1790,275,635,50,50,365,420,1115,655
5350077.00,2021,110000.0,1180.0,4493,4670,645,37.0,1815,380,625,20,70,580,135,1180,650
5350078.00,2021,87000.0,1100.0,6282,6016,1420,31.2,2930,600,570,85,165,955,555,1465,1420
5350079.00,2021,126000.0,1140.0,7424,7327,755,37.3,2875,675,895,385,120,460,325,2170,750
5350080.01,2021,93000.0,1290.0,3707,3352,685,42.6,1585,405,350,15,130,620,45,950,690
5350080.02,2021,63600.0,1250.0,4642,4686,1455,39.7,2110,105,140,115,90,330,1310,605,1455
5350081.00,2021,112000.0,1480.0,2848,2848,270,37.7,1090,190,470,0,45,385,0,790,270
5350082.00,2021,115000.0,1350.0,2647,2766,340,35.8,1020,275,355,0,70,310,5,730,340
5350083.00,2021,76500.0,850.0,3869,4052,825,32.9,1800,220,420,30,65,650,395,960,825
5350084.00,2021,118000.0,1280.0,3552,3810,510,38.2,1460,330,370,25,95,585,60,995,505
5350085.00,2021,76000.0,1430.0,4160,3994,1395,40.2,2185,295,210,40,105,495,1025,750,1395
5350086.00,2021,278000.0,2880.0,2528,2661,115,38.1,900,675,40,5,75,105,0,760,110
5350087.00,2021,151000.0,2060.0,4814,5155,750,52.3,2375,590,225,50,55,780,685,1680,755
5350088.00,2021,90000.0,1900.0,3127,3249,880,44.3,1865,0,25,40,0,25,1775,950,885
5350089.00,2021,84000.0,2120.0,5349,3896,1510,55.7,3225,20,55,65,10,95,2975,1585,1510
5350090.00,2021,95000.0,1660.0,4020,4144,1075,42.0,2245,70,200,230,20,240,1480,1300,1070
5350091.01,2021,82000.0,1800.0,5739,6031,2135,50.4,3245,95,155,40,45,710,2195,1115,2140
5350091.02,2021,68500.0,1390.0,3421,3525,1370,37.0,1915,60,75,25,105,695,940,540,1370
5350092.00,2021,84000.0,1640.0,6818,7278,2555,44.0,3480,140,195,85,120,1695,1220,930,2555
5350093.00,2021,102000.0,1740.0,5358,5652,1015,44.8,2220,220,520,140,130,1095,80,1205,1010
5350094.00,2021,90000.0,1500.0,4699,4950,910,41.8,1960,385,375,95,200,880,10,1085,910
5350095.00,2021,88000.0,1430.0,2913,3095,560,36.0,1270,180,270,50,150,615,0,675,560
5350096.01,2021,93000.0,1300.0,1610,1658,280,43.6,645,90,85,60,55,330,0,385,275
5350096.02,2021,85000.0,1600.0,3156,3336,655,47.3,1380,175,150,60,190,715,10,750,660
5350097.01,2021,81000.0,1300.0,3929,4322,795,38.4,1515,180,175,15,150,850,125,720,800
5350097.03,2021,54800.0,1200.0,2078,1207,780,55.9,1210,25,25,20,15,70,1055,425,780
5350097.04,2021,83000.0,1640.0,5031,5462,1215,46.5,2285,170,180,55,110,660,1075,1050,1215
5350098.00,2021,91000.0,1250.0,6976,7099,1415,36.3,3000,150,460,155,65,1675,490,1580,1420
5350099.00,2021,74500.0,1300.0,6282,6585,1990,43.9,3090,325,305,30,155,835,1440,1085,1990
5350100.00,2021,89000.0,1600.0,2961,2956,510,41.8,1440,55,90,30,40,525,695,910,505
5350101.00,2021,91000.0,1450.0,3246,3128,970,35.6,1505,150,105,115,155,970,0,590,965
5350102.02,2021,67000.0,1700.0,4561,4313,2525,40.4,2690,0,0,20,0,155,2510,125,2530
5350102.03,2021,76000.0,1740.0,3576,3682,1820,44.7,2035,30,10,20,10,50,1920,245,1820
5350102.04,2021,110000.0,1660.0,706,671,150,39.3,290,85,25,5,25,150,5,140,145
5350102.05,2021,114000.0,1880.0,842,861,120,33.3,345,70,90,15,25,135,0,210,115
5350103.00,2021,125000.0,1920.0,6195,6050,785,34.2,2645,880,170,25,165,645,750,1905,785
5350104.00,2021,150000.0,1600.0,5476,5525,540,44.4,2055,1135,290,10,150,460,5,1545,540
5350105.00,2021,103000.0,1470.0,4318,4509,635,42.9,1780,440,325,145,190,640,35,1130,640
5350106.00,2021,100000.0,1320.0,3680,3773,420,26.2,1310,100,485,290,90,345,5,870,420
5350107.00,2021,99000.0,1410.0,4851,5085,475,34.4,1735,370,665,45,140,515,0,1260,470
5350108.00,2021,68500.0,900.0,5829,6013,1235,26.3,2460,125,625,265,60,870,505,1225,1230
5350109.00,2021,102000.0,1680.0,5470,5496,865,31.6,2225,265,365,645,130,790,0,1325,870
5350110.00,2021,90000.0,1270.0,3491,3577,505,39.6,1410,285,290,40,220,540,0,910,505
5350111.00,2021,101000.0,1500.0,2442,2507,220,40.9,905,200,350,25,60,265,0,680,220
5350112.00,2021,93000.0,1400.0,4761,5295,610,39.2,1845,475,560,50,115,645,0,1235,610
5350113.00,2021,93000.0,1460.0,2521,2754,575,39.5,1040,270,55,0,165,545,0,480,580
5350114.00,2021,79500.0,1210.0,5164,5349,1200,44.5,2330,415,300,15,125,795,685,1125,1200
5350115.00,2021,85000.0,1300.0,4219,4372,835,27.9,1620,140,350,230,135,650,90,815,835
5350116.00,2021,93000.0,1530.0,4445,4628,815,39.0,1835,360,240,35,80,520,580,980,815
5350117.00,2021,112000.0,1570.0,2518,2211,570,33.6,1270,125,160,135,25,320,500,705,575
5350118.00,2021,104000.0,2320.0,3995,4127,1320,52.9,2020,325,60,25,65,420,1125,725,1320
5350119.00,2021,102000.0,1700.0,4856,4630,1375,43.9,2455,435,40,40,45,400,1500,1115,1370
5350120.00,2021,178000.0,1450.0,1418,1381,150,46.4,630,70,150,160,10,155,85,465,150
5350121.00,2021,114000.0,2200.0,3183,2659,740,46.2,1760,115,125,10,30,200,1280,970,735
5350122.00,2021,97000.0,1720.0,6199,6220,2110,47.8,3435,335,170,40,85,960,1845,1375,2110
5350123.00,2021,70000.0,1540.0,2377,2268,1355,43.9,1400,10,0,0,0,10,1375,45,1360
5350124.00,2021,92000.0,1840.0,5529,5416,2160,50.0,3200,115,65,155,75,290,2500,1035,2160
5350125.00,2021,258000.0,1940.0,4270,4442,275,40.0,1540,1045,125,10,115,240,5,1270,280
5350126.00,2021,144000.0,1520.0,4164,4248,515,43.6,1670,580,610,40,50,250,150,1185,515
5350127.00,2021,134000.0,1500.0,5293,5450,705,41.0,2125,795,655,5,40,195,440,1390,705
5350128.02,2021,82000.0,1860.0,12611,8705,4650,46.7,6900,385,135,30,75,690,5580,2240,4645
5350128.04,2021,80000.0,1540.0,4772,4698,1720,43.9,2935,5,0,100,0,75,2755,1270,1720
5350128.05,2021,102000.0,1940.0,1127,945,265,48.1,485,90,35,5,25,170,155,225,265
5350128.06,2021,73500.0,1640.0,4870,4199,2535,44.6,2865,0,0,25,0,45,2800,275,2540
5350129.00,2021,110000.0,1760.0,5642,5770,1420,41.1,2565,800,95,20,205,945,500,1105,1420
5350130.00,2021,196000.0,1880.0,3355,3543,385,38.7,1250,825,35,5,45,270,75,860,385
5350131.00,2021,118000.0,1640.0,5258,5310,975,44.0,2330,855,35,40,25,490,890,1290,975
5350132.00,2021,119000.0,1420.0,5350,5467,955,35.6,2010,860,5,25,100,230,790,1045,950
5350133.00,2021,77500.0,1520.0,7082,7339,2460,40.6,3240,600,5,0,5,140,2485,790,2460
5350134.00,2021,170000.0,2020.0,2911,2959,290,44.8,1020,750,5,10,105,145,5,750,295
5350135.00,2021,82000.0,1620.0,6782,6047,2350,49.5,3430,585,375,35,85,475,1880,1125,2345
5350136.01,2021,70000.0,1660.0,7267,6128,4065,47.4,4265,5,0,30,0,590,3635,470,4060
5350136.02,2021,70000.0,1820.0,8740,4983,3615,45.9,5165,0,10,10,0,295,4840,1280,3620
5350137.00,2021,89000.0,1510.0,6916,7077,2000,39.1,3375,775,335,90,60,540,1570,1370,2005
5350138.00,2021,194000.0,1500.0,3010,3103,355,32.4,1135,735,5,0,5,255,135,785,355
5350139.01,2021,112000.0,1860.0,4316,4167,845,47.9,1965,695,45,5,40,350,840,1110,845
5350139.02,2021,198000.0,1400.0,2440,2542,210,47.6,890,565,60,5,40,130,85,655,205
5350140.00,2021,286000.0,2160.0,2341,2408,120,45.8,780,640,0,15,45,75,0,660,125
5350141.01,2021,168000.0,1700.0,4493,4320,380,44.4,1665,865,445,10,40,270,35,1325,380
5350141.02,2021,188000.0,1700.0,4653,4477,235,48.9,1620,1140,250,0,70,155,0,1330,240
5350142.00,2021,151000.0,1620.0,5589,5810,740,34.7,2175,1195,195,20,80,525,160,1445,735
5350150.00,2021,164000.0,1380.0,4210,4201,355,49.3,1585,1160,45,0,80,265,35,1230,350
5350151.00,2021,66000.0,1030.0,3756,3784,920,23.1,1520,105,500,15,10,230,645,610,920
5350152.00,2021,130000.0,1620.0,4653,4545,305,36.1,1785,880,475,45,85,295,0,1445,305
5350153.00,2021,88000.0,1200.0,4460,4462,410,29.6,1675,870,315,30,140,320,0,1255,415
5350154.00,2021,75000.0,1300.0,6192,6157,780,38.5,2770,830,190,35,90,350,1270,2000,785
5350155.00,2021,59600.0,680.0,3080,3128,570,24.8,1240,325,225,50,105,115,420,610,565
5350156.01,2021,55200.0,1070.0,5700,5688,1745,30.5,2290,340,200,5,45,110,1585,590,1745
5350156.02,2021,78000.0,1040.0,2810,2811,455,46.2,1065,410,135,105,90,325,0,620,450
5350157.00,2021,72000.0,1280.0,2716,2635,540,34.3,1035,310,65,5,40,305,300,470,540
5350158.00,2021,57600.0,1130.0,3036,2848,800,34.8,1320,305,75,10,70,370,490,555,800
5350159.01,2021,83000.0,1290.0,3506,3487,395,38.0,1270,610,165,0,135,360,5,815,395
5350159.02,2021,88000.0,1350.0,4865,4723,590,36.5,1790,790,220,10,225,370,180,1230,585
5350160.00,2021,89000.0,1300.0,3152,3116,355,38.0,1155,490,215,0,125,325,0,780,355
5350161.00,2021,86000.0,1270.0,6885,6839,1015,39.4,2555,1195,235,20,315,640,150,1560,1015
5350162.00,2021,77000.0,1310.0,4846,5119,870,44.5,1910,735,310,0,165,370,330,1050,865
5350163.00,2021,85000.0,1230.0,4308,4358,825,43.6,1745,610,245,10,135,740,0,915,820
5350164.00,2021,89000.0,1390.0,6002,6258,1000,38.5,2420,755,495,10,255,480,425,1430,1000
5350165.00,2021,93000.0,1280.0,4209,4370,925,36.4,1830,590,190,0,105,705,240,925,925
5350166.00,2021,115000.0,1310.0,4024,4180,765,48.7,1625,810,0,0,10,430,360,875,765
5350167.01,2021,74000.0,1520.0,2446,1879,1250,49.0,1540,0,0,0,0,235,1305,315,1255
5350167.02,2021,70000.0,1350.0,5745,5815,2320,43.9,2875,410,50,0,30,1175,1210,525,2315
5350168.00,2021,64500.0,1020.0,5674,5475,1590,40.4,2565,670,215,0,115,785,785,965,1590
5350169.01,2021,84000.0,1280.0,3587,3472,695,34.1,1420,510,65,5,205,425,210,690,695
5350169.02,2021,79000.0,1410.0,7596,7464,1935,35.0,3255,360,5,60,110,535,2170,1370,1935
5350170.00,2021,84000.0,1500.0,3407,3321,465,37.4,1265,745,95,5,110,310,0,790,460
5350171.00,2021,65500.0,1060.0,3914,4055,850,25.3,1490,435,80,15,75,240,640,625,845
5350172.00,2021,59200.0,1060.0,2505,2522,865,33.7,1085,230,0,0,5,845,5,225,865
5350173.00,2021,63200.0,1060.0,3586,3694,745,33.8,1400,420,45,40,110,375,395,645,745
5350174.00,2021,73000.0,1250.0,7062,7264,1375,41.0,2620,225,30,280,35,355,1695,1295,1375
5350175.01,2021,61200.0,1150.0,5963,6036,1395,42.2,2350,400,90,10,60,355,1435,975,1390
5350175.02,2021,56400.0,1250.0,8672,7679,3250,43.8,3920,185,60,140,30,260,3250,670,3245
5350176.00,2021,97000.0,1130.0,4261,4277,465,43.0,1650,1050,55,5,130,375,35,1165,470
5350180.00,2021,70000.0,1230.0,6462,6556,1990,31.1,2755,450,185,160,180,150,1600,760,1995
5350181.01,2021,110000.0,1500.0,4382,4313,390,40.3,1820,1140,230,20,155,155,125,1430,390
5350181.02,2021,82000.0,1230.0,3546,3552,740,33.3,1555,730,90,0,120,145,465,810,745
5350182.00,2021,117000.0,1340.0,5407,5531,415,38.6,2140,1220,470,15,200,235,0,1735,410
5350183.01,2021,106000.0,1280.0,2623,2603,245,43.8,1005,635,135,5,120,105,0,730,245
5350183.02,2021,119000.0,1400.0,4035,3938,310,38.7,1575,515,710,10,90,250,5,1255,315
5350184.01,2021,74500.0,1100.0,5008,5108,1175,40.4,2230,525,395,5,130,315,845,1080,1175
5350184.02,2021,82000.0,1170.0,3671,3768,825,28.8,1610,590,140,0,130,305,445,805,820
5350185.01,2021,66500.0,1300.0,6836,6810,2360,42.9,3280,315,390,75,60,490,1955,895,2365
5350185.02,2021,71500.0,1300.0,4244,4689,1285,38.6,1995,530,60,10,80,280,1050,730,1290
5350186.00,2021,159000.0,1600.0,2382,2416,340,48.5,915,590,15,30,15,225,45,570,345
5350187.00,2021,118000.0,1620.0,3473,3448,245,37.5,1335,1030,25,0,175,110,0,1080,245
5350188.00,2021,108000.0,1200.0,2031,2017,205,26.8,785,590,5,0,100,25,60,570,205
5350189.00,2021,74000.0,1300.0,5655,5462,1350,41.9,2265,595,115,20,55,345,1140,960,1350
5350190.01,2021,67000.0,1370.0,8588,9127,1995,43.6,3260,160,5,30,25,80,2955,1260,1995
5350190.02,2021,64500.0,1100.0,4612,4765,1400,35.6,1970,590,10,15,80,460,810,585,1400
5350191.00,2021,88000.0,1210.0,4372,4229,625,42.4,1775,1080,0,25,155,470,45,1115,630
5350192.00,2021,56000.0,1030.0,843,905,280,51.9,415,50,5,80,5,230,45,155,275
5350193.00,2021,116000.0,1820.0,3264,3314,390,42.3,1035,715,0,0,5,5,310,600,395
5350194.01,2021,65500.0,1330.0,7821,8145,1980,36.0,2040,0,0,0,0,0,2040,60,1980
5350194.02,2021,68500.0,1580.0,4717,5013,1485,39.8,1495,0,0,0,0,0,1490,15,1485
5350194.03,2021,51200.0,1160.0,2700,2933,1160,32.3,1150,0,0,0,0,0,1150,10,1165
5350194.04,2021,76000.0,1580.0,5399,5017,1445,34.6,2385,5,0,80,0,375,1920,915,1450
5350195.01,2021,153000.0,1210.0,4425,4483,450,32.2,1580,735,475,0,5,315,45,1125,445
5350195.02,2021,141000.0,1600.0,2384,2317,135,44.4,940,380,205,45,5,235,65,795,135
5350196.01,2021,138000.0,1510.0,1942,1977,190,39.5,770,515,5,0,0,55,200,580,195
5350196.02,2021,148000.0,1530.0,5577,5635,660,49.2,2235,1350,100,20,20,585,155,1585,660
5350200.02,2021,54400.0,1170.0,1049,981,565,53.1,640,70,5,0,5,445,110,90,565
5350201.00,2021,80000.0,1300.0,5528,5371,1330,41.0,2735,375,85,330,80,710,1155,1385,1335
5350202.00,2021,112000.0,1310.0,1640,1647,205,34.1,645,430,10,5,55,150,0,460,205
5350203.00,2021,90000.0,1320.0,3425,3160,655,42.0,1520,645,55,25,85,485,225,840,655
5350204.00,2021,77500.0,1170.0,4596,4537,1100,33.2,2170,900,125,0,100,700,345,1075,1105
5350205.00,2021,,,144,149,,,0,0,0,0,0,0,0,,
5350206.01,2021,84000.0,1300.0,5106,4217,1080,37.2,2485,595,55,0,90,1065,670,1395,1080
5350206.02,2021,81000.0,1270.0,6294,5867,1550,42.2,2810,950,50,90,145,940,635,1270,1550
5350207.00,2021,77500.0,1180.0,2597,2605,435,46.0,1140,490,15,0,40,585,0,645,435
5350208.00,2021,57600.0,1050.0,4165,4172,1420,39.2,1960,165,65,260,60,610,800,590,1420
5350209.00,2021,61600.0,980.0,2862,2718,790,27.6,1355,420,60,35,80,460,290,545,790
5350210.01,2021,136000.0,1660.0,3703,3083,145,41.4,985,395,75,390,50,75,0,855,150
5350210.03,2021,91000.0,2060.0,6959,5206,1585,45.7,4160,0,0,40,0,0,4120,2640,1585
5350211.00,2021,101000.0,1400.0,6884,6350,670,36.6,2630,1530,380,5,190,285,235,1955,675
5350212.00,2021,114000.0,1550.0,5712,5704,440,47.1,2155,1370,185,80,115,260,145,1720,435
5350213.01,2021,114000.0,1600.0,2658,2666,155,25.8,985,885,0,0,35,10,45,820,150
5350213.02,2021,90000.0,1980.0,6301,6045,1165,45.0,3310,130,0,15,20,20,3125,2175,1165
5350214.00,2021,99000.0,1900.0,6728,5069,785,48.1,3185,890,65,340,95,120,1675,2370,785
5350215.00,2021,107000.0,1370.0,7151,6748,715,47.6,2885,1545,75,395,115,415,340,2165,720
5350216.00,2021,140000.0,1560.0,5489,5532,375,46.7,2135,1670,0,50,45,155,210,1750,380
5350217.00,2021,62800.0,1220.0,5900,5692,2400,37.8,2835,280,15,0,10,2180,345,440,2400
5350218.00,2021,174000.0,2200.0,2674,2652,135,40.7,1015,855,0,0,15,30,110,920,130
5350219.00,2021,136000.0,1420.0,4531,4427,285,35.7,1645,1460,0,0,45,20,115,1330,280
5350220.00,2021,103000.0,1400.0,4196,4177,620,30.9,1545,780,5,80,25,155,510,955,620
5350221.01,2021,106000.0,1540.0,6363,6377,505,45.5,2675,985,0,205,15,0,1470,2135,505
5350221.02,2021,81000.0,1540.0,5269,5202,1300,37.7,2060,435,0,5,20,50,1550,765,1305
5350222.01,2021,99000.0,1860.0,7105,6699,685,43.4,2795,920,20,170,30,435,1215,2120,690
5350222.02,2021,87000.0,1330.0,4985,5141,875,37.1,1745,810,25,0,20,0,890,860,870
5350223.01,2021,160000.0,3000.0,1522,1522,40,0.0,525,485,0,0,25,10,0,495,35
5350223.02,2021,147000.0,2000.0,2180,2136,80,25.0,760,695,5,15,15,35,0,680,80
5350224.00,2021,190000.0,1390.0,1650,1696,35,0.0,570,550,0,0,10,0,5,540,30
5350225.01,2021,93000.0,1580.0,5209,4981,1100,39.2,2475,450,15,50,10,110,1835,1380,1100
5350225.02,2021,72000.0,1660.0,10827,9706,4015,35.3,5430,5,0,70,0,15,5340,1415,4020
5350226.00,2021,196000.0,1880.0,2813,3167,80,62.5,1005,895,65,0,5,30,0,905,85
5350227.00,2021,228000.0,1270.0,1752,1750,85,35.3,655,550,0,0,5,100,0,575,80
5350228.00,2021,142000.0,2600.0,3144,3131,460,47.8,1430,515,5,45,10,200,660,960,460
5350229.00,2021,258000.0,,1226,1223,25,60.0,385,365,0,0,5,15,0,375,25
5350230.01,2021,101000.0,1640.0,2649,2537,430,46.5,1140,435,0,5,5,60,635,685,425
5350230.02,2021,85000.0,1570.0,6558,6537,1385,35.4,2675,555,80,115,10,65,1850,1315,1385
5350231.00,2021,129000.0,1300.0,6273,6461,920,41.8,2470,1575,0,0,15,810,60,1550,920
5350232.00,2021,208000.0,1600.0,3820,3825,65,45.5,1315,1250,5,40,10,15,0,1220,70
5350233.00,2021,131000.0,1580.0,5707,5530,490,26.8,2015,1530,5,15,20,0,440,1550,495
5350234.00,2021,120000.0,1210.0,4531,4524,280,32.1,1590,1250,0,205,40,65,30,1305,285
5350235.01,2021,129000.0,1600.0,2902,2841,65,38.5,1020,890,40,60,35,0,0,920,60
5350235.02,2021,94000.0,1470.0,5166,5277,385,44.2,1990,805,85,0,30,0,1060,1605,390
5350236.01,2021,86000.0,1500.0,6949,6646,775,38.1,2665,535,95,220,35,5,1765,1885,780
5350236.02,2021,106000.0,1600.0,5902,5946,375,40.0,2240,965,235,355,15,0,665,1900,370
5350237.01,2021,74000.0,1240.0,6641,6816,1380,38.6,2380,320,445,70,75,5,1465,1005,1380
5350237.02,2021,110000.0,1320.0,3003,2986,205,26.8,1040,820,0,35,70,10,105,845,200
5350237.03,2021,78500.0,1580.0,5935,5638,1880,44.1,2630,440,90,190,35,0,1875,740,1885
5350238.01,2021,130000.0,1780.0,3500,3350,380,53.9,1300,940,0,75,20,0,270,905,375
5350238.02,2021,83000.0,1350.0,5306,5244,935,40.9,1960,755,15,0,40,5,1145,1095,935
5350239.00,2021,84000.0,1450.0,6715,6481,1285,28.8,2400,760,75,210,45,85,1225,1045,1290
5350240.01,2021,133000.0,1820.0,3377,3366,85,41.2,1245,1130,0,55,45,10,0,1175,85
5350240.02,2021,78000.0,1500.0,6089,6043,1215,44.2,2545,530,60,35,55,110,1750,1380,1215
5350241.00,2021,120000.0,2140.0,2772,3231,135,48.1,990,875,0,0,85,25,5,845,130
5350242.00,2021,72000.0,795.0,1566,1674,275,10.9,575,265,0,25,40,35,215,265,275
5350243.01,2021,71500.0,1600.0,6212,6658,785,42.6,2110,70,0,0,5,0,2040,1325,790
5350243.02,2021,79500.0,1500.0,3793,3617,650,46.9,1310,620,35,100,85,125,350,665,655
5350244.01,2021,93000.0,1350.0,3663,3697,405,34.6,1260,760,65,125,110,40,160,865,405
5350244.02,2021,75000.0,1330.0,5703,5759,1025,27.6,1930,245,0,360,75,15,1235,900,1025
5350245.00,2021,73500.0,1210.0,7033,6934,1490,38.6,2680,1005,15,190,300,575,595,1180,1495
5350246.00,2021,85000.0,1050.0,3345,3595,465,30.4,1265,760,15,240,145,65,40,810,465
5350247.01,2021,88000.0,1540.0,9027,8727,1085,35.5,3010,520,135,240,510,135,1465,1925,1085
5350247.02,2021,94000.0,1210.0,7213,7167,680,34.6,2430,1520,5,0,320,195,395,1755,680
5350248.02,2021,62000.0,600.0,5538,5671,1155,17.3,1780,300,5,790,85,50,550,620,1155
5350248.03,2021,99000.0,1500.0,2651,2619,155,38.7,765,270,30,270,150,50,0,635,150
5350248.04,2021,88000.0,1310.0,4945,4771,790,33.8,1575,480,0,140,285,20,640,795,785
5350248.05,2021,89000.0,900.0,4285,4332,415,33.3,1325,485,85,290,250,210,0,880,415
5350249.01,2021,102000.0,1000.0,4598,4650,210,21.4,1350,795,70,110,350,15,5,1135,210
5350249.03,2021,97000.0,1620.0,5569,5696,580,29.6,1595,660,45,395,415,70,0,1010,580
5350249.04,2021,93000.0,1410.0,2709,3344,180,33.3,810,475,70,0,245,20,5,635,175
5350249.05,2021,72500.0,1350.0,5606,5476,1235,34.4,1620,75,15,150,65,10,1310,385,1235
5350250.01,2021,87000.0,1370.0,5047,5432,555,33.6,1495,655,210,60,170,175,230,935,560
5350250.02,2021,85000.0,1190.0,4958,4928,660,28.0,1745,925,90,0,165,130,430,1095,665
5350250.04,2021,75500.0,1430.0,5939,6206,1175,33.6,1980,0,0,0,0,0,1980,795,1170
5350250.05,2021,74000.0,1480.0,7031,7607,1305,43.8,2205,0,5,0,0,0,2195,910,1310
5350260.01,2021,74000.0,1600.0,6590,6748,515,43.7,2350,0,0,15,0,340,1990,1795,510
5350260.04,2021,62400.0,1330.0,3879,4147,1360,31.7,1380,0,0,0,0,0,1380,30,1360
5350260.05,2021,55200.0,1200.0,4139,4020,1295,30.0,1330,0,0,375,0,0,955,25,1290
5350260.06,2021,75500.0,1340.0,4354,3348,1150,30.0,1650,0,180,140,5,295,1035,505,1150
5350260.07,2021,81000.0,1760.0,3591,3670,325,43.1,1490,0,0,40,0,0,1445,1205,325
5350261.00,2021,60800.0,540.0,5547,5501,995,22.1,2205,75,110,360,95,555,1005,1215,995
5350262.01,2021,67500.0,1350.0,5848,5736,1790,43.3,2650,435,0,5,25,655,1520,880,1785
5350262.02,2021,75000.0,1300.0,6252,6273,1500,42.3,2420,720,195,0,40,785,670,905,1500
5350263.02,2021,90000.0,1800.0,3873,3471,570,50.0,1865,285,140,230,0,160,1040,1275,575
5350263.03,2021,80000.0,1290.0,4635,4906,1255,42.2,2085,235,45,305,0,790,700,835,1260
5350263.04,2021,76000.0,1660.0,6464,6531,1960,47.3,3405,0,0,0,0,0,3405,1465,1960
5350264.00,2021,226000.0,5080.0,1260,1301,55,36.4,415,370,0,0,0,45,0,375,50
5350265.00,2021,204000.0,3000.0,5555,4756,240,45.8,1800,915,45,215,20,5,605,1570,245
5350266.00,2021,248000.0,2900.0,3094,3209,85,47.1,1085,985,0,20,10,10,65,970,90
5350267.00,2021,157000.0,1740.0,6042,6368,345,38.8,2035,1715,0,45,10,0,260,1695,345
5350268.00,2021,96000.0,1350.0,6458,6419,785,40.4,2825,1210,90,165,25,315,1020,2035,780
5350269.01,2021,72500.0,1620.0,5284,5056,1905,37.2,2225,0,0,5,0,0,2215,330,1900
5350269.02,2021,139000.0,2560.0,2562,2569,95,31.6,910,625,180,65,20,15,5,805,90
5350270.01,2021,85000.0,1570.0,4763,4980,1215,40.8,1880,350,155,255,30,405,670,660,1215
5350270.02,2021,92000.0,1780.0,4263,4264,1140,42.7,1560,325,90,310,15,125,690,420,1140
5350271.01,2021,109000.0,1450.0,2394,2429,220,40.9,875,570,0,175,25,110,0,665,215
5350271.02,2021,84000.0,1450.0,4724,4815,1215,42.8,1710,475,5,280,0,10,950,490,1215
5350272.01,2021,71500.0,1300.0,5945,5987,2005,34.4,2315,30,230,55,0,325,1675,300,2005
5350272.02,2021,90000.0,1470.0,4623,4705,295,30.5,1725,160,690,120,15,180,570,1445,295
5350273.01,2021,151000.0,2240.0,3703,4014,240,52.1,1245,850,185,70,45,5,80,970,240
5350273.02,2021,130000.0,1780.0,4032,4160,475,50.5,1460,705,0,360,5,10,380,1015,475
5350274.01,2021,103000.0,1600.0,4712,4900,830,40.2,1690,845,5,0,15,120,700,820,830
5350274.02,2021,107000.0,1760.0,4558,4738,745,42.8,1945,830,15,120,20,440,520,1240,750
5350275.00,2021,139000.0,1660.0,5567,5836,855,44.1,2295,1145,0,0,20,470,665,1485,855
5350276.01,2021,105000.0,1250.0,6317,6446,865,27.7,2490,1245,15,0,105,310,805,1575,860
5350276.02,2021,164000.0,1430.0,6567,6870,615,39.3,2355,1565,15,50,60,235,420,1750,610
5350277.00,2021,170000.0,1480.0,3925,4084,330,33.3,1200,820,10,10,110,195,60,865,330
5350278.00,2021,93000.0,1340.0,7734,7734,1390,35.0,2785,1025,10,0,245,545,950,1310,1390
5350279.01,2021,91000.0,1500.0,4135,4028,585,35.0,1565,865,10,5,225,390,60,1035,585
5350279.02,2021,74500.0,1250.0,6140,6503,1030,36.4,2260,740,30,80,115,195,1095,1230,1030
5350280.00,2021,70000.0,1290.0,7217,7333,1885,36.3,2875,640,95,0,35,330,1775,990,1880
5350281.01,2021,74000.0,1060.0,6403,6484,1110,24.9,2230,960,160,25,60,120,905,1105,1115
5350281.02,2021,79000.0,1410.0,3921,3940,785,29.5,1295,210,10,0,10,90,970,525,780
5350282.00,2021,104000.0,1600.0,4588,4480,230,47.8,1590,950,160,90,165,65,145,1355,230
5350283.01,2021,69000.0,1180.0,5153,5399,1345,31.0,1845,320,170,0,50,160,1140,530,1350
5350283.02,2021,58400.0,556.0,4390,4542,845,15.7,1675,805,40,0,45,10,780,795,845
5350284.00,2021,81000.0,1290.0,6762,6840,1210,32.4,2410,980,105,95,80,275,880,1220,1215
5350285.00,2021,86000.0,1260.0,3278,3271,425,40.2,1200,640,75,0,120,345,10,750,425
5350286.00,2021,78000.0,1740.0,6768,4273,1550,39.0,3015,560,35,1155,145,395,720,1405,1545
5350287.02,2021,80000.0,1300.0,6471,6732,1515,30.8,2250,355,5,15,160,945,770,745,1515
5350287.03,2021,54800.0,775.0,2699,3432,720,21.7,1150,85,0,90,40,695,230,410,720
5350287.04,2021,72000.0,1060.0,4551,4474,1005,30.3,1980,445,5,30,85,395,1025,1065,1005
5350288.00,2021,83000.0,1450.0,11027,9970,2300,40.4,4610,1120,0,0,380,1035,2060,2310,2300
5350289.00,2021,86000.0,1380.0,4885,4713,700,35.7,1825,985,60,5,85,690,5,1125,700
5350290.01,2021,68000.0,1140.0,3748,3620,1025,31.7,1445,220,115,0,55,685,370,400,1025
5350290.02,2021,78000.0,1580.0,1652,1534,245,40.4,760,90,0,20,20,380,240,530,240
5350291.02,2021,68000.0,1050.0,4881,4947,970,23.3,1930,805,230,0,85,120,685,965,965
5350291.03,2021,74500.0,1320.0,2721,2302,595,41.2,1100,370,30,0,40,235,420,525,600
5350291.04,2021,70500.0,1250.0,1572,1585,370,33.8,650,190,40,0,15,280,135,250,370
5350292.00,2021,79000.0,1370.0,8580,6721,1450,40.9,2790,510,365,380,140,255,1150,1345,1445
5350293.00,2021,99000.0,1300.0,6808,6242,500,37.8,2325,880,370,165,145,200,570,1830,500
5350294.01,2021,76500.0,1260.0,4177,4386,905,39.2,1530,625,5,45,40,70,745,600,910
5350294.02,2021,91000.0,1000.0,4449,4504,245,22.4,1385,20,990,105,20,45,210,1170,250
5350295.00,2021,80000.0,1150.0,5481,5180,1115,31.1,1950,540,80,265,40,1020,0,855,1115
5350296.00,2021,105000.0,2160.0,1744,64,280,46.3,650,170,100,75,135,135,40,385,285
5350297.01,2021,85000.0,1540.0,7239,7313,1535,32.2,2925,575,35,25,175,340,1770,1390,1535
5350297.02,2021,97000.0,1500.0,6646,6502,960,42.2,2550,1255,0,10,145,120,1025,1590,960
5350298.00,2021,121000.0,1590.0,4561,4661,725,40.7,1530,805,0,0,20,195,500,820,725
5350299.01,2021,119000.0,1560.0,6289,6256,810,36.4,2235,1575,30,0,180,445,0,1420,810
5350299.02,2021,78500.0,2060.0,5130,5247,1310,51.8,2790,0,0,5,0,0,2780,1460,1310
5350300.01,2021,69500.0,2040.0,3850,3894,1120,52.4,2140,35,0,30,10,10,2060,1065,1120
5350300.02,2021,88000.0,2140.0,7505,7447,1610,50.2,3890,0,0,215,0,520,3155,2235,1615
5350300.03,2021,102000.0,1700.0,2448,2326,245,38.3,970,450,0,150,40,95,235,720,245
5350301.01,2021,104000.0,1430.0,2863,2915,485,36.5,1050,495,0,165,15,0,375,570,480
5350301.03,2021,77000.0,1900.0,8324,6949,2365,44.0,3495,0,0,5,0,0,3495,1130,2370
5350301.04,2021,76500.0,1860.0,8766,5859,2325,49.6,3960,0,0,270,5,65,3620,1635,2325
5350302.01,2021,93000.0,1740.0,6114,6253,355,36.6,2340,540,750,190,70,150,635,1995,350
5350302.02,2021,87000.0,1590.0,5867,6140,835,31.9,1990,475,450,80,35,135,820,1130,835
5350302.03,2021,86000.0,1450.0,3267,3425,295,31.0,1105,0,600,0,5,500,0,840,295
5350303.00,2021,75000.0,1510.0,6080,5355,1640,38.5,2285,360,0,145,45,5,1740,610,1640
5350304.01,2021,75500.0,1490.0,4404,4541,1350,37.2,1570,65,10,310,0,10,1180,195,1350
5350304.02,2021,111000.0,2280.0,4595,4777,305,45.0,1815,940,0,290,65,5,520,1525,300
5350304.03,2021,116000.0,2540.0,2484,2898,155,50.0,850,325,0,490,25,10,0,680,155
5350304.04,2021,76500.0,1620.0,3482,3724,1130,41.2,1325,45,5,165,10,0,1100,205,1130
5350304.05,2021,89000.0,2400.0,2686,2847,155,48.4,1070,460,65,0,20,25,500,950,160
5350304.06,2021,85000.0,1880.0,5725,5807,470,38.3,2170,250,275,475,0,245,925,1700,470
5350305.01,2021,132000.0,2900.0,4421,4451,195,51.4,1600,1375,5,95,30,15,75,1385,200
5350305.03,2021,86000.0,1940.0,4766,4914,1305,53.5,2125,305,15,75,10,100,1625,855,1300
5350305.05,2021,75500.0,1860.0,6580,5638,1480,47.6,3430,5,70,100,5,370,2880,2075,1475
5350305.06,2021,69000.0,1960.0,4366,3495,1100,62.0,2455,0,20,30,0,15,2380,1230,1095
5350306.01,2021,95000.0,1000.0,4612,4574,375,24.0,1510,1080,10,180,50,190,0,1140,380
5350306.02,2021,104000.0,2100.0,4686,4793,350,47.1,1725,975,0,115,60,5,570,1360,350
5350307.03,2021,69000.0,2100.0,4957,5039,1000,59.5,2335,5,5,0,15,135,2175,1370,1005
5350307.04,2021,79000.0,1880.0,6919,7035,1770,51.3,3385,5,0,15,0,40,3325,1580,1770
5350307.05,2021,68000.0,1840.0,3365,3581,830,56.9,1870,10,0,70,0,75,1710,1020,830
5350307.06,2021,76000.0,2200.0,5057,5424,765,55.3,2250,5,0,0,0,365,1885,1505,770
5350307.07,2021,90000.0,2080.0,6216,6321,965,47.9,2380,915,50,120,95,260,940,1415,965
5350308.02,2021,105000.0,1860.0,4327,4310,415,50.6,1575,1205,0,60,155,150,0,1175,415
5350308.03,2021,137000.0,2580.0,1115,1147,85,0.0,385,335,0,0,45,5,0,295,80
5350308.05,2021,108000.0,1660.0,2386,2327,165,36.4,855,480,145,125,80,20,0,690,165
5350308.06,2021,68500.0,1900.0,5585,5760,1160,52.7,2850,0,5,45,0,15,2775,1670,1155
5350308.07,2021,56000.0,1720.0,3797,3392,1345,50.6,2170,0,0,10,0,5,2155,840,1350
5350309.00,2021,76500.0,1480.0,6361,6383,2000,33.9,2290,75,25,85,20,85,2000,285,2000
5350310.01,2021,121000.0,1540.0,3609,3512,260,40.4,1215,810,70,20,245,65,0,940,260
5350310.02,2021,88000.0,1410.0,5328,5048,985,31.3,1920,710,55,0,265,655,235,955,985
5350311.02,2021,71500.0,1200.0,6010,5823,1230,28.5,2215,390,380,225,70,400,755,995,1225
5350311.03,2021,84000.0,1260.0,2672,2651,255,41.2,875,535,130,45,35,115,5,615,255
5350311.04,2021,81000.0,1330.0,6517,6552,1075,30.2,2160,150,620,160,110,295,825,1080,1075
5350311.05,2021,75000.0,1340.0,6698,6823,1475,37.1,2445,0,0,185,0,110,2145,1000,1480
5350311.06,2021,73500.0,1380.0,6660,5744,1495,43.7,2655,205,310,260,65,195,1620,1125,1495
5350312.02,2021,75000.0,1240.0,3505,3448,445,36.0,1125,5,345,285,55,30,405,685,440
5350312.03,2021,76500.0,1300.0,6374,6420,1075,34.9,2115,305,460,205,145,200,795,1055,1080
5350312.04,2021,68000.0,1200.0,5234,5763,970,27.5,1615,0,360,30,45,245,940,630,965
5350312.05,2021,58800.0,1180.0,3685,3836,1035,32.0,1270,0,25,400,15,5,825,240,1030
5350312.06,2021,75000.0,1200.0,3415,3444,445,21.3,1050,15,480,205,45,80,235,595,445
5350312.07,2021,54800.0,564.0,3535,3076,605,25.8,1430,55,665,100,70,350,185,800,605
5350313.00,2021,85000.0,1300.0,5554,5554,640,27.3,1825,380,660,10,40,730,0,1185,640
5350314.01,2021,66500.0,1300.0,6275,5036,1955,36.8,2270,0,125,55,0,85,2005,305,1960
5350314.02,2021,86000.0,1210.0,5130,4955,475,31.6,1585,210,360,425,40,390,165,1115,470
5350315.01,2021,95000.0,1500.0,3267,3368,120,43.5,1105,480,440,0,80,100,0,980,120
5350315.02,2021,69500.0,1290.0,3365,3543,345,36.2,1060,0,440,55,0,65,495,655,350
5350315.03,2021,78500.0,1400.0,5562,5505,635,43.3,1755,45,865,25,10,595,220,1185,635
5350316.01,2021,83000.0,1380.0,3970,3910,200,26.3,1215,445,500,20,95,150,0,1000,195
5350316.03,2021,65500.0,1290.0,5761,5888,1785,34.8,1935,5,10,370,0,20,1530,135,1780
5350316.04,2021,50000.0,870.0,4105,4275,1225,23.7,1645,0,0,365,0,10,1270,450,1220
5350316.05,2021,70500.0,1400.0,4104,3992,985,27.7,1350,105,105,120,30,440,550,385,985
5350316.06,2021,63600.0,780.0,3367,3672,680,21.3,1085,130,35,260,20,0,635,385,685
5350317.02,2021,59200.0,1490.0,7242,7347,2315,39.0,3220,165,15,0,40,5,2990,925,2310
5350317.03,2021,106000.0,1700.0,3531,3688,305,32.8,1225,600,110,200,70,5,240,905,305
5350317.04,2021,80000.0,1700.0,6731,6627,1190,46.4,2500,50,180,130,0,90,2055,1320,1190
5350317.05,2021,88000.0,1000.0,2162,2229,235,21.3,800,5,220,50,5,260,265,570,230
5350318.01,2021,93000.0,1520.0,4762,4721,650,42.9,1700,890,0,220,140,260,195,1050,650
5350318.02,2021,72500.0,1860.0,4137,3853,1050,50.2,1800,165,0,100,45,180,1305,755,1050
5350319.00,2021,82000.0,1660.0,4099,4191,565,42.0,1510,1035,0,5,115,20,325,940,560
5350320.01,2021,65000.0,1410.0,5178,5197,1430,50.0,2020,275,155,30,45,120,1395,595,1435
5350320.02,2021,81000.0,1660.0,5802,5869,840,42.3,2055,185,455,210,20,25,1165,1205,845
5350321.01,2021,103000.0,1840.0,3808,3830,280,49.1,1285,1065,5,0,195,20,0,980,275
5350321.02,2021,85000.0,1570.0,3879,4030,605,51.7,1445,920,0,15,85,5,420,860,610
5350322.01,2021,70000.0,2000.0,4495,4737,960,55.5,2195,0,0,0,0,50,2140,1240,955
5350322.02,2021,78000.0,860.0,3814,3500,500,43.0,1250,810,20,25,135,255,5,745,495
5350323.01,2021,87000.0,1840.0,4274,4289,1045,50.0,1810,505,0,0,30,0,1270,735,1040
5350323.02,2021,101000.0,2420.0,4950,5367,755,66.9,1830,740,210,90,50,155,585,1100,755
5350324.01,2021,91000.0,800.0,3275,3498,310,18.0,1115,300,270,100,25,410,0,815,305
5350324.02,2021,87000.0,705.0,5925,6123,650,17.8,2165,1150,65,310,145,150,335,1510,645
5350324.03,2021,84000.0,556.0,3671,3862,420,27.4,1675,155,345,0,10,135,1020,1290,415
5350324.05,2021,72500.0,560.0,3336,3388,495,28.3,1375,340,40,390,10,10,580,890,490
5350324.06,2021,100000.0,2240.0,3442,3561,195,44.7,1175,0,380,370,0,420,5,940,200
5350330.00,2021,102000.0,1530.0,4252,4288,440,52.3,1710,1180,70,0,100,10,350,1300,440
5350331.01,2021,102000.0,1300.0,5545,5629,415,36.1,2225,980,65,305,70,85,715,1780,415
5350331.03,2021,72000.0,1260.0,6065,6162,1405,30.8,1855,160,0,0,80,20,1600,450,1405
5350331.04,2021,88000.0,1540.0,3372,3212,140,37.0,1340,450,5,50,5,180,655,1195,140
5350332.00,2021,63200.0,1120.0,7337,7350,1730,25.4,2765,485,30,230,75,160,1780,1030,1735
5350333.00,2021,106000.0,1420.0,4717,4695,395,35.9,1635,1120,5,275,125,50,50,1255,390
5350334.00,2021,125000.0,1500.0,3610,3500,195,50.0,1285,1115,0,0,115,50,0,1075,195
5350335.00,2021,75500.0,1200.0,7857,7740,1565,35.9,2960,1160,55,165,220,65,1245,1395,1560
5350336.00,2021,96000.0,1350.0,6901,6772,435,41.4,2440,1655,150,0,505,120,0,1960,430
5350337.01,2021,65000.0,1130.0,1177,721,335,38.8,565,80,5,0,25,220,245,280,335
5350337.02,2021,65000.0,1000.0,2008,2155,550,34.5,840,310,0,0,35,465,25,275,545
5350338.00,2021,91000.0,950.0,6092,5956,935,28.1,2680,1485,65,35,155,575,330,1760,935
5350339.00,2021,100000.0,1500.0,6937,6687,1060,52.6,3095,1410,200,5,130,630,715,2035,1060
5350340.00,2021,78500.0,1280.0,6931,6771,1200,36.6,2455,1070,90,25,205,120,950,1220,1205
5350341.02,2021,68500.0,1160.0,4576,4379,810,35.4,1795,575,100,0,230,160,705,955,815
5350341.03,2021,48800.0,1000.0,3185,3436,1180,23.6,1165,0,0,0,0,0,1160,10,1175
5350341.04,2021,62000.0,1150.0,6152,6030,1695,29.2,2360,500,50,190,230,95,1295,670,1690
5350342.00,2021,94000.0,1190.0,7329,7561,990,38.1,2370,225,495,580,110,335,600,1465,990
5350343.00,2021,75000.0,1100.0,4260,4218,605,37.5,1550,680,205,5,215,250,185,855,600
5350344.01,2021,76000.0,1060.0,5183,5187,885,31.0,1840,780,85,80,310,215,310,945,880
5350344.02,2021,42400.0,524.0,3301,3364,975,21.4,1775,0,0,0,0,0,1765,805,975
5350345.00,2021,91000.0,1380.0,4042,3938,320,23.7,1360,660,175,20,195,195,90,1040,320
5350346.01,2021,71500.0,1090.0,4630,4634,965,20.7,1615,370,95,20,170,270,685,645,970
5350346.02,2021,76000.0,1200.0,5323,5388,1395,28.4,1960,0,355,130,5,50,1325,565,1390
5350347.00,2021,108000.0,2400.0,3390,2833,195,59.0,1080,80,260,470,40,220,0,905,200
5350348.00,2021,98000.0,1530.0,5780,5601,405,42.5,1950,1125,0,95,145,370,210,1550,405
5350349.00,2021,68000.0,1230.0,5633,5720,1500,40.5,2220,520,0,0,180,860,655,700,1500
5350350.00,2021,81000.0,990.0,5228,5419,680,38.1,1940,1145,0,0,310,60,430,1280,685
5350351.01,2021,72000.0,1120.0,5376,5497,1045,25.7,1995,710,20,5,310,55,895,885,1040
5350351.02,2021,74000.0,1160.0,2683,2756,625,30.4,1010,300,0,15,75,120,500,460,620
5350352.00,2021,81000.0,1250.0,5278,5309,575,37.4,1825,460,5,240,180,150,790,1250,580
5350353.02,2021,91000.0,1310.0,5464,5305,595,33.6,1640,930,0,45,225,50,385,1015,595
5350353.03,2021,83000.0,1500.0,3000,3107,295,25.4,1045,340,0,35,100,10,565,755,295
5350353.04,2021,67500.0,1150.0,4255,4509,765,24.2,1530,385,5,55,150,30,905,775,765
5350354.00,2021,90000.0,1330.0,5421,5403,520,36.3,1715,1025,0,0,495,95,105,1230,515
5350355.02,2021,77500.0,1200.0,5097,5214,695,37.1,1895,500,60,160,160,5,1005,1195,700
5350355.04,2021,76000.0,1370.0,5152,5270,1275,32.8,1740,65,0,195,25,10,1450,480,1275
5350355.05,2021,67000.0,1210.0,3525,3033,960,40.0,1395,160,0,0,95,115,1025,415,960
5350355.06,2021,69500.0,1000.0,1791,1643,395,19.2,590,90,80,50,45,0,325,180,395
5350356.00,2021,99000.0,1410.0,4962,4833,305,36.1,1515,980,40,0,245,130,125,1190,305
5350357.01,2021,57200.0,1120.0,6706,7123,1870,28.7,2350,290,10,45,145,45,1815,505,1870
5350357.02,2021,61200.0,1000.0,5001,4940,1160,24.1,1705,440,5,15,95,115,1030,520,1165
5350358.01,2021,95000.0,870.0,3504,3397,180,30.6,1120,720,140,0,120,140,0,975,175
5350358.02,2021,64500.0,930.0,5280,4732,940,28.7,2040,310,70,315,60,110,1175,1060,940
5350358.03,2021,58800.0,548.0,5718,5598,1280,22.0,2210,360,175,440,135,220,850,940,1280
5350359.00,2021,67000.0,1160.0,7681,7558,1385,36.0,2760,615,30,330,155,160,1465,1370,1390
5350360.00,2021,107000.0,1200.0,6231,6107,360,27.8,2050,1275,60,445,240,25,5,1690,360
5350361.01,2021,138000.0,1370.0,6037,5804,190,47.4,1970,1650,0,195,85,45,0,1785,185
5350361.02,2021,132000.0,1600.0,7416,7558,160,28.1,2450,1890,160,295,70,30,0,2285,160
5350362.01,2021,96000.0,1400.0,6291,6300,705,34.0,2085,905,85,220,125,435,315,1385,710
5350362.02,2021,126000.0,1100.0,5803,5628,245,27.1,1695,1360,5,15,300,15,0,1450,250
5350362.03,2021,117000.0,1440.0,6875,6866,275,34.5,2100,1815,5,0,260,15,0,1825,270
5350362.04,2021,89000.0,1270.0,5240,5019,520,32.7,1840,555,190,115,125,80,765,1310,520
5350363.02,2021,99000.0,1390.0,3270,3253,270,42.6,1090,555,0,310,30,0,195,785,265
5350363.04,2021,107000.0,1360.0,3908,3668,265,37.7,1150,580,5,290,70,5,195,910,265
5350363.05,2021,61200.0,1120.0,4665,4538,1195,29.4,1695,40,25,135,0,200,1300,505,1200
5350363.06,2021,72500.0,1800.0,7176,7307,1040,40.6,3270,0,0,0,0,0,3260,2190,1045
5350363.07,2021,55600.0,1090.0,5164,5338,1615,28.5,1935,295,0,0,20,0,1625,355,1615
5350364.01,2021,89000.0,1130.0,5865,5996,650,29.5,1940,1095,0,200,210,10,415,1295,645
5350364.02,2021,97000.0,1480.0,3110,3053,265,44.2,950,725,5,0,190,30,0,665,265
5350365.00,2021,91000.0,1560.0,7650,6497,830,36.8,2330,1235,5,0,525,25,535,1520,825
5350366.00,2021,80000.0,1100.0,6228,6136,825,25.0,2080,1035,85,40,280,110,520,1275,825
5350367.01,2021,82000.0,1350.0,4534,4710,875,30.9,1355,400,60,135,80,30,645,490,875
5350367.02,2021,99000.0,1800.0,3560,3548,170,51.5,1170,895,75,0,150,45,5,990,170
5350368.01,2021,65000.0,1840.0,6624,6843,1370,53.1,3440,0,0,105,0,0,3330,2140,1365
5350368.02,2021,75500.0,770.0,4365,4315,520,28.8,1565,1020,0,10,170,5,355,970,525
5350369.00,2021,88000.0,1300.0,8145,8094,1035,28.5,2415,895,295,160,195,175,680,1380,1040
5350370.01,2021,68500.0,1290.0,9656,9977,1835,33.0,3680,410,165,860,15,45,2185,1845,1840
5350370.02,2021,85000.0,1500.0,5574,5580,570,34.5,1835,515,50,380,140,175,575,1235,570
5350370.03,2021,92000.0,1220.0,4262,4137,475,29.5,1380,740,120,120,160,80,150,930,475
5350371.00,2021,90000.0,1700.0,8463,7626,880,47.7,2890,1670,5,235,440,105,440,2015,875
5350372.00,2021,101000.0,1600.0,4333,4346,235,48.9,1440,1115,5,40,240,30,0,1235,240
5350373.00,2021,82000.0,1310.0,4934,4806,920,40.1,1765,810,0,140,255,10,550,820,920
5350374.01,2021,94000.0,1410.0,5150,4848,555,28.8,1800,840,5,195,175,20,565,1245,555
5350374.02,2021,91000.0,1100.0,3171,3215,120,29.2,1065,545,75,280,125,20,0,965,115
5350374.03,2021,64000.0,1150.0,4053,4184,985,31.8,1605,465,45,15,140,270,665,605,985
5350375.01,2021,54800.0,1120.0,6266,6324,1625,33.7,2725,475,125,135,80,85,1820,1075,1620
5350375.02,2021,118000.0,1230.0,1887,1959,190,36.8,675,500,0,80,15,0,80,485,190
5350375.03,2021,75500.0,1340.0,5221,5318,1125,24.9,1850,430,50,210,35,10,1105,715,1130
5350375.04,2021,96000.0,1700.0,5785,5300,385,30.3,1885,520,85,620,60,55,535,1505,390
5350375.05,2021,79500.0,1370.0,6915,7208,1430,38.7,2680,955,5,280,30,20,1395,1285,1425
5350376.01,2021,79000.0,850.0,5025,5094,530,20.8,1600,700,80,300,125,155,235,1055,530
5350376.02,2021,74500.0,1350.0,4667,5176,600,39.3,1565,175,240,140,40,180,795,1000,595
5350376.04,2021,80000.0,1480.0,5296,5460,630,36.8,1925,690,20,200,60,15,945,1315,625
5350376.05,2021,82000.0,1600.0,6299,6860,190,54.1,1980,1315,0,0,80,195,390,1785,195
5350376.06,2021,35200.0,,428,484,35,0.0,225,0,0,0,0,0,215,170,35
5350376.08,2021,82000.0,1620.0,6056,6157,290,43.9,2160,285,140,460,30,80,1160,1835,290
5350376.09,2021,72000.0,1760.0,4250,4638,265,41.5,1585,510,60,80,65,45,835,1305,260
5350376.11,2021,78000.0,1360.0,3313,3416,470,23.4,1025,80,105,480,15,95,250,525,475
5350376.12,2021,86000.0,950.0,5081,5318,270,37.0,1865,500,140,255,35,125,805,1620,270
5350376.13,2021,74500.0,1200.0,3626,3902,165,43.8,1325,415,50,160,45,10,645,1155,170
5350376.14,2021,95000.0,1540.0,3472,3763,90,33.3,1050,775,60,110,85,25,0,955,95
5350376.15,2021,75000.0,1800.0,3560,3696,215,40.0,1505,275,5,90,165,5,965,1300,215
5350376.16,2021,60800.0,1420.0,4484,4226,1345,45.3,1845,0,0,25,0,0,1800,495,1350
5350377.02,2021,91000.0,1450.0,4356,4405,265,26.9,1385,1070,25,20,240,15,0,1095,265
5350377.03,2021,98000.0,1500.0,2682,2815,140,25.0,840,520,25,165,80,50,0,690,140
5350377.04,2021,90000.0,870.0,5466,5939,195,30.8,1655,505,415,380,145,210,0,1470,200
5350377.06,2021,91000.0,650.0,3408,3809,110,18.2,960,680,35,140,85,10,0,840,105
5350377.07,2021,91000.0,1090.0,4556,4857,170,27.3,1275,705,230,150,130,50,0,1125,170
5350377.08,2021,84000.0,1340.0,4912,5009,345,27.9,1670,640,50,305,135,230,310,1370,340
5350377.09,2021,70500.0,1840.0,5506,3987,1125,53.5,2735,35,0,70,20,35,2575,1590,1130
5350378.02,2021,87000.0,1310.0,2970,3257,345,25.0,900,360,105,0,115,65,230,570,340
5350378.03,2021,91000.0,1420.0,7948,7363,595,31.9,2685,380,300,1060,150,75,715,2090,595
5350378.04,2021,86000.0,1400.0,5958,6148,525,28.2,1735,520,125,415,180,155,335,1210,520
5350378.05,2021,92000.0,1290.0,3905,3907,440,26.7,1195,445,80,440,130,5,80,745,435
5350378.06,2021,93000.0,1210.0,5763,6063,370,31.5,1640,365,315,340,275,30,285,1275,370
5350378.07,2021,81000.0,1420.0,6694,7099,620,39.5,2200,650,140,100,160,300,815,1570,625
5350378.08,2021,84000.0,1440.0,6275,6263,570,40.7,2045,935,75,200,145,95,595,1455,570
5350378.11,2021,85000.0,1350.0,5633,5693,450,40.0,1735,335,205,660,90,100,325,1280,455
5350378.12,2021,70000.0,1280.0,5300,5181,905,40.0,1880,240,105,410,100,215,810,985,905
5350378.14,2021,86000.0,1600.0,3707,3892,505,39.0,1140,275,0,370,35,10,450,625,505
5350378.16,2021,83000.0,1290.0,5695,6103,320,47.6,1880,780,0,15,240,20,830,1565,315
5350378.17,2021,100000.0,1200.0,3265,3336,305,16.4,920,410,140,250,75,50,0,625,300
5350378.18,2021,56800.0,1450.0,2587,2765,250,42.0,1080,0,0,100,0,0,980,845,250
5350378.19,2021,96000.0,1210.0,4808,5162,105,28.6,1385,1040,110,85,145,5,0,1280,100
5350378.20,2021,60800.0,1500.0,1918,2093,110,36.4,760,0,0,10,0,0,755,645,105
5350378.21,2021,92000.0,1370.0,3612,3948,80,26.7,1035,665,175,130,45,10,5,955,75
5350378.22,2021,93000.0,2160.0,3114,3454,65,38.5,870,800,5,0,60,5,0,810,60
5350378.23,2021,91000.0,800.0,3840,4095,175,22.9,1280,635,95,55,120,25,325,1120,180
5350378.24,2021,68500.0,1200.0,5820,6109,365,33.3,2125,450,195,275,95,295,820,1780,365
5350378.25,2021,121000.0,2140.0,7612,7931,230,38.6,1865,1200,300,215,130,10,0,1610,225
5350378.26,2021,126000.0,1980.0,4867,4761,140,17.9,1215,995,0,195,20,0,5,1100,140
5350378.27,2021,111000.0,1900.0,5547,5806,250,34.0,1530,580,255,495,185,5,0,1275,250
5350378.28,2021,111000.0,1200.0,6946,7175,395,27.8,1930,1105,120,240,440,15,0,1535,400
5350400.02,2021,140000.0,1700.0,5883,5911,85,41.2,1875,1740,30,50,45,15,0,1780,85
5350400.03,2021,125000.0,1530.0,2848,2961,90,33.3,940,790,0,70,65,20,0,860,95
5350400.04,2021,97000.0,1460.0,1975,1961,205,36.6,725,510,0,80,30,10,100,495,210
5350400.06,2021,131000.0,1900.0,3026,3062,105,28.6,1030,755,95,155,15,5,0,920,110
5350400.07,2021,128000.0,1800.0,3425,3316,135,48.1,1175,1010,40,70,25,35,0,1040,140
5350400.08,2021,59600.0,1160.0,3061,2844,690,43.8,1425,490,90,45,60,140,605,710,690
5350400.11,2021,112000.0,1300.0,5933,6259,210,33.3,1560,1125,0,40,365,25,0,1345,210
5350400.12,2021,106000.0,1550.0,6620,6829,280,37.5,2195,1730,0,165,105,10,190,1965,275
5350400.13,2021,105000.0,1550.0,6377,6678,325,31.7,1650,1035,90,5,255,140,125,1325,330
5350400.14,2021,102000.0,1000.0,5604,6116,260,25.5,1495,1035,0,0,445,15,0,1235,260
5350400.15,2021,130000.0,2060.0,4559,4629,115,47.8,1560,1245,5,265,40,0,0,1475,120
5350400.16,2021,148000.0,2680.0,5203,5388,80,31.3,1455,1415,0,0,35,0,0,1375,80
5350400.17,2021,94000.0,1100.0,4371,4679,310,30.6,1165,535,5,0,610,15,0,875,305
5350400.18,2021,80000.0,1000.0,2418,2507,250,27.1,705,285,0,0,315,5,95,435,245
5350400.19,2021,117000.0,2360.0,11590,10048,675,51.5,3655,1120,625,1425,220,165,110,2985,670
5350400.20,2021,128000.0,2740.0,5740,4250,190,48.6,1570,1045,140,375,10,0,0,1350,190
5350400.21,2021,102000.0,2180.0,3068,2102,285,50.9,1020,605,60,150,115,85,5,730,290
5350400.22,2021,137000.0,2380.0,10353,9623,325,49.2,2640,2090,290,235,20,5,0,2315,325
5350400.23,2021,112000.0,2100.0,10615,8556,525,48.5,2810,1655,460,100,160,10,420,2285,530
5350401.04,2021,95000.0,1500.0,3065,3305,100,30.0,965,640,185,0,110,25,5,870,105
5350401.05,2021,58800.0,1900.0,3245,2424,720,52.9,1720,5,0,15,5,0,1700,1000,720
5350401.06,2021,103000.0,2180.0,6048,4891,425,64.6,2115,1510,20,540,35,5,15,1655,430
5350401.07,2021,113000.0,1900.0,4147,4112,235,41.3,1480,1075,0,160,30,215,0,1230,230
5350401.08,2021,130000.0,2620.0,3238,3345,130,57.7,1050,840,55,145,5,10,0,960,130
5350401.09,2021,97000.0,2140.0,7885,8404,425,53.1,2730,1335,0,635,45,0,715,2305,425
5350401.10,2021,122000.0,2640.0,4508,4723,100,35.0,1450,1165,0,210,65,5,0,1345,95
5350401.11,2021,102000.0,1090.0,6354,6784,275,25.5,1790,1315,0,0,470,5,0,1530,275
5350401.13,2021,69500.0,1240.0,6839,6440,370,37.8,2375,1245,0,45,455,10,620,2035,375
5350401.14,2021,135000.0,1800.0,7408,7822,140,35.7,2260,2170,5,0,75,0,5,2115,140
5350401.15,2021,89000.0,2480.0,2755,2759,185,59.5,1140,610,0,0,15,0,510,970,185
5350401.17,2021,100000.0,1000.0,3339,3510,105,42.9,970,840,0,0,120,5,0,835,105
5350401.18,2021,64500.0,1900.0,8632,6141,2115,59.2,4480,370,5,235,80,5,3780,2405,2115
5350401.19,2021,83000.0,1260.0,6305,6820,320,35.5,1935,1075,0,205,380,15,260,1610,320
5350401.20,2021,99000.0,850.0,4107,4453,125,16.0,1105,815,0,0,275,10,0,945,130
5350401.21,2021,98000.0,1380.0,2707,2920,105,23.8,750,545,0,0,205,0,0,675,105
5350401.22,2021,94000.0,1960.0,8355,8579,400,60.3,2515,1030,545,660,50,10,230,2120,400
5350401.23,2021,115000.0,1500.0,1896,1946,45,0.0,550,370,75,75,30,0,0,490,45
5350402.01,2021,118000.0,2200.0,2433,2465,205,26.8,845,470,5,360,20,0,0,635,205
5350402.02,2021,71000.0,1940.0,5837,5455,1035,59.9,2445,770,0,130,135,20,1380,1355,1035
5350402.03,2021,95000.0,1820.0,3104,3177,185,54.1,1190,495,25,115,15,0,535,1005,190
5350402.04,2021,121000.0,2240.0,4960,5061,205,41.5,1800,1095,140,380,40,5,140,1605,205
5350402.05,2021,147000.0,3560.0,1969,2005,40,75.0,695,590,0,10,15,5,75,625,40
5350402.06,2021,81000.0,1540.0,5910,6031,1045,50.7,2350,725,80,185,75,55,1225,1355,1050
5350402.07,2021,110000.0,2140.0,2041,2054,100,45.0,755,495,0,240,20,0,0,640,100
5350402.08,2021,105000.0,2400.0,5827,6194,285,68.5,2240,1105,100,75,55,0,910,1955,285
5350402.09,2021,92000.0,1600.0,3644,3699,500,48.5,1450,725,15,130,25,10,545,950,495
5350402.10,2021,102000.0,1960.0,3882,3632,245,42.6,1505,380,55,610,35,330,90,1285,250
5350402.12,2021,68500.0,1940.0,6069,5937,895,51.2,3040,0,15,670,5,55,2290,2105,895
5350402.13,2021,150000.0,2960.0,4734,4965,60,58.3,1565,1530,0,0,35,0,0,1510,55
5350403.01,2021,124000.0,1130.0,6936,7585,355,21.1,2145,1805,0,260,0,80,0,1795,355
5350403.04,2021,127000.0,2840.0,4147,4330,70,64.3,1260,795,260,200,0,0,0,1195,75
5350403.05,2021,132000.0,2840.0,4658,4155,190,50.0,1540,1020,5,500,0,15,0,1330,185
5350403.07,2021,114000.0,2600.0,12448,12001,515,49.5,3650,2230,510,900,15,5,0,3135,515
5350403.09,2021,117000.0,2600.0,4859,5012,175,65.7,1425,1105,135,175,5,5,0,1250,170
5350403.10,2021,100000.0,2280.0,5779,5609,305,59.0,1795,790,230,600,0,0,175,1495,300
5350403.11,2021,120000.0,2440.0,10637,10620,310,41.9,2975,1775,625,565,5,0,0,2660,315
5350403.12,2021,136000.0,2380.0,9890,9490,250,42.0,2740,1895,320,510,10,0,0,2490,250
5350403.13,2021,103000.0,2340.0,6694,6334,240,57.4,2415,935,130,1075,0,270,0,2180,235
5350403.14,2021,102000.0,2000.0,11336,10117,705,52.6,3570,1775,600,420,15,5,760,2870,700
5350403.15,2021,121000.0,2500.0,12558,11854,590,44.4,3955,1905,590,1455,0,5,0,3365,595
5350403.16,2021,107000.0,2000.0,4649,4087,330,37.9,1495,685,325,300,180,5,0,1175,345
5350410.02,2021,113000.0,1100.0,4193,4396,75,33.3,1400,980,0,160,80,5,170,1345,75
5350410.03,2021,120000.0,2100.0,6841,7178,270,53.7,2425,1550,0,285,40,105,440,2155,270
5350410.04,2021,129000.0,1400.0,3738,3758,210,42.9,1210,910,5,145,150,0,0,1045,210
5350410.05,2021,170000.0,3120.0,5941,6241,80,37.5,1875,1730,0,90,50,0,0,1795,80
5350410.07,2021,137000.0,1410.0,3439,3653,60,50.0,1045,920,0,0,125,0,0,955,65
5350410.09,2021,81000.0,1940.0,5094,5354,395,50.0,2040,610,0,220,90,0,1120,1645,400
5350410.10,2021,104000.0,2340.0,3756,3963,175,65.7,1580,525,110,40,25,0,870,1400,180
5350410.11,2021,113000.0,1090.0,3954,4207,320,24.2,1155,720,10,230,80,0,120,800,315
5350410.12,2021,61200.0,1920.0,7282,6623,1325,58.5,3895,0,0,325,0,75,3485,2570,1320
5350410.13,2021,172000.0,2400.0,6430,6909,100,55.0,2000,1695,0,205,95,0,0,1900,100
5350410.14,2021,130000.0,2200.0,5654,6012,130,30.8,1810,1465,0,120,220,0,5,1680,130
5350410.15,2021,109000.0,1310.0,1786,1827,175,25.7,590,385,15,135,55,5,0,425,175
5350411.01,2021,98000.0,1740.0,5327,5509,295,44.1,1855,1110,0,0,235,15,495,1555,300
5350411.04,2021,122000.0,1300.0,5229,5598,215,42.9,1780,1350,5,10,160,255,0,1570,210
5350411.07,2021,141000.0,2260.0,4204,4294,140,57.1,1360,1180,15,30,95,40,0,1240,140
5350411.08,2021,75500.0,2000.0,7466,2418,1955,62.8,3600,540,60,150,175,35,2635,1530,1955
5350411.09,2021,130000.0,2340.0,6093,6332,145,48.3,1860,740,530,540,25,25,0,1715,145
5350411.12,2021,138000.0,2160.0,5369,5592,160,45.2,1560,930,55,540,35,0,0,1405,155
5350411.15,2021,118000.0,1800.0,4142,4243,205,53.7,1375,835,55,160,110,190,0,1195,205
5350411.16,2021,136000.0,2100.0,7296,6414,330,42.4,2235,1515,120,330,25,115,125,1900,335
5350411.17,2021,155000.0,3200.0,10136,7439,220,56.8,2855,2775,50,25,10,0,0,2640,215
5350411.18,2021,152000.0,2840.0,11190,11132,365,56.9,3085,2185,505,375,15,5,0,2720,365
5350411.19,2021,141000.0,3100.0,9979,8657,470,67.0,2970,1920,45,875,10,55,65,2500,470
5350411.21,2021,127000.0,2700.0,2421,2443,75,66.7,650,0,375,265,0,5,5,600,80
5350411.22,2021,130000.0,2280.0,5306,5492,190,31.6,1570,1345,0,140,60,30,0,1370,190
5350411.23,2021,81000.0,1960.0,4616,4587,465,51.1,2070,395,0,295,15,170,1190,1695,465
5350411.24,2021,117000.0,1620.0,7363,7393,395,44.2,1820,790,525,125,150,220,0,1425,395
5350411.25,2021,124000.0,2640.0,3323,3435,125,68.0,925,515,295,80,30,5,0,790,125
5350411.26,2021,142000.0,2440.0,5277,5377,155,35.5,1510,945,275,265,20,0,0,1350,160
5350411.27,2021,150000.0,2500.0,3945,4203,55,36.4,1105,865,200,0,40,0,0,1030,55
5350411.28,2021,144000.0,2680.0,4985,5152,120,43.5,1480,865,315,290,0,5,0,1335,120
5350411.29,2021,138000.0,1940.0,5793,5482,280,50.9,1775,1280,60,365,0,70,0,1520,275
5350411.30,2021,144000.0,2820.0,6984,7289,185,47.2,2080,1475,300,285,20,0,0,1890,190
5350412.01,2021,103000.0,1840.0,7278,6419,545,50.9,2760,1585,125,200,220,195,430,2210,550
5350412.02,2021,87000.0,1920.0,10261,8918,1090,48.6,4315,1490,400,270,135,270,1750,3235,1085
5350412.04,2021,123000.0,1640.0,4282,4387,110,22.7,1400,1255,0,100,45,0,0,1310,110
5350412.06,2021,106000.0,2200.0,3297,3475,90,50.0,1165,740,340,0,55,30,0,1055,90
5350412.08,2021,104000.0,980.0,2543,2624,100,36.8,885,740,5,0,80,0,65,800,105
5350412.10,2021,116000.0,1840.0,5691,5860,155,48.4,1750,1425,110,40,170,0,0,1580,155
5350412.11,2021,140000.0,2440.0,4443,4717,60,58.3,1320,1055,180,40,45,5,0,1265,60
5350412.12,2021,115000.0,1310.0,3922,4027,165,45.5,1310,475,120,625,25,65,0,1140,165
5350412.13,2021,97000.0,1960.0,5129,4065,440,36.4,2000,1260,0,275,75,10,385,1560,445
5350412.14,2021,180000.0,,3247,3400,20,0.0,1005,990,0,0,15,0,0,980,20
5350412.15,2021,134000.0,2100.0,5689,5456,145,51.7,1980,1480,5,55,50,110,275,1830,150
5350412.18,2021,172000.0,2800.0,7096,7593,95,47.4,2205,2120,0,0,85,0,0,2105,95
5350412.19,2021,146000.0,2460.0,9254,9559,140,39.3,2695,1820,625,165,70,10,0,2550,145
5350412.20,2021,139000.0,1600.0,5528,5761,100,0.0,1680,1180,295,160,35,5,0,1580,105
5350412.21,2021,,,21,10,,,,,,,,,,,
5350412.22,2021,143000.0,2440.0,8911,8811,250,56.0,2520,1640,480,255,40,10,90,2270,255
5350412.24,2021,136000.0,2820.0,8731,8371,255,56.9,2460,1765,100,555,45,0,0,2205,255
5350412.25,2021,145000.0,2160.0,5469,5508,100,45.0,1535,1305,110,95,15,0,0,1435,95
5350412.26,2021,137000.0,2640.0,6018,6267,160,62.5,1675,930,415,335,0,0,0,1515,165
5350413.01,2021,162000.0,2660.0,16587,9614,360,44.4,4600,3875,255,340,30,95,5,4235,365
5350413.02,2021,142000.0,2640.0,15154,12789,350,50.0,4110,2805,475,795,30,5,0,3760,345
5350420.03,2021,81000.0,1370.0,7043,6503,1330,44.4,2620,1420,10,165,225,450,350,1295,1335
5350420.05,2021,79500.0,1820.0,7993,7714,935,55.7,3305,1105,0,250,55,0,1890,2370,935
5350420.06,2021,127000.0,2680.0,4978,5147,120,42.9,1540,1230,25,205,75,0,0,1455,115
5350420.08,2021,67500.0,1740.0,4459,4375,680,50.4,1990,475,70,60,65,245,1075,1275,685
5350420.09,2021,67000.0,1300.0,4804,4537,835,36.4,2225,210,10,450,15,0,1545,1420,830
5350420.10,2021,139000.0,3440.0,3662,3727,55,40.0,1020,1010,5,0,10,0,0,970,55
5350420.11,2021,142000.0,3200.0,5917,6190,150,46.7,1750,1680,0,20,55,0,0,1600,145
5350420.13,2021,81000.0,2060.0,6205,5570,720,60.3,2570,245,235,610,15,0,1455,1850,715
5350420.14,2021,75500.0,1960.0,8657,7143,1260,57.5,3815,250,190,985,10,0,2375,2550,1265
5350420.15,2021,114000.0,2900.0,2333,2349,70,50.0,710,620,45,20,30,0,0,610,65
5350421.01,2021,112000.0,2020.0,7209,6824,385,56.0,2490,2020,5,80,135,10,250,2110,380
5350421.04,2021,77500.0,2000.0,3715,3675,440,60.2,1585,345,0,295,20,5,915,1130,440
5350421.05,2021,117000.0,2260.0,3408,3600,115,47.8,1195,875,5,235,75,0,0,1095,115
5350421.06,2021,75500.0,2000.0,4294,3631,405,56.4,1875,420,10,380,60,0,1005,1480,405
5350421.07,2021,119000.0,2560.0,4018,4097,160,50.0,1360,1220,0,40,95,0,0,1185,160
5350422.02,2021,72500.0,1350.0,5842,5361,1115,44.1,2215,560,655,30,335,210,405,1115,1115
5350422.03,2021,128000.0,2680.0,6807,6992,275,52.7,2050,1220,115,715,0,0,0,1760,280
5350422.04,2021,119000.0,2500.0,3761,3956,110,47.6,1145,850,30,260,5,0,0,1030,115
5350422.05,2021,120000.0,2860.0,6730,7090,250,58.0,2010,1380,85,505,30,0,0,1760,255
5350422.06,2021,63200.0,1080.0,5356,5212,1105,39.5,2240,1105,0,65,145,145,780,1130,1110
5350423.01,2021,115000.0,1740.0,3738,3719,285,50.9,1295,975,5,0,70,90,135,985,285
5350423.02,2021,112000.0,1490.0,7750,7786,720,43.1,2705,1880,5,205,135,105,380,2015,725
5350424.04,2021,127000.0,2740.0,2542,2404,60,58.3,785,690,0,80,10,0,5,695,65
5350424.05,2021,98000.0,1600.0,8853,9297,745,54.4,2870,1710,0,445,100,355,260,2125,740
5350424.07,2021,125000.0,2900.0,8306,8404,285,66.7,2530,1440,200,855,25,5,0,2250,280
5350424.08,2021,137000.0,2100.0,7012,7399,180,41.7,2145,1915,0,155,75,0,0,1965,185
5350424.09,2021,122000.0,2460.0,4648,3607,220,59.1,1460,1055,55,215,115,25,0,1250,220
5350424.10,2021,142000.0,2620.0,6441,6495,150,63.3,1915,1580,85,225,25,0,0,1760,150
5350424.11,2021,117000.0,2520.0,8859,8070,520,59.6,2880,2175,140,415,80,30,45,2360,520
5350424.13,2021,116000.0,2620.0,4554,2373,340,53.7,1510,950,65,470,20,0,0,1175,340
5350424.14,2021,131000.0,2600.0,13157,13212,400,55.1,3910,2635,230,1030,15,0,0,3515,395
5350424.15,2021,120000.0,2400.0,9958,9776,435,57.5,3055,1895,375,675,20,5,80,2620,435
5350424.16,2021,136000.0,2840.0,9013,8787,250,66.0,2550,2160,5,380,0,0,0,2300,250
5350430.03,2021,123000.0,1800.0,6001,5411,205,46.3,1945,1575,35,120,135,85,0,1730,200
5350430.05,2021,131000.0,1980.0,7487,7264,190,45.9,2315,1815,135,190,75,100,0,2145,190
5350430.06,2021,134000.0,2260.0,7367,6760,155,25.8,2150,1535,460,150,5,0,5,2000,150
5350430.07,2021,113000.0,1960.0,10270,7518,590,41.0,3665,1905,15,955,130,405,245,3070,590
5350430.08,2021,112000.0,1380.0,5992,6072,340,51.5,1920,1065,160,390,15,295,0,1580,345
5350431.01,2021,117000.0,1500.0,6534,6384,220,38.6,2545,2470,10,10,35,25,0,2320,215
5350431.02,2021,132000.0,1520.0,6213,6428,310,46.7,2160,2060,15,0,55,30,0,1845,315
5350440.00,2021,127000.0,1840.0,7728,7105,500,48.0,2770,1435,295,700,100,140,105,2265,505
5350441.02,2021,89000.0,1430.0,4356,4494,710,44.7,1755,695,25,240,60,260,480,1045,715
5350441.03,2021,122000.0,1500.0,7228,7295,425,43.5,2500,1720,205,205,125,225,15,2075,425
5350441.04,2021,153000.0,1550.0,5748,5612,145,31.0,1790,1570,0,175,35,5,0,1640,150
5350442.02,2021,88000.0,1550.0,4325,4059,660,40.9,1770,895,160,165,140,130,280,1110,660
5350442.03,2021,153000.0,1500.0,5110,5277,110,31.8,1690,1510,10,80,50,40,0,1600,110
5350442.04,2021,111000.0,1270.0,3680,3669,295,44.8,1410,915,20,135,75,240,20,1090,295
5350442.05,2021,118000.0,2100.0,7173,7377,290,50.0,2565,875,390,905,25,160,220,2280,285
5350442.06,2021,122000.0,2560.0,16709,10557,890,46.1,5265,3375,390,1015,60,335,90,4375,890
5350450.02,2021,83000.0,1150.0,3175,3208,410,42.7,1145,690,45,40,90,160,135,725,405
5350450.03,2021,109000.0,1570.0,8386,8471,610,33.3,2970,1605,50,870,120,310,10,2350,615
5350450.05,2021,124000.0,1960.0,6191,5909,355,37.7,2090,1095,580,205,65,140,0,1745,355
5350450.06,2021,148000.0,2680.0,8327,7845,310,38.3,2445,2200,150,0,35,50,0,2135,310
5350451.01,2021,84000.0,785.0,2237,2283,385,27.3,935,575,5,10,70,180,95,550,390
5350451.02,2021,73500.0,1420.0,5336,4932,1190,52.1,2500,905,50,55,235,400,850,1325,1185
5350451.03,2021,105000.0,1320.0,6810,6952,415,35.4,2410,1410,100,440,230,20,205,2000,410
5350451.05,2021,127000.0,1390.0,6081,4583,470,35.1,1980,1505,0,310,65,0,100,1505,465
5350451.06,2021,128000.0,1980.0,6701,6596,280,44.6,2110,1330,5,680,80,0,0,1810,280
5350451.07,2021,132000.0,2100.0,4927,4979,155,20.0,1530,725,240,540,20,0,0,1400,155
5350452.01,2021,90000.0,1370.0,3174,3153,435,39.1,1275,585,230,0,220,195,0,820,435
5350452.02,2021,83000.0,1470.0,5024,4978,935,39.5,1935,625,220,0,500,490,0,1020,930
5350452.03,2021,98000.0,1310.0,5280,5579,680,44.8,1980,1295,105,100,115,245,115,1320,675
5350452.05,2021,125000.0,2340.0,6411,4892,305,42.6,1855,1280,195,350,10,20,0,1525,305
5350452.06,2021,123000.0,2280.0,4573,4529,220,27.3,1300,735,285,260,10,15,0,1110,220
5350452.07,2021,123000.0,2060.0,5309,5335,200,35.0,1830,1555,0,15,130,130,0,1630,195
5350455.00,2021,118000.0,1200.0,9009,8254,345,39.1,3035,2495,55,295,60,130,0,2695,340
5350456.01,2021,122000.0,2460.0,11526,4480,785,46.5,3745,3035,120,505,45,25,5,2995,785
5350456.02,2021,118000.0,2300.0,10104,7199,515,46.1,3285,2490,220,305,145,120,0,2770,515
5350456.03,2021,115000.0,1600.0,3998,4058,165,33.3,1380,1270,5,0,90,15,0,1185,160
5350460.01,2021,154000.0,1860.0,8659,7234,295,40.7,2755,2240,5,260,35,75,135,2470,300
5350460.02,2021,115000.0,1150.0,3503,3557,235,34.0,1265,1200,15,10,30,10,0,1015,240
5350461.01,2021,162000.0,2200.0,7215,5658,155,32.3,2105,1975,40,25,15,50,0,1925,160
5350461.02,2021,126000.0,1470.0,7956,8063,355,38.6,2840,2405,85,70,15,125,135,2500,365
5350470.00,2021,103000.0,1070.0,2951,2790,110,36.4,1130,1075,10,0,5,35,0,1030,110
5350471.00,2021,93000.0,1200.0,3283,3276,175,34.3,1225,1070,10,0,20,35,0,1040,180
5350472.00,2021,105000.0,1840.0,8349,7475,525,42.9,2950,2335,185,255,140,45,0,2425,525
5350473.01,2021,116000.0,950.0,6539,6659,455,39.6,2225,1775,25,0,110,210,100,1780,450
5350473.02,2021,94000.0,1510.0,6898,6998,600,41.7,2510,1765,70,285,180,215,0,1910,600
5350473.03,2021,93000.0,1410.0,3616,3713,390,43.6,1420,1120,50,45,85,105,5,1020,390
5350474.00,2021,100000.0,1620.0,5912,5517,325,46.2,2365,2195,80,25,25,35,0,2035,330
5350475.00,2021,86000.0,1190.0,7728,6826,635,37.9,3035,2495,25,170,15,305,0,2400,640
5350500.01,2021,75000.0,1340.0,3678,3381,1130,33.2,1660,370,60,0,70,50,1110,525,1125
5350500.02,2021,76000.0,1340.0,4780,4874,910,43.9,2150,645,10,60,120,190,1115,1245,915
5350501.01,2021,95000.0,1800.0,5718,5945,635,40.0,2500,510,275,340,15,325,1045,1865,640
5350501.02,2021,132000.0,2160.0,7122,6814,355,48.5,2645,1330,180,730,35,270,100,2295,350
5350502.01,2021,102000.0,1420.0,5645,5429,525,38.1,2060,350,515,490,25,525,155,1515,530
5350502.02,2021,98000.0,1170.0,2533,2545,280,33.9,935,375,205,190,15,15,125,670,280
5350503.00,2021,91000.0,1520.0,4946,5017,805,43.1,1830,460,585,65,35,160,525,1020,810
5350504.00,2021,126000.0,1800.0,3419,3392,240,27.7,1190,925,0,235,20,10,5,960,235
5350505.01,2021,198000.0,3280.0,4476,4688,45,0.0,1440,1420,0,0,15,0,0,1390,45
5350505.02,2021,212000.0,2980.0,5664,5762,75,33.3,1760,1725,5,10,10,5,0,1685,70
5350506.00,2021,238000.0,3280.0,2609,2717,45,0.0,835,815,0,0,15,5,0,775,45
5350507.00,2021,138000.0,1960.0,3707,3702,115,47.8,1310,1095,0,150,55,15,0,1215,115
5350508.00,2021,114000.0,2580.0,3533,3175,190,52.8,1270,875,120,80,70,60,65,1075,185
5350509.01,2021,111000.0,1680.0,5122,5015,220,34.1,1955,1045,120,365,120,70,240,1730,220
5350509.02,2021,124000.0,2500.0,3418,3168,125,40.0,1330,895,20,65,45,20,280,1215,120
5350510.00,2021,128000.0,1450.0,5388,5540,150,53.3,1955,1675,130,0,45,90,10,1805,150
5350511.01,2021,70000.0,1420.0,6086,6166,2255,37.1,2535,25,0,105,0,0,2400,280,2255
5350511.02,2021,88000.0,1280.0,4795,4714,710,41.8,1825,680,335,130,30,50,605,1095,710
5350512.00,2021,77000.0,1480.0,6056,6012,1220,36.0,2225,785,0,0,40,255,1150,1020,1225
5350513.01,2021,116000.0,1570.0,6781,6973,325,29.7,2425,1300,110,480,45,85,400,2100,325
5350513.02,2021,69500.0,1260.0,6215,6352,1360,34.7,2400,555,190,40,80,155,1385,1035,1365
5350513.03,2021,80000.0,1310.0,3297,3527,745,38.8,1140,255,0,15,5,0,865,390,750
5350513.04,2021,115000.0,1550.0,3662,3742,195,30.8,1210,660,300,0,25,225,0,1020,190
5350514.01,2021,184000.0,3960.0,2355,2340,40,75.0,760,755,0,0,0,0,0,715,40
5350514.02,2021,87000.0,1340.0,5464,5832,920,39.6,1770,680,0,0,10,180,905,855,925
5350515.01,2021,122000.0,1640.0,4185,4305,220,27.3,1485,750,360,150,15,105,105,1265,225
5350515.02,2021,102000.0,1240.0,3771,3874,450,41.1,1345,735,0,270,20,0,315,895,455
5350516.01,2021,125000.0,1300.0,5393,5445,205,37.5,1790,1630,0,25,45,80,5,1585,205
5350516.02,2021,124000.0,1880.0,4749,4852,85,17.6,1550,640,315,445,40,20,95,1490,85
5350516.03,2021,94000.0,1310.0,5630,5715,380,26.7,2170,290,415,940,10,30,490,1795,380
5350516.04,2021,81000.0,1680.0,6257,6250,1970,34.6,2525,275,0,215,20,1075,945,555,1975
5350516.05,2021,105000.0,1800.0,6210,6156,390,47.4,2125,425,510,575,30,105,475,1735,395
5350516.06,2021,111000.0,1460.0,4784,4934,270,29.6,1465,360,280,580,25,115,105,1185,270
5350516.08,2021,86000.0,1310.0,6218,5971,1190,27.7,2295,395,360,485,5,15,1030,1110,1185
5350516.09,2021,103000.0,1500.0,6899,7000,360,32.9,2520,450,680,805,15,565,5,2165,355
5350516.11,2021,144000.0,1740.0,4699,4646,65,30.8,1440,1350,20,40,25,0,0,1370,70
5350516.16,2021,103000.0,2000.0,5132,5533,435,54.7,2035,590,0,875,10,0,555,1600,430
5350516.17,2021,97000.0,1620.0,3403,3583,270,33.3,1330,420,90,395,10,5,410,1060,265
5350516.18,2021,120000.0,1340.0,3428,3555,140,17.9,1175,480,450,215,10,20,0,1030,145
5350516.20,2021,140000.0,1660.0,6104,6249,160,46.9,1860,1620,180,0,55,0,0,1700,155
5350516.21,2021,153000.0,,2898,2918,30,66.7,875,735,50,50,30,5,5,820,30
5350516.22,2021,148000.0,1900.0,6826,6967,115,52.2,1940,1190,515,170,30,30,0,1820,115
5350516.23,2021,140000.0,1500.0,5541,5605,130,42.3,1635,1360,135,80,55,0,0,1505,130
5350516.24,2021,144000.0,2000.0,3953,4081,30,0.0,1225,1175,0,0,45,0,0,1180,35
5350516.25,2021,115000.0,850.0,3749,3870,310,17.7,1220,795,0,125,65,5,230,915,305
5350516.26,2021,118000.0,1300.0,6580,6832,460,27.2,1990,1305,10,385,140,25,130,1530,460
5350516.28,2021,133000.0,2520.0,4571,4820,155,48.3,1425,815,0,590,15,0,0,1295,150
5350516.29,2021,114000.0,1300.0,4699,4857,500,21.2,1465,760,0,415,40,120,130,940,500
5350516.30,2021,156000.0,2580.0,5955,5931,155,44.8,1680,1140,240,280,25,0,0,1530,155
5350516.31,2021,131000.0,1740.0,2713,2804,85,40.0,910,675,0,195,30,0,5,830,80
5350516.32,2021,144000.0,2180.0,4971,4951,55,0.0,1430,655,390,370,15,0,0,1395,55
5350516.37,2021,81000.0,2060.0,9288,6099,1650,50.8,3715,715,5,680,50,5,2260,2065,1655
5350516.38,2021,114000.0,2260.0,6492,6517,460,48.9,1855,595,470,440,15,335,5,1400,455
5350516.39,2021,137000.0,2480.0,5087,5168,155,32.3,1310,755,530,0,20,10,0,1135,155
5350516.40,2021,140000.0,2420.0,6304,6382,170,39.4,1785,870,605,280,25,10,0,1615,165
5350516.41,2021,116000.0,2280.0,5727,5734,385,48.1,1665,430,380,635,70,150,0,1280,390
5350516.43,2021,108000.0,2200.0,3930,4210,245,51.1,1370,580,0,305,35,0,445,1125,245
5350516.44,2021,120000.0,2480.0,5237,5438,460,42.0,1530,590,185,740,10,5,0,1070,460
5350516.47,2021,144000.0,2760.0,5083,5127,155,56.7,1355,875,390,75,5,5,0,1200,150
5350516.48,2021,130000.0,2740.0,6541,6661,400,50.0,1645,570,715,325,25,5,10,1220,395
5350516.50,2021,131000.0,2660.0,3934,4012,165,48.5,1030,285,650,80,10,10,0,860,170
5350516.51,2021,130000.0,2700.0,4543,4614,200,62.5,1250,595,505,130,10,5,0,1055,200
5350516.52,2021,134000.0,2760.0,4704,4843,150,56.7,1245,595,550,85,5,0,0,1100,145
5350516.53,2021,178000.0,3100.0,2656,2782,50,60.0,655,650,0,0,0,0,0,605,45
5350516.54,2021,99000.0,2200.0,4518,4428,490,50.0,1440,240,160,705,0,325,0,955,490
5350516.55,2021,128000.0,2440.0,4674,4543,240,41.7,1255,495,320,430,0,0,0,1035,235
5350517.00,2021,122000.0,1700.0,1710,1678,120,29.2,580,430,0,130,15,0,0,455,125
5350518.00,2021,73500.0,1200.0,4328,4236,950,30.5,1595,375,70,95,30,95,935,645,950
5350519.00,2021,101000.0,1550.0,3975,3810,360,33.8,1285,270,560,0,25,415,5,910,360
5350520.01,2021,94000.0,1420.0,5179,5483,405,29.9,1630,225,490,345,25,535,0,1240,405
5350520.02,2021,88000.0,1840.0,7509,7102,750,49.3,2740,945,175,0,225,10,1385,1990,750
5350520.05,2021,89000.0,1300.0,3581,3637,430,38.6,1260,320,10,190,100,165,475,815,435
5350520.07,2021,73000.0,1680.0,4929,5198,1140,38.2,1930,10,0,25,0,10,1880,800,1135
5350520.08,2021,95000.0,1130.0,6094,6304,760,36.2,2295,255,485,530,15,590,415,1535,760
5350520.09,2021,78000.0,2000.0,7166,7125,1380,43.9,3240,10,5,20,0,0,3195,1860,1375
5350520.11,2021,82000.0,1980.0,4856,4890,830,49.4,2225,190,0,0,70,0,1965,1400,830
5350520.12,2021,76500.0,2200.0,5010,4773,975,55.6,1955,0,0,0,0,0,1955,975,970
5350521.01,2021,79500.0,1720.0,5504,5684,1125,36.2,2265,0,0,0,0,0,2265,1140,1125
5350521.02,2021,105000.0,1920.0,3404,3483,140,37.0,1170,470,315,295,15,65,5,1055,140
5350521.03,2021,99000.0,1700.0,4787,4995,290,43.1,1490,70,155,700,5,115,445,1215,290
5350521.04,2021,91000.0,1570.0,6542,6604,660,44.7,2300,560,360,465,60,245,615,1610,665
5350521.05,2021,72500.0,1160.0,4248,4201,830,32.1,1750,155,0,315,65,210,1005,910,830
5350521.06,2021,70500.0,1700.0,5540,5575,1750,40.1,2375,0,0,0,0,260,2110,625,1755
5350522.00,2021,96000.0,1510.0,6034,6008,470,31.2,2145,825,530,220,60,230,280,1675,470
5350523.00,2021,77000.0,1620.0,6084,6170,1330,44.9,2475,550,135,160,20,35,1570,1140,1330
5350524.01,2021,94000.0,1100.0,4658,4737,355,25.4,1660,360,135,500,15,535,115,1290,355
5350524.02,2021,75000.0,1400.0,3569,3579,670,50.0,1545,210,180,5,5,35,1105,885,670
5350525.01,2021,84000.0,1450.0,3274,3450,505,29.3,1125,270,75,130,15,105,525,605,500
5350525.02,2021,68000.0,1400.0,4207,4662,1010,39.8,1630,280,85,70,20,70,930,635,1010
5350526.01,2021,81000.0,1440.0,5810,6042,1065,38.0,1960,220,140,370,20,240,965,890,1070
5350526.02,2021,81000.0,1350.0,3502,3557,930,37.4,1325,270,75,175,10,95,700,415,930
5350527.02,2021,97000.0,1580.0,4904,5258,400,33.8,1760,880,95,85,55,80,565,1355,400
5350527.04,2021,116000.0,1600.0,5615,5778,550,35.8,2100,845,0,720,40,0,495,1530,550
5350527.05,2021,99000.0,1290.0,5369,5629,380,22.4,2040,1190,35,125,85,80,530,1660,375
5350527.06,2021,109000.0,1220.0,3606,3979,230,28.3,1235,870,45,60,70,45,145,995,225
5350527.07,2021,92000.0,1250.0,4775,4916,620,24.2,1660,400,125,510,50,460,110,1050,620
5350527.08,2021,114000.0,1700.0,4069,4172,160,50.0,1300,1040,130,5,100,20,0,1120,155
5350527.09,2021,112000.0,1320.0,3312,3415,245,30.6,1080,805,80,15,30,10,140,860,245
5350527.10,2021,67500.0,1960.0,4657,4185,1445,57.6,2380,0,0,60,0,65,2255,945,1450
5350527.11,2021,73500.0,2000.0,10056,6480,2190,57.4,4520,625,20,5,190,15,3675,2315,2195
5350527.12,2021,94000.0,1860.0,4671,4805,415,42.0,1675,325,340,135,45,275,555,1250,410
5350527.13,2021,79500.0,2100.0,4060,3872,955,48.4,1875,0,0,10,0,0,1865,935,955
5350528.01,2021,114000.0,1100.0,5534,5695,365,31.5,1725,1110,0,290,80,5,245,1365,365
5350528.11,2021,73000.0,2020.0,5232,5511,555,48.2,2480,0,0,0,0,0,2475,1970,555
5350528.12,2021,135000.0,1500.0,5477,5748,155,29.0,1515,1220,5,0,290,5,0,1365,150
5350528.13,2021,149000.0,2140.0,3397,3509,90,33.3,965,865,0,35,55,5,0,850,95
5350528.15,2021,127000.0,1540.0,4194,4438,225,27.3,1185,780,5,355,45,0,0,985,225
5350528.16,2021,123000.0,1440.0,5079,5188,210,26.2,1405,675,115,365,100,25,125,1200,210
5350528.18,2021,127000.0,2280.0,6633,6831,420,30.1,1905,1035,135,560,135,35,10,1485,415
5350528.19,2021,111000.0,1640.0,5068,5359,240,39.6,1570,580,90,510,175,25,180,1330,240
5350528.20,2021,105000.0,1020.0,5726,5909,280,33.9,1730,945,15,170,325,80,195,1440,275
5350528.21,2021,77500.0,1120.0,4781,4354,645,36.7,1475,115,0,205,75,205,870,840,645
5350528.22,2021,96000.0,1200.0,6329,6543,455,31.9,1735,570,0,295,590,75,200,1275,460
5350528.24,2021,117000.0,1920.0,4983,5234,250,41.7,1510,765,5,445,205,25,60,1265,245
5350528.26,2021,77000.0,1700.0,6807,5325,1360,37.4,2820,330,0,440,150,15,1895,1415,1360
5350528.31,2021,77000.0,1300.0,6442,6332,1045,50.2,2040,700,40,235,365,380,325,1000,1050
5350528.32,2021,147000.0,2800.0,4088,4190,65,0.0,1085,925,0,80,80,0,0,1040,65
5350528.33,2021,137000.0,1680.0,6224,6444,205,29.3,1785,1130,0,460,165,20,0,1580,200
5350528.34,2021,119000.0,2140.0,5810,5975,180,33.3,1845,570,520,380,45,340,0,1670,180
5350528.35,2021,130000.0,2820.0,3056,3310,70,21.4,880,545,75,225,25,5,0,830,65
5350528.39,2021,151000.0,2400.0,6827,6886,180,27.8,1950,765,770,370,45,5,0,1785,185
5350528.40,2021,150000.0,2280.0,6071,6198,135,40.7,1690,745,810,90,25,25,0,1560,130
5350528.42,2021,129000.0,2420.0,5315,5566,230,32.6,1325,410,800,0,50,70,0,1080,230
5350528.43,2021,116000.0,2200.0,4975,5110,175,42.9,1470,360,230,670,45,65,100,1290,175
5350528.44,2021,116000.0,2080.0,1887,2081,50,60.0,605,535,15,10,45,5,0,540,50
5350528.45,2021,97000.0,1100.0,5454,5652,710,20.4,1755,525,135,535,30,10,510,1040,710
5350528.46,2021,126000.0,2220.0,6862,7144,425,37.6,1815,540,665,515,55,35,0,1390,420
5350528.47,2021,124000.0,1100.0,5044,5261,265,26.4,1435,885,155,190,65,20,120,1175,260
5350528.49,2021,157000.0,2060.0,4740,4860,145,31.0,1240,815,125,255,35,15,0,1080,140
5350528.50,2021,105000.0,1200.0,3385,3626,240,25.0,865,445,5,65,340,20,0,665,240
5350528.51,2021,99000.0,1200.0,4420,4589,335,31.3,1035,300,70,80,420,160,0,670,330
5350528.52,2021,132000.0,1900.0,6489,6004,270,42.6,1685,955,335,340,30,5,20,1415,275
5350528.53,2021,164000.0,2200.0,2554,2531,45,0.0,675,550,0,125,0,0,0,620,50
5350528.54,2021,140000.0,2500.0,2935,2962,75,28.6,685,415,255,5,5,0,0,610,75
5350528.55,2021,128000.0,2080.0,4761,4993,175,20.6,1220,505,400,205,70,50,0,1045,170
5350528.56,2021,120000.0,1210.0,3455,3474,325,26.2,1030,485,205,105,35,0,200,730,320
5350528.57,2021,120000.0,1190.0,4104,4148,260,28.8,1180,775,75,55,95,15,160,900,260
5350528.58,2021,113000.0,1430.0,4073,4506,130,38.5,1270,750,95,150,235,35,0,1135,135
5350528.59,2021,119000.0,2260.0,4224,4357,330,40.6,1140,425,295,125,205,85,0,805,335
5350528.60,2021,105000.0,1840.0,3626,3763,190,52.6,1160,375,135,50,95,140,365,965,190
5350528.61,2021,96000.0,1280.0,4026,3951,460,36.3,1380,295,65,535,55,45,395,925,460
5350528.62,2021,87000.0,1210.0,1778,1779,235,29.8,520,45,0,260,15,0,195,260,240
5350528.63,2021,137000.0,2400.0,5942,6161,155,35.5,1560,725,420,300,55,55,0,1420,160
5350529.01,2021,82000.0,1250.0,4097,3848,455,33.0,1240,405,165,0,210,440,0,770,460
5350529.02,2021,81000.0,1290.0,4675,4676,650,33.1,1435,385,130,75,210,355,270,795,650
5350530.01,2021,83000.0,1500.0,5217,5212,880,33.5,1515,260,145,70,125,910,5,615,880
5350530.02,2021,76500.0,1430.0,3117,3169,445,42.7,1000,30,85,95,45,275,470,575,445
5350531.01,2021,80000.0,1260.0,4106,4144,555,31.5,1310,200,100,240,145,460,165,755,555
5350531.02,2021,89000.0,1200.0,6405,6660,470,29.7,1885,625,400,35,270,550,5,1415,465
5350532.01,2021,92000.0,1500.0,4319,4353,370,28.4,1240,385,175,0,130,550,0,830,365
5350532.02,2021,87000.0,1400.0,4508,4629,535,36.2,1315,195,145,195,95,575,110,820,530
5350540.01,2021,67000.0,1320.0,4850,5031,1715,44.0,2500,415,65,235,60,355,1350,780,1720
5350540.02,2021,85000.0,1500.0,5658,5599,1575,44.1,2805,460,15,205,120,550,1460,1235,1575
5350550.01,2021,115000.0,1290.0,4672,4649,235,27.7,1655,710,100,775,25,40,0,1430,230
5350550.02,2021,98000.0,1320.0,7557,7464,1030,37.7,2900,1385,250,370,90,240,560,1870,1025
5350560.00,2021,88000.0,1310.0,6482,6270,580,37.1,2255,835,515,375,85,110,335,1695,585
5350561.00,2021,91000.0,1560.0,6821,6447,1120,31.7,2265,655,575,75,85,315,565,1180,1120
5350562.02,2021,113000.0,1500.0,6521,6494,220,38.6,2110,1240,240,55,270,15,290,1890,220
5350562.03,2021,102000.0,1660.0,5071,4824,470,32.6,1600,380,320,670,25,210,0,1110,465
5350562.04,2021,108000.0,1560.0,4830,4528,240,33.3,1450,895,40,200,95,215,0,1230,235
5350562.05,2021,83000.0,1640.0,5930,5659,755,42.4,2210,590,15,315,50,10,1235,1475,750
5350562.06,2021,115000.0,1900.0,3056,3036,140,28.6,965,640,0,155,165,5,0,835,140
5350562.07,2021,105000.0,1500.0,4600,4480,245,34.7,1395,700,180,105,75,330,5,1135,240
5350562.08,2021,102000.0,1800.0,4201,4103,195,38.5,1380,645,235,395,25,80,5,1185,195
5350562.09,2021,103000.0,1370.0,4023,3880,170,17.6,1280,595,370,205,35,70,0,1120,165
5350562.11,2021,109000.0,1760.0,3110,3030,110,31.8,995,920,0,0,60,10,0,875,110
5350562.12,2021,73500.0,1600.0,7158,7092,2250,39.1,2870,5,0,0,0,0,2860,620,2250
5350562.13,2021,100000.0,1620.0,1192,1227,60,0.0,370,100,0,265,5,0,0,315,60
5350562.14,2021,126000.0,1260.0,3889,3924,125,28.0,1105,950,0,0,155,0,0,1010,120
5350562.15,2021,112000.0,1250.0,3624,3724,245,40.8,1050,800,0,0,110,140,0,775,250
5350563.01,2021,63200.0,1360.0,6622,6743,1450,27.8,2465,5,0,5,0,130,2325,1010,1450
5350563.02,2021,101000.0,1530.0,3396,2934,270,26.4,1030,475,160,200,25,20,145,725,270
5350564.01,2021,106000.0,2060.0,2351,2328,125,32.0,740,340,185,70,60,85,0,590,125
5350564.02,2021,95000.0,1740.0,4893,4788,405,41.3,1465,335,310,535,40,65,180,1060,400
5350570.01,2021,61200.0,1300.0,4012,3297,1295,33.2,1640,65,0,360,0,15,1190,340,1300
5350570.02,2021,128000.0,2360.0,4200,3645,105,23.8,1295,1265,0,0,25,0,0,1155,105
5350571.01,2021,76000.0,1550.0,3838,3855,795,39.7,1380,205,135,315,60,185,485,640,790
5350571.02,2021,101000.0,1270.0,4308,3998,355,47.8,1470,1120,45,0,70,175,65,1145,355
5350572.01,2021,89000.0,1260.0,7707,6789,950,31.9,2650,1190,230,150,170,310,600,1710,945
5350572.04,2021,98000.0,1300.0,3388,3124,355,36.6,1015,505,25,195,125,160,5,665,355
5350572.05,2021,76500.0,1530.0,6290,5902,1600,34.0,2285,390,5,5,60,5,1820,680,1600
5350572.07,2021,109000.0,1400.0,4650,4645,265,28.3,1280,850,0,115,275,30,0,975,270
5350572.08,2021,104000.0,1400.0,5661,5455,440,33.0,1490,740,0,155,570,25,0,1050,445
5350572.09,2021,121000.0,1570.0,4674,4810,110,40.9,1280,710,145,330,80,15,0,1190,110
5350572.10,2021,114000.0,1660.0,3567,3598,135,38.5,925,520,55,115,200,35,0,810,140
5350573.03,2021,103000.0,1120.0,6410,6441,530,25.5,1975,1185,240,45,205,180,125,1445,530
5350573.05,2021,106000.0,1430.0,5978,5585,365,38.4,1810,1370,55,45,185,100,50,1445,365
5350573.06,2021,107000.0,2020.0,4611,4598,105,47.6,1420,760,105,515,35,5,0,1335,100
5350573.07,2021,84000.0,1250.0,6129,5818,1095,37.9,2215,785,140,410,165,110,605,1125,1090
5350573.09,2021,111000.0,1410.0,6086,6060,365,36.1,1645,870,280,225,185,60,20,1280,365
5350573.10,2021,125000.0,1500.0,3168,3196,75,33.3,845,515,35,270,25,0,0,770,75
5350573.11,2021,121000.0,1820.0,4944,5082,175,38.2,1290,485,660,85,45,5,5,1115,180
5350574.00,2021,71000.0,1220.0,6640,6619,1750,40.9,3265,825,90,75,185,385,1700,1470,1750
5350575.01,2021,87000.0,1250.0,5985,5892,675,40.7,2010,305,675,190,40,680,120,1335,680
5350575.02,2021,64500.0,1240.0,4910,4698,1280,35.0,2030,400,225,30,145,260,980,725,1280
5350575.03,2021,95000.0,1500.0,6598,6703,595,33.3,2065,340,575,380,55,695,10,1465,595
5350575.04,2021,99000.0,1800.0,6562,6198,420,34.5,2050,585,665,505,125,170,0,1660,420
5350575.05,2021,103000.0,1600.0,6956,6932,270,31.5,2150,500,350,1135,150,25,0,1885,270
5350575.07,2021,123000.0,2580.0,3967,4075,110,36.4,1020,520,480,0,15,0,0,905,110
5350575.08,2021,112000.0,1500.0,5669,5561,375,36.0,1645,1055,120,95,115,255,0,1265,375
5350576.04,2021,131000.0,1780.0,4529,4398,60,25.0,1400,1205,10,125,50,10,0,1365,60
5350576.05,2021,109000.0,1500.0,6834,7022,290,31.0,1925,1050,120,255,415,75,10,1635,290
5350576.06,2021,116000.0,2100.0,8244,7300,440,35.2,2430,1150,300,755,165,55,0,1960,440
5350576.07,2021,113000.0,1760.0,4495,4573,170,44.1,1325,905,175,65,155,25,0,1140,170
5350576.09,2021,124000.0,1210.0,3966,3782,110,27.3,1245,715,175,300,45,5,0,1135,110
5350576.16,2021,118000.0,1500.0,6366,6468,240,35.4,1610,985,245,135,210,20,0,1365,245
5350576.17,2021,114000.0,2000.0,6724,6767,245,36.7,1680,1005,235,295,130,15,0,1430,245
5350576.20,2021,114000.0,1450.0,6606,6827,275,25.5,1575,715,530,45,250,40,0,1300,275
5350576.22,2021,119000.0,1500.0,7297,7401,285,38.6,1810,1060,410,85,220,20,5,1520,285
5350576.29,2021,118000.0,1210.0,4160,4136,120,29.2,1120,330,580,200,10,5,0,1015,120
5350576.31,2021,139000.0,880.0,3726,3786,125,40.9,1165,1030,0,0,35,95,0,1040,125
5350576.33,2021,125000.0,1410.0,2624,2518,65,0.0,795,710,0,5,80,0,0,745,65
5350576.34,2021,117000.0,2160.0,5987,6067,180,44.4,1655,780,600,215,35,15,5,1460,180
5350576.43,2021,122000.0,1740.0,6487,6463,195,28.2,1720,1050,230,325,95,15,5,1515,195
5350576.44,2021,130000.0,1500.0,2727,2784,55,0.0,725,605,0,110,5,0,0,685,60
5350576.45,2021,119000.0,1400.0,2816,2929,70,35.7,695,515,135,0,40,5,0,640,70
5350576.46,2021,112000.0,1300.0,5286,5318,195,33.3,1345,585,365,220,140,30,0,1145,190
5350576.47,2021,166000.0,1900.0,4274,4062,60,50.0,930,885,0,0,40,0,0,840,60
5350576.49,2021,120000.0,1900.0,5144,6039,145,27.6,1310,1150,20,50,85,0,0,1155,145
5350576.50,2021,125000.0,2160.0,6726,6735,150,31.0,1690,1290,140,175,65,10,0,1550,150
5350576.52,2021,124000.0,2040.0,5738,5871,150,50.0,1465,1010,355,60,30,0,0,1335,155
5350576.53,2021,125000.0,2160.0,4365,4441,135,29.6,1095,710,375,0,5,5,0,930,140
5350576.54,2021,112000.0,1840.0,5729,4682,295,55.4,1500,720,20,365,300,5,90,1215,290
5350576.55,2021,126000.0,1350.0,6734,6800,145,31.0,1495,1155,205,0,135,0,0,1350,145
5350576.57,2021,95000.0,1860.0,4141,3505,155,64.5,1305,510,0,80,15,195,505,1150,155
5350576.59,2021,120000.0,1210.0,6394,6551,175,37.1,1530,735,340,230,205,10,5,1360,175
5350576.62,2021,128000.0,1410.0,6824,7013,225,35.6,1605,910,320,130,235,5,0,1375,225
5350576.63,2021,141000.0,2160.0,6577,6183,140,14.8,1450,1170,140,95,40,0,0,1295,140
5350576.65,2021,114000.0,2500.0,3054,2364,160,56.3,785,110,190,470,15,0,0,630,155
5350576.66,2021,122000.0,1500.0,6457,6608,185,32.4,1440,935,120,260,125,0,0,1250,190
5350576.68,2021,133000.0,1300.0,4910,5096,115,43.5,1200,1055,0,0,130,5,0,1090,120
5350576.69,2021,132000.0,1760.0,5710,5665,160,48.4,1310,830,370,25,80,5,0,1175,165
5350576.73,2021,166000.0,1660.0,2587,2451,80,43.8,635,605,10,0,25,0,0,580,85
5350576.74,2021,148000.0,1700.0,8511,1524,100,30.0,1735,1650,75,0,10,0,0,1625,95
5350576.75,2021,151000.0,1400.0,6421,6463,80,25.0,1480,1450,0,0,30,0,0,1395,75
5350576.76,2021,135000.0,2120.0,4803,4584,85,0.0,1275,1090,0,140,50,0,0,1210,85
5350576.77,2021,136000.0,2460.0,5196,4971,90,33.3,1250,960,280,0,10,0,0,1145,85
5350576.78,2021,126000.0,2220.0,5212,5197,170,26.5,1165,740,320,0,105,0,0,985,175
5350576.79,2021,117000.0,2200.0,2684,2771,70,42.9,645,400,150,0,80,20,0,575,75
5350576.80,2021,122000.0,1800.0,3248,3193,75,46.7,875,490,365,20,0,0,0,805,75
5350576.81,2021,128000.0,1640.0,4741,5004,75,40.0,1160,910,225,0,15,0,0,1075,75
5350576.82,2021,140000.0,1400.0,5296,5260,115,34.8,1145,1075,0,0,75,0,0,1030,115
5350576.83,2021,143000.0,,2549,2579,30,0.0,555,525,0,0,35,0,0,530,30
5350576.84,2021,118000.0,2640.0,5595,1567,225,45.5,1360,710,355,290,5,0,0,1115,230
5350576.85,2021,120000.0,1760.0,6827,6825,250,34.7,1635,795,340,360,125,20,0,1390,250
5350576.86,2021,132000.0,1600.0,4443,4544,90,27.8,1005,625,195,100,85,0,0,895,90
5350576.87,2021,146000.0,1400.0,4013,4063,110,33.3,930,870,0,0,60,0,0,835,105
5350576.88,2021,128000.0,2000.0,4353,4404,90,44.4,955,630,5,285,35,0,0,845,90
5350576.89,2021,127000.0,1740.0,3694,3686,80,31.3,825,495,65,205,55,0,0,765,85
5350576.90,2021,114000.0,1220.0,3930,3799,365,43.1,1090,525,60,255,30,0,225,740,365
5350576.91,2021,140000.0,2260.0,12629,5693,550,41.3,3400,2205,265,880,30,5,0,2835,550
5350576.92,2021,93000.0,2260.0,5764,4924,240,45.8,2100,685,320,700,5,395,0,1870,240
5350576.93,2021,114000.0,2020.0,8477,7525,295,31.0,2095,600,840,510,120,25,0,1780,295
5350576.94,2021,124000.0,2620.0,4490,4257,160,37.5,1055,460,565,0,20,0,0,890,155
5350576.95,2021,137000.0,2540.0,4269,4248,150,36.7,915,740,145,0,40,0,0,795,150
5350576.96,2021,125000.0,2020.0,7097,6812,210,52.4,1640,555,870,190,30,0,0,1420,210
5350576.97,2021,131000.0,2000.0,4351,4362,110,40.9,960,515,410,20,15,0,0,860,105
5350576.98,2021,119000.0,2620.0,29669,6067,1445,52.1,7565,5000,760,1395,180,5,220,6080,1445
5350576.99,2021,120000.0,2320.0,5773,4654,320,40.6,1600,810,25,565,15,75,110,1220,320
5350577.00,2021,130000.0,2460.0,9294,5958,435,43.7,2215,1160,785,130,95,10,35,1795,440
5350577.01,2021,131000.0,2080.0,3270,3231,115,50.0,810,470,250,85,10,0,0,690,115
5350577.02,2021,127000.0,2200.0,5173,3373,145,24.1,1170,625,325,180,40,5,0,1045,140
5350577.03,2021,139000.0,2240.0,6193,4852,170,33.3,1355,920,315,40,50,30,0,1215,165
5350577.04,2021,172000.0,2580.0,6712,5943,90,44.4,1550,1450,45,25,25,0,0,1490,95
5350577.05,2021,134000.0,2380.0,5208,4037,185,45.9,1250,775,325,125,25,5,0,1070,180
5350577.06,2021,158000.0,1900.0,5823,5196,120,34.8,1300,1180,80,10,20,10,0,1200,120
5350577.07,2021,122000.0,1800.0,3726,3759,90,44.4,915,580,315,0,10,5,0,820,95
5350577.08,2021,135000.0,2300.0,4532,4503,100,26.3,1135,1105,5,0,20,0,0,1020,100
5350577.09,2021,119000.0,2460.0,3472,3230,265,39.6,1020,320,5,585,0,110,0,755,265
5350585.02,2021,125000.0,2240.0,6275,6180,185,40.5,1875,1435,295,115,20,5,0,1685,190
5350585.03,2021,118000.0,1210.0,5493,5451,390,36.4,1955,1385,105,120,65,100,175,1565,385
5350585.05,2021,141000.0,2020.0,6882,7211,145,37.9,2215,1810,215,110,35,40,0,2070,140
5350585.07,2021,142000.0,1590.0,7842,7011,205,46.3,2490,2100,115,155,15,95,0,2210,210
5350585.08,2021,174000.0,1430.0,4020,3829,40,0.0,1225,1200,10,5,15,0,0,1240,45
5350585.09,2021,124000.0,1500.0,5872,5761,215,46.5,1980,1535,150,145,45,105,0,1760,215
5350585.10,2021,124000.0,2320.0,4628,4112,155,67.7,1505,1010,130,310,0,0,65,1360,150
5350586.02,2021,115000.0,1280.0,3032,2894,165,27.3,1005,945,10,5,20,20,0,855,170
5350586.03,2021,121000.0,2060.0,4674,2975,250,34.0,1220,970,25,185,30,5,0,935,270
5350586.04,2021,134000.0,1500.0,6588,4919,165,42.4,1700,1060,240,330,10,40,20,1535,165
5350586.05,2021,138000.0,2520.0,9563,4668,150,31.0,2535,1915,285,300,30,0,0,2385,150
5350587.01,2021,145000.0,1350.0,6072,5966,175,45.7,2015,1865,55,35,30,20,5,1840,175
5350587.02,2021,135000.0,1580.0,5640,5525,260,42.0,1990,1900,15,5,15,50,0,1730,255
5350600.01,2021,184000.0,3600.0,6273,6302,160,43.8,2030,2020,0,5,5,0,0,1870,160
5350600.02,2021,144000.0,1660.0,6756,7016,210,35.7,2095,1730,65,225,75,0,5,1880,215
5350601.00,2021,214000.0,4320.0,4159,4115,145,50.0,1295,1240,0,5,15,30,0,1160,145
5350602.00,2021,170000.0,1740.0,4851,4898,275,52.7,1750,1280,5,0,10,80,375,1470,270
5350603.00,2021,69500.0,1460.0,5790,4999,1965,43.4,2880,550,35,45,95,480,1680,950,1965
5350604.00,2021,93000.0,1590.0,2382,2343,540,50.9,1190,330,20,110,0,215,495,585,535
5350605.00,2021,137000.0,2260.0,2544,2532,340,55.9,1075,455,0,250,10,185,140,760,340
5350606.00,2021,85000.0,1260.0,5384,5092,800,40.6,2160,1275,35,145,145,300,260,1370,795
5350607.00,2021,125000.0,2860.0,3068,2978,155,54.8,1050,995,5,0,50,5,0,915,155
5350608.00,2021,116000.0,1780.0,2746,2674,230,26.1,850,685,0,115,45,0,0,590,235
5350609.00,2021,166000.0,2220.0,2943,2802,100,40.0,960,885,0,60,20,0,0,865,100
5350610.03,2021,83000.0,1740.0,4563,4533,1145,54.4,2470,430,60,270,30,295,1385,1345,1150
5350610.04,2021,95000.0,1000.0,3228,3244,320,31.3,1400,580,15,285,10,10,500,1055,325
5350610.05,2021,159000.0,3180.0,4592,4673,55,0.0,1500,1450,0,35,15,0,0,1435,55
5350610.06,2021,155000.0,3040.0,4234,4203,185,48.6,1510,1035,20,245,15,0,200,1335,185
5350611.00,2021,137000.0,2760.0,5025,4992,165,54.5,1685,1635,0,0,55,0,0,1500,170
5350612.01,2021,,,51,68,,,15,15,0,0,0,0,0,,
5350612.03,2021,132000.0,1530.0,6108,6249,375,35.6,2000,1225,10,505,10,110,135,1625,370
5350612.05,2021,127000.0,1080.0,5753,5871,510,21.6,2030,1070,5,575,0,0,375,1520,505
5350612.08,2021,134000.0,2060.0,5410,5562,290,43.9,1675,1035,10,560,55,15,0,1380,290
5350612.10,2021,,,44,51,0,,20,20,0,0,0,0,0,15,10
5350612.11,2021,170000.0,3140.0,5655,5811,110,23.8,1745,1325,85,310,15,0,0,1630,110
5350612.12,2021,159000.0,2240.0,6550,6846,155,20.7,2025,1420,355,220,25,10,0,1875,155
5350612.13,2021,121000.0,1860.0,3763,3811,125,36.0,1405,850,0,60,5,350,140,1270,125
5350612.14,2021,129000.0,1880.0,4311,4261,130,37.5,1450,820,70,220,5,330,0,1330,130
5350612.15,2021,142000.0,2300.0,7989,7111,575,43.1,2645,1130,0,1140,0,225,150,2090,570
5350612.18,2021,154000.0,2820.0,4410,4379,195,43.6,1330,925,110,290,0,0,0,1190,190
5350612.19,2021,147000.0,2320.0,4008,4067,210,32.5,1290,740,85,460,0,0,0,1150,205
5350612.20,2021,162000.0,2640.0,4302,4403,105,47.6,1310,975,120,215,0,0,0,1210,105
5350612.21,2021,158000.0,2640.0,6922,6694,295,43.9,2000,1030,205,765,0,5,0,1700,295
5350612.22,2021,147000.0,2560.0,8217,7321,465,46.7,2440,1405,10,735,0,285,0,1970,465
5350612.23,2021,145000.0,2760.0,4957,4822,220,47.7,1500,1035,70,365,0,0,20,1275,220
5350612.25,2021,164000.0,3180.0,5324,5474,105,35.0,1600,1330,70,175,25,0,0,1490,110
5350612.26,2021,93000.0,2300.0,6373,4141,1180,57.4,2755,190,325,480,0,1080,680,1570,1180
5350612.27,2021,131000.0,1620.0,5327,5322,350,40.6,1825,970,100,530,20,205,0,1480,345
5350612.28,2021,202000.0,3920.0,3918,3971,75,53.3,1115,945,0,165,5,0,0,1040,70
5350612.29,2021,127000.0,2780.0,4110,4011,265,68.6,1320,600,105,260,5,0,350,1060,265
5350613.01,2021,115000.0,1780.0,4269,4134,240,25.5,1515,975,230,275,25,5,0,1255,240
5350613.03,2021,93000.0,1700.0,4207,4071,595,43.6,1530,635,155,295,15,45,385,960,590
5350613.04,2021,72000.0,1800.0,4856,4477,1135,50.9,2115,395,55,150,120,10,1385,975,1130
5350614.01,2021,135000.0,2620.0,3141,3137,75,28.6,1085,760,95,210,0,25,0,1020,75
5350614.02,2021,123000.0,2560.0,3929,3941,105,38.1,1405,985,40,210,15,160,0,1300,100
5350615.00,2021,131000.0,2900.0,21317,6430,1855,55.6,6525,3765,740,1490,10,220,300,4555,1850
5350620.05,2021,166000.0,2740.0,4761,4590,50,50.0,1300,1250,30,10,5,0,0,1220,45
5350620.06,2021,118000.0,2220.0,7833,6801,455,51.6,2415,605,560,980,5,0,265,1965,450
5350620.07,2021,157000.0,2740.0,5458,5447,70,64.3,1395,1160,170,60,10,0,0,1355,70
5350620.09,2021,127000.0,2240.0,6174,5278,280,33.9,1825,855,260,565,5,135,0,1565,275
5350620.13,2021,118000.0,1900.0,2419,2369,105,33.3,820,775,10,30,5,5,0,700,110
5350620.14,2021,130000.0,1980.0,5784,5768,205,29.3,1715,865,385,200,0,260,0,1535,205
5350620.15,2021,103000.0,2060.0,4095,3427,265,35.8,1535,285,130,460,10,645,0,1240,270
5350620.16,2021,131000.0,2540.0,3238,2951,120,30.4,935,400,40,490,0,0,0,800,120
5350620.17,2021,134000.0,2200.0,5138,4975,170,38.2,1465,630,305,310,0,0,220,1300,175
5350620.18,2021,127000.0,2600.0,4634,4536,220,50.0,1320,490,255,430,0,0,145,1115,225
5350620.19,2021,168000.0,2900.0,3155,3053,30,50.0,800,770,0,25,0,5,0,780,35
5350620.20,2021,156000.0,2860.0,4584,4366,70,50.0,1105,875,145,85,0,0,0,1025,75
5350620.21,2021,123000.0,2420.0,5328,4257,420,47.6,1525,265,155,1015,0,90,5,1095,425
5350620.22,2021,145000.0,2360.0,4823,4626,180,50.0,1310,915,75,315,0,5,0,1150,180
5350620.23,2021,130000.0,2500.0,4508,2802,170,29.4,1200,745,245,210,0,0,0,995,170
5350620.24,2021,142000.0,2480.0,7044,6856,175,45.7,1865,1090,250,510,20,0,0,1710,175
5350620.25,2021,131000.0,2740.0,5889,2698,305,53.4,1655,850,285,470,5,20,25,1365,300
5350620.26,2021,120000.0,2320.0,3554,3426,220,45.2,1040,490,0,445,5,95,0,805,225
5350620.27,2021,120000.0,2420.0,4385,3839,305,32.8,1305,580,130,450,0,95,55,990,305
5350620.28,2021,114000.0,2500.0,4093,20,405,51.9,1230,715,5,290,0,15,205,820,405
5350620.29,2021,131000.0,2660.0,7578,813,510,48.0,1995,1460,10,510,5,5,0,1480,510
5350621.00,2021,116000.0,1320.0,6057,5583,245,41.7,2165,1280,230,395,25,130,95,1915,245
5350622.00,2021,108000.0,1590.0,6203,6042,555,37.8,2270,1350,55,550,60,80,170,1710,560
5350623.00,2021,74000.0,1370.0,3572,3604,760,37.1,1700,630,20,15,70,180,790,930,760
5350624.00,2021,108000.0,1130.0,5288,5280,425,27.7,1965,1310,0,305,25,110,215,1560,420
5350625.00,2021,105000.0,1210.0,1457,880,50,0.0,160,130,5,0,5,20,0,105,50
5350626.00,2021,143000.0,1290.0,5927,5841,180,40.0,2015,1950,5,5,30,15,0,1850,180
5350630.00,2021,124000.0,1700.0,3352,3315,185,37.8,1055,1020,5,0,5,15,0,855,185
5350631.02,2021,162000.0,2600.0,5911,4903,75,33.3,1715,1435,60,205,10,0,0,1625,80
5350631.03,2021,194000.0,2200.0,4968,4827,40,50.0,1390,1330,55,0,5,0,0,1380,35
5350631.04,2021,164000.0,2420.0,5650,5440,55,54.5,1725,1375,155,180,10,0,0,1650,55
5350632.00,2021,112000.0,1250.0,4412,4353,285,45.6,1720,1185,90,35,70,255,80,1435,280
5350633.00,2021,100000.0,1340.0,3736,3379,320,39.1,1495,410,105,660,25,80,220,1190,315
5350634.01,2021,149000.0,1070.0,4381,4431,80,37.5,1445,1100,5,280,35,25,0,1350,80
5350634.02,2021,111000.0,1320.0,3595,3666,200,22.5,1375,1090,45,70,100,70,0,1190,200
5350635.00,2021,101000.0,1300.0,6022,6066,770,42.2,2450,1270,145,140,85,375,435,1680,765
5350636.00,2021,124000.0,1250.0,3185,3064,195,31.6,1115,795,5,140,85,85,0,920,195
5350637.00,2021,129000.0,1530.0,7306,7255,295,52.5,2505,2185,20,0,40,260,0,2205,300
5350638.00,2021,99000.0,1210.0,6034,6012,555,43.2,2320,1475,170,200,35,280,150,1780,555
5350639.00,2021,120000.0,1160.0,4399,4450,165,30.3,1520,1275,35,85,40,80,0,1340,165
5350800.01,2021,90000.0,1940.0,3828,3107,505,43.0,1810,405,50,490,55,20,795,1335,505
5350800.02,2021,95000.0,1580.0,4844,4534,510,31.4,1860,935,340,40,310,215,5,1325,505
5350801.01,2021,106000.0,1550.0,3579,3513,170,44.1,1355,800,165,155,130,105,0,1180,175
5350801.02,2021,136000.0,1600.0,6181,5881,155,38.7,2065,1735,10,165,130,15,0,1910,155
5350802.01,2021,130000.0,2100.0,4011,3829,65,0.0,1305,810,155,270,65,5,0,1230,65
5350802.02,2021,143000.0,2000.0,5373,5675,150,30.0,1800,1515,45,150,85,5,0,1660,150
5350803.03,2021,136000.0,1500.0,5633,5375,265,35.8,1825,1280,5,260,165,10,105,1555,265
5350803.04,2021,151000.0,1820.0,6258,5923,185,32.4,1840,1300,235,190,100,15,5,1660,180
5350803.05,2021,143000.0,1300.0,6850,6831,120,36.4,2130,1465,275,320,55,15,0,2010,115
5350803.06,2021,129000.0,1300.0,5452,5564,230,39.1,1730,1225,170,220,60,50,0,1505,225
5350804.01,2021,145000.0,1400.0,7216,7247,100,20.0,2290,2060,25,65,110,35,0,2195,100
5350804.05,2021,139000.0,1250.0,7125,6786,155,38.7,2235,1645,310,85,115,25,60,2080,155
5350804.06,2021,114000.0,560.0,3011,3039,100,30.0,1065,495,320,165,30,45,0,950,105
5350804.07,2021,94000.0,1560.0,3796,4148,400,40.0,1305,250,130,670,45,105,110,895,405
5350804.08,2021,145000.0,1820.0,3623,3663,50,0.0,1155,1055,35,5,55,0,0,1125,50
5350804.10,2021,81000.0,1780.0,4860,4955,545,38.0,2220,240,180,335,20,195,1260,1690,545
5350804.11,2021,93000.0,1840.0,5896,5537,360,43.1,2145,590,35,735,95,10,675,1790,360
5350804.12,2021,122000.0,2160.0,8874,6694,390,32.1,2635,1305,150,890,75,210,10,2190,385
5350804.13,2021,122000.0,1270.0,4931,5012,195,48.7,1380,1120,5,35,215,0,0,1220,200
5350805.04,2021,150000.0,2080.0,8024,7226,150,30.0,2465,1880,50,490,40,0,0,2310,150
5350805.06,2021,109000.0,1190.0,6154,6033,450,31.8,1885,1020,50,565,150,15,90,1440,450
5350805.09,2021,125000.0,1780.0,5648,5667,125,28.0,1620,1080,25,420,85,0,0,1495,120
5350805.10,2021,118000.0,1760.0,6464,6452,160,22.6,2035,1925,5,0,90,10,0,1895,160
5350805.16,2021,143000.0,2220.0,7541,7355,150,40.0,1870,1465,170,210,25,0,0,1720,150
5350805.17,2021,140000.0,2140.0,5598,5636,90,44.4,1485,1190,5,255,35,0,0,1400,85
5350805.18,2021,123000.0,1450.0,3011,3048,110,22.7,940,680,0,170,80,5,0,840,105
5350805.19,2021,102000.0,1740.0,1794,1853,80,50.0,620,440,0,0,25,0,150,520,80
5350805.20,2021,122000.0,2080.0,4716,4736,140,21.4,1425,500,340,540,35,15,0,1295,135
5350805.21,2021,118000.0,2340.0,1664,1679,70,42.9,505,295,55,100,50,5,0,455,65
5350805.22,2021,140000.0,2300.0,4696,4273,110,18.2,1210,1100,80,20,5,0,0,1090,105
5350805.23,2021,121000.0,2420.0,6964,5139,325,50.8,1905,1125,80,685,5,5,0,1565,330
5350805.24,2021,125000.0,,333,276,0,,85,75,0,0,10,0,0,75,10
5350805.25,2021,131000.0,2480.0,10050,8393,465,52.7,2755,1695,430,415,35,145,35,2290,465
5350805.26,2021,240000.0,,346,295,0,,100,100,0,0,5,0,0,110,0
5350805.27,2021,136000.0,2120.0,8917,8430,145,34.5,2340,1730,340,255,5,5,0,2195,140
5350806.00,2021,119000.0,2400.0,4854,1559,335,56.7,1530,1240,55,165,50,0,20,1180,340
5350807.00,2021,126000.0,1430.0,2375,2403,180,19.4,840,765,20,0,15,30,0,665,190
5350810.01,2021,73500.0,1430.0,4123,3888,880,35.6,1740,100,265,0,35,330,1005,870,880
5350810.02,2021,94000.0,755.0,2402,2404,230,28.3,980,610,20,130,80,140,0,750,235
5350810.03,2021,111000.0,1800.0,3147,3092,95,42.1,1195,925,5,200,60,5,0,1075,95
5350810.04,2021,92000.0,1720.0,6306,5479,955,44.7,2610,1210,20,475,50,155,700,1655,955
5350810.05,2021,119000.0,1590.0,3642,3602,135,44.4,1365,855,140,40,35,290,0,1250,140
5350811.00,2021,78500.0,1350.0,3882,3752,850,39.4,1620,545,0,305,65,250,450,750,855
5350812.00,2021,106000.0,1800.0,6203,6159,265,25.5,2110,1625,65,205,155,60,0,1855,260
5350820.03,2021,141000.0,1500.0,3884,3888,90,44.4,1110,950,35,40,85,0,0,1015,95
5350820.04,2021,133000.0,1590.0,2704,2764,50,30.0,750,500,5,210,30,0,0,705,45
5350820.05,2021,162000.0,,2371,2229,25,0.0,665,550,15,85,15,0,0,640,30
5350820.06,2021,95000.0,1680.0,1994,1927,180,47.2,820,465,0,90,45,20,200,625,175
5350820.07,2021,141000.0,1190.0,4088,4002,205,29.3,1280,910,50,105,55,155,0,1070,205
5350830.00,2021,137000.0,1130.0,4964,4596,170,29.4,1725,1680,10,0,25,5,0,1550,180
5350831.01,2021,122000.0,1200.0,5660,5750,295,42.4,2060,1650,15,80,40,265,0,1765,290
5350831.02,2021,100000.0,1450.0,6904,6780,665,45.5,2805,1775,100,310,85,400,135,2140,665
5350832.00,2021,121000.0,1300.0,4028,4050,125,36.0,1420,1405,0,0,5,0,0,1275,140
5370200.00,2021,142000.0,1460.0,2700,2745,35,0.0,965,735,30,180,10,0,0,950,35
5370201.00,2021,106000.0,1780.0,4124,3605,410,37.8,1640,925,110,350,45,130,75,1205,410
5370202.00,2021,87000.0,1840.0,6353,6237,1400,57.4,2990,1090,80,250,25,245,1300,1590,1395
5370203.00,2021,111000.0,1480.0,2821,2603,285,43.9,1275,860,0,55,10,80,265,995,280
5370204.00,2021,87000.0,1660.0,5083,5128,1025,40.7,2050,680,25,525,15,15,795,1020,1025
5370205.01,2021,108000.0,1580.0,3185,3207,175,40.0,1340,675,30,520,20,95,0,1180,175
5370205.02,2021,68000.0,1590.0,5384,5406,1835,44.8,2940,575,10,145,5,70,2135,1080,1835
5370206.00,2021,72000.0,1530.0,3741,3699,1065,51.9,1970,365,30,115,50,260,1140,890,1060
5370207.01,2021,119000.0,1550.0,6514,6520,700,40.0,2415,1250,135,650,30,200,155,1720,700
5370207.02,2021,128000.0,1260.0,5946,5975,165,21.2,1970,1375,485,85,15,5,5,1840,165
5370207.03,2021,120000.0,1940.0,3865,3862,60,41.7,1415,945,0,295,10,20,145,1345,60
5370207.04,2021,85000.0,1240.0,2547,2505,240,52.1,1135,290,0,440,5,0,405,915,240
5370208.00,2021,97000.0,1500.0,3215,3131,430,27.9,1260,695,15,415,60,35,35,820,430
5370209.00,2021,104000.0,1920.0,1609,1585,55,36.4,615,590,0,0,30,0,0,590,50
5370210.00,2021,96000.0,1600.0,2415,2444,255,41.2,910,340,125,325,30,90,0,645,250
5370211.00,2021,88000.0,1800.0,4173,3012,975,46.1,1845,525,85,230,20,305,675,820,975
5370212.00,2021,95000.0,1230.0,1559,1594,315,34.9,715,315,35,100,5,210,50,405,310
5370213.00,2021,81000.0,1620.0,4129,3814,1420,46.3,2330,445,10,20,30,340,1475,935,1420
5370214.00,2021,92000.0,1290.0,2614,2621,380,41.3,1175,670,0,145,20,130,215,815,380
5370215.00,2021,86000.0,1370.0,2754,2727,615,45.9,1300,510,5,50,30,265,440,720,615
5370216.00,2021,180000.0,1840.0,4281,4097,95,36.8,1495,1340,5,75,20,5,50,1410,90
5370217.01,2021,68500.0,1400.0,5169,5159,1415,52.8,2490,500,15,620,10,85,1255,1065,1415
5370217.02,2021,117000.0,2340.0,3635,3615,100,40.0,1380,950,25,390,5,0,0,1290,105
5370218.00,2021,114000.0,1500.0,6961,6991,530,35.8,2670,1415,200,720,10,205,90,2140,530
5370219.00,2021,180000.0,2340.0,4658,4615,70,28.6,1585,1560,0,0,20,5,0,1515,65
5370220.00,2021,93000.0,1840.0,6140,6176,815,51.9,2540,1125,30,385,25,40,930,1735,810
5370221.00,2021,127000.0,2320.0,3154,3107,100,52.6,1160,975,30,140,5,5,0,1060,100
5370222.01,2021,,,0,0,,,,,,,,,,,
5370222.02,2021,107000.0,1900.0,4189,4246,200,42.5,1760,845,60,440,5,10,405,1525,205
5370222.03,2021,128000.0,1070.0,4540,4577,265,30.2,1575,770,140,515,0,130,10,1345,265
5370223.01,2021,110000.0,1130.0,2578,2645,130,50.0,980,760,0,140,20,60,0,820,125
5370223.02,2021,116000.0,2060.0,4484,4577,220,31.8,1690,980,190,260,60,205,0,1505,215
5370223.05,2021,140000.0,1340.0,3030,3157,120,37.5,1005,760,80,160,10,0,0,895,115
5370223.06,2021,150000.0,1680.0,3861,3954,45,44.4,1285,1170,0,35,20,60,0,1235,45
5370223.07,2021,121000.0,1600.0,4352,4428,145,37.9,1700,945,0,295,10,395,55,1555,145
5370223.10,2021,139000.0,2100.0,4605,4579,195,41.0,1590,985,30,265,0,310,0,1380,190
5370223.13,2021,142000.0,1210.0,4379,4480,200,25.6,1585,800,40,415,5,320,5,1400,200
5370223.14,2021,174000.0,2340.0,4176,4300,45,0.0,1450,945,10,490,5,0,0,1390,50
5370223.15,2021,134000.0,2300.0,2447,2365,45,44.4,875,360,5,485,0,25,0,830,45
5370223.16,2021,115000.0,1800.0,2056,2102,70,42.9,790,265,30,485,0,0,0,725,70
5370223.17,2021,136000.0,2040.0,3999,3499,200,55.0,1325,665,55,340,0,135,125,1130,205
5370223.18,2021,159000.0,2180.0,5121,5166,135,44.4,1620,1145,95,155,5,130,90,1495,140
5370223.19,2021,100000.0,2080.0,4301,4094,435,55.2,1835,0,295,690,0,325,510,1385,430
5370223.20,2021,97000.0,1920.0,4675,4363,290,51.7,1890,300,25,815,5,745,0,1620,295
5370224.02,2021,158000.0,1490.0,4014,3965,115,30.4,1315,1310,0,0,5,0,0,1170,115
5370224.03,2021,164000.0,2680.0,4705,4593,130,26.9,1275,995,140,130,5,0,0,1140,130
5370224.04,2021,155000.0,2300.0,2545,2514,55,45.5,705,455,135,120,0,0,0,650,60
5370224.05,2021,133000.0,2700.0,4162,3530,245,46.9,1335,620,245,235,0,215,0,1105,240
