{"type":"FeatureCollection","features":[{"type":"Feature","geometry":{"type":"LineString","coordinates":[[-79.33477,43.78749],[-79.33501,43.78802],[-79.34394,43.78631],[-79.34882,43.78798],[-79.35302,43.78734],[-79.35348,43.78498],[-79.35181,43.78106],[-79.34912,43.7796],[-79.34763,43.77651],[-79.34504,43.77592],[-79.34658,43.77552],[-79.34699,43.77603]]},"properties":{"agency":"TTC","agency_id":"ttc","route_name":"10","route_long_name":"Van Horne","route_type":"Bus","color":"#888888","transit_category":"ttc_other"}},{"type":"Feature","geometry":{"type":"LineString","coordinates":[[-79.33697,43.72167],[-79.33786,43.7214],[-79.33649,43.72168],[-79.33648,43.72348],[-79.33471,43.72411],[-79.33284,43.72606],[-79.32778,43.72734],[-79.32832,43.72822],[-79.32829,43.73024],[-79.32832,43.72822],[-79.32743,43.7263],[-79.32457,43.72351],[-79.32504,43.72297],[-79.32729,43.72237],[-79.32814,43.7205],[-79.32687,43.71809],[-79.32484,43.71597],[-79.32441,43.71247],[-79.32693,43.71301],[-79.33026,43.71202],[-79.3305,43.71115],[-79.33135,43.7107],[-79.34794,43.70643],[-79.35195,43.70297],[-79.35283,43.70191],[-79.35152,43.70103],[-79.34926,43.69705],[-79.35104,43.69537],[-79.35028,43.69324],[-79.35586,43.69206],[-79.35488,43.68955],[-79.35656,43.6852],[-79.35864,43.67751],[-79.35795,43.67743],[-79.35803,43.67699]]},"properties":{"agency":"TTC","agency_id":"ttc","route_name":"100","route_long_name":"Flemingdon Park","route_type":"Bus","color":"#888888","transit_category":"ttc_other"}},{"type":"Feature","geometry":{"type":"LineString","coordinates":[[-79.49065,43.76443],[-79.49098,43.7659],[-79.49166,43.76572],[-79.48966,43.75806],[-79.4849,43.7591],[-79.48417,43.75642],[-79.48086,43.75715],[-79.48047,43.75532],[-79.48406,43.75452],[-79.48327,43.75303],[-79.48272,43.75284],[-79.48096,43.75415],[-79.47428,43.75553],[-79.47431,43.75347],[-79.47723,43.7518],[-79.47725,43.75333],[-79.47814,43.75415],[-79.47755,43.754],[-79.47723,43.75326],[-79.47736,43.75063],[-79.47458,43.74852],[-79.47461,43.74809],[-79.48203,43.74638],[-79.48203,43.74806],[-79.48278,43.74828],[-79.48329,43.74598],[-79.4846,43.74516],[-79.48645,43.74478],[-79.48456,43.73694],[-79.48025,43.73611],[-79.47764,43.73691],[-79.47673,43.73577],[-79.47636,43.73394],[-79.47797,43.7336],[-79.47923,43.73623],[-79.48456,43.73694],[-79.48207,43.72664],[-79.47775,43.72816],[-79.45286,43.73338],[-79.45259,43.73426],[-79.45088,43.73415],[-79.45117,43.73501],[-79.45062,43.73429]]},"properties":{"agency":"TTC","agency_id":"ttc","route_name":"101","route_long_name":"Downsview Park","route_type":"Bus","color":"#888888","transit_category":"ttc_other"}},{"type":"Feature","geometry":{"type":"LineString","coordinates":[[-79.26991,43.90926],[-79.26808,43.90968],[-79.25129,43.83797],[-79.2507,43.83054],[-79.24288,43.8124],[-79.24387,43.80648],[-79.23983,43.7955],[-79.23875,43.79387],[-79.23512,43.78522],[-79.22547,43.76031],[-79.22339,43.75377],[-79.21702,43.73877],[-79.23601,43.72203],[-79.281,43.71205],[-79.28015,43.70993],[-79.27961,43.71007],[-79.27957,43.71045],[-79.28034,43.71039],[-79.2805,43.71084]]},"properties":{"agency":"TTC","agency_id":"ttc","route_name":"102","route_long_name":"Markham Rd","route_type":"Bus","color":"#888888","transit_category":"ttc_other"}},{"type":"Feature","geometry":{"type":"LineString","coordinates":[[-79.40021,43.73485],[-79.39727,43.72758],[-79.39654,43.72682],[-79.39639,43.72634],[-79.39723,43.72614],[-79.39018,43.7084],[-79.40027,43.70634],[-79.40007,43.70568],[-79.3986,43.7046],[-79.39864,43.70526],[-79.39929,43.70547]]},"properties":{"agency":"TTC","agency_id":"ttc","route_name":"103","route_long_name":"Mount Pleasant North","route_type":"Bus","color":"#888888","transit_category":"ttc_other"}},{"type":"Feature","geometry":{"type":"LineString","coordinates":[[-79.45089,43.73506],[-79.45088,43.73415],[-79.45117,43.73501],[-79.44968,43.73547],[-79.44995,43.73684],[-79.44781,43.73558],[-79.44671,43.73582],[-79.44906,43.74452],[-79.44934,43.74727],[-79.45191,43.75268],[-79.45315,43.75381],[-79.45766,43.76469],[-79.45907,43.76624],[-79.46071,43.77025],[-79.46692,43.76884],[-79.46494,43.75941],[-79.46367,43.75959],[-79.45674,43.75166],[-79.46073,43.75081],[-79.45992,43.74876],[-79.46024,43.74853],[-79.46222,43.74854],[-79.46268,43.74971]]},"properties":{"agency":"TTC","agency_id":"ttc","route_name":"104","route_long_name":"Faywood","route_type":"Bus","color":"#888888","transit_category":"ttc_other"}},{"type":"Feature","geometry":{"type":"LineString","coordinates":[[-79.46222,43.74854],[-79.46268,43.74971],[-79.4622,43.74989],[-79.46171,43.74832],[-79.46222,43.74781],[-79.46316,43.74917],[-79.46501,43.75775],[-79.46511,43.76078],[-79.47003,43.78178],[-79.47014,43.78383],[-79.47152,43.78387],[-79.47386,43.78501],[-79.47475,43.78618],[-79.47008,43.78728],[-79.47006,43.78678]]},"properties":{"agency":"TTC","agency_id":"ttc","route_name":"105","route_long_name":"Dufferin North","route_type":"Bus","color":"#888888","transit_category":"ttc_other"}},{"type":"Feature","geometry":{"type":"LineString","coordinates":[[-79.46199,43.74925],[-79.46119,43.74838],[-79.45992,43.74876],[-79.46076,43.75081],[-79.46525,43.75029],[-79.4699,43.75418],[-79.47309,43.75541],[-79.47518,43.75547],[-79.4811,43.75412],[-79.48246,43.75323],[-79.48292,43.75221],[-79.48277,43.74698],[-79.48363,43.74567],[-79.49185,43.74365],[-79.49266,43.74722],[-79.49447,43.75091],[-79.49852,43.75262],[-79.50008,43.75465],[-79.49907,43.75764],[-79.50133,43.76481],[-79.50108,43.76678],[-79.50249,43.77001],[-79.5064,43.76942],[-79.51135,43.77223],[-79.51108,43.77472],[-79.50952,43.77533],[-79.51011,43.7755],[-79.51067,43.77676],[-79.50986,43.77718],[-79.50836,43.77683],[-79.50822,43.77643],[-79.50907,43.77666]]},"properties":{"agency":"TTC","agency_id":"ttc","route_name":"106","route_long_name":"Sentinel","route_type":"Bus","color":"#888888","transit_category":"ttc_other"}},{"type":"Feature","geometry":{"type":"LineString","coordinates":[[-79.49079,43.76468],[-79.49098,43.7659],[-79.49166,43.76572],[-79.49405,43.77521],[-79.48892,43.77629],[-79.48841,43.77828],[-79.49013,43.78257],[-79.48106,43.7847],[-79.48017,43.78301],[-79.47625,43.78082],[-79.47445,43.77681],[-79.48118,43.77541],[-79.48051,43.77269],[-79.47338,43.77428],[-79.47221,43.77149],[-79.4709,43.76618],[-79.47117,43.76554],[-79.47659,43.76432],[-79.47642,43.76282],[-79.47847,43.76054],[-79.47783,43.75875],[-79.47508,43.75722],[-79.47235,43.75847],[-79.47078,43.75559],[-79.46895,43.75469],[-79.4665,43.75518],[-79.46589,43.75273],[-79.46722,43.75192],[-79.46525,43.75029],[-79.46235,43.75047],[-79.4618,43.74865]]},"properties":{"agency":"TTC","agency_id":"ttc","route_name":"107","route_long_name":"Alness-Chesswood","route_type":"Bus","color":"#888888","transit_category":"ttc_other"}},{"type":"Feature","geometry":{"type":"LineString","coordinates":[[-79.46222,43.74854],[-79.46268,43.74971],[-79.4622,43.74989],[-79.4618,43.74865],[-79.45998,43.74865],[-79.46076,43.75081],[-79.46395,43.75013],[-79.46524,43.75029],[-79.46918,43.75372],[-79.47295,43.75537],[-79.47493,43.75551],[-79.48096,43.75415],[-79.48272,43.75284],[-79.48353,43.75328],[-79.48405,43.75451],[-79.4852,43.75437],[-79.4857,43.75518],[-79.48875,43.75451],[-79.48816,43.75202],[-79.48946,43.75182],[-79.49172,43.75301],[-79.49565,43.75167],[-79.49447,43.75091],[-79.4936,43.74936],[-79.49184,43.74364],[-79.50149,43.74149],[-79.50199,43.74586],[-79.50501,43.74769],[-79.50756,43.74759],[-79.51044,43.74922],[-79.5128,43.75147],[-79.51418,43.75547],[-79.51311,43.75696],[-79.51347,43.75823],[-79.5166,43.7604],[-79.51699,43.76147],[-79.5167,43.76253],[-79.51211,43.76429],[-79.51153,43.76521],[-79.51184,43.76642],[-79.51279,43.76713],[-79.51423,43.76732],[-79.51968,43.7659],[-79.5204,43.76883],[-79.51715,43.76964],[-79.51386,43.7719],[-79.51641,43.77498],[-79.51701,43.77636],[-79.50896,43.7782],[-79.50822,43.77643],[-79.50999,43.77692]]},"properties":{"agency":"TTC","agency_id":"ttc","route_name":"108","route_long_name":"Driftwood","route_type":"Bus","color":"#888888","transit_category":"ttc_other"}},{"type":"Feature","geometry":{"type":"LineString","coordinates":[[-79.43382,43.73126],[-79.43259,43.7315],[-79.433,43.73317],[-79.44001,43.7313],[-79.44123,43.72932],[-79.4396,43.72522],[-79.44868,43.72327],[-79.44841,43.72207],[-79.44936,43.72085],[-79.44877,43.71958],[-79.44769,43.71889],[-79.44203,43.71945],[-79.44101,43.72012],[-79.43804,43.71838],[-79.43767,43.71749],[-79.44356,43.71625],[-79.44344,43.71566],[-79.44651,43.71561],[-79.43938,43.69803],[-79.43645,43.69868],[-79.43644,43.69974],[-79.43574,43.69932]]},"properties":{"agency":"TTC","agency_id":"ttc","route_name":"109","route_long_name":"Ranee","route_type":"Bus","color":"#888888","transit_category":"ttc_other"}},{"type":"Feature","geometry":{"type":"LineString","coordinates":[[-79.39737,43.80333],[-79.39759,43.80411],[-79.39714,43.8042],[-79.39598,43.80257],[-79.38691,43.76236],[-79.3811,43.73199],[-79.38218,43.72757],[-79.37978,43.72501],[-79.37893,43.72097],[-79.37512,43.72231],[-79.37537,43.72268],[-79.37805,43.72213],[-79.37796,43.72134],[-79.37893,43.72097],[-79.37715,43.71103],[-79.37412,43.70299],[-79.39707,43.69819],[-79.39678,43.69746]]},"properties":{"agency":"TTC","agency_id":"ttc","route_name":"11","route_long_name":"Bayview","route_type":"Bus","color":"#888888","transit_category":"ttc_other"}},{"type":"Feature","geometry":{"type":"LineString","coordinates":[[-79.5436,43.59213],[-79.54391,43.59184],[-79.53939,43.59309],[-79.54132,43.59339],[-79.54524,43.60168],[-79.51565,43.60825],[-79.51475,43.6095],[-79.51581,43.61208],[-79.50842,43.6137],[-79.5139,43.62172],[-79.52381,43.64551],[-79.52039,43.64618],[-79.51898,43.64567],[-79.52453,43.6444],[-79.52381,43.64488],[-79.52475,43.64474]]},"properties":{"agency":"TTC","agency_id":"ttc","route_name":"110","route_long_name":"Islington South","route_type":"Bus","color":"#888888","transit_category":"ttc_other"}},{"type":"Feature","geometry":{"type":"LineString","coordinates":[[-79.53626,43.63716],[-79.53444,43.6388],[-79.53652,43.6373],[-79.538,43.63852],[-79.54367,43.63267],[-79.54691,43.63101],[-79.54928,43.63047],[-79.55526,43.63305],[-79.55662,43.63415],[-79.55686,43.635],[-79.55641,43.6364],[-79.55718,43.63806],[-79.55701,43.63993],[-79.55888,43.64464],[-79.56023,43.64679],[-79.5602,43.64876],[-79.56169,43.64983],[-79.56503,43.65604],[-79.56838,43.65762],[-79.57258,43.66726],[-79.57285,43.66902],[-79.57089,43.67052],[-79.57128,43.67182],[-79.56736,43.67399],[-79.56317,43.67447],[-79.56606,43.68089],[-79.56861,43.68019],[-79.572,43.67779],[-79.5703,43.67627],[-79.56842,43.67571]]},"properties":{"agency":"TTC","agency_id":"ttc","route_name":"111","route_long_name":"East Mall","route_type":"Bus","color":"#888888","transit_category":"ttc_other"}},{"type":"Feature","geometry":{"type":"LineString","coordinates":[[-79.53626,43.63716],[-79.53444,43.6388],[-79.53652,43.6373],[-79.538,43.63852],[-79.54328,43.63295],[-79.54691,43.63101],[-79.56236,43.62734],[-79.56218,43.62705],[-79.55889,43.62715],[-79.55912,43.62919],[-79.56132,43.63443],[-79.56415,43.63782],[-79.56663,43.64308],[-79.56954,43.65132],[-79.57232,43.6525],[-79.57305,43.65422],[-79.57267,43.65518],[-79.57659,43.65526],[-79.57775,43.65767],[-79.57951,43.65879],[-79.58086,43.66075],[-79.57652,43.66222],[-79.57893,43.66633],[-79.58153,43.66521],[-79.5827,43.66554],[-79.58561,43.66488],[-79.5864,43.66565],[-79.58898,43.66642],[-79.58788,43.66797],[-79.58752,43.66782],[-79.58869,43.66508],[-79.59328,43.66133],[-79.58879,43.66496],[-79.58752,43.66782],[-79.58795,43.66791],[-79.58898,43.66642],[-79.59018,43.66704],[-79.59454,43.6742],[-79.59446,43.67569],[-79.59323,43.67642],[-79.58496,43.67833],[-79.58422,43.67729],[-79.58273,43.67733],[-79.58117,43.67827],[-79.58067,43.67953],[-79.58192,43.68257],[-79.58422,43.6854],[-79.58666,43.68744],[-79.58736,43.68917],[-79.58722,43.69057],[-79.58975,43.69586],[-79.59224,43.69657],[-79.59318,43.69783],[-79.58814,43.69899],[-79.58809,43.70045],[-79.58911,43.70263],[-79.60146,43.69974],[-79.59105,43.67689]]},"properties":{"agency":"TTC","agency_id":"ttc","route_name":"112","route_long_name":"West Mall","route_type":"Bus","color":"#888888","transit_category":"ttc_other"}},{"type":"Feature","geometry":{"type":"LineString","coordinates":[[-79.2631,43.73208],[-79.2643,43.73148],[-79.26455,43.73277],[-79.26325,43.73307],[-79.26349,43.73351],[-79.26793,43.7322],[-79.26087,43.71485],[-79.26312,43.71131],[-79.26707,43.70872],[-79.27712,43.69381],[-79.30183,43.68814],[-79.30226,43.68908],[-79.30161,43.68924]]},"properties":{"agency":"TTC","agency_id":"ttc","route_name":"113","route_long_name":"Danforth","route_type":"Bus","color":"#888888","transit_category":"ttc_other"}},{"type":"Feature","geometry":{"type":"LineString","coordinates":[[-79.37792,43.64628],[-79.37697,43.64688],[-79.37737,43.64785],[-79.37973,43.64733],[-79.37684,43.64115],[-79.36198,43.64641],[-79.36104,43.64774],[-79.35723,43.64892],[-79.35649,43.64899],[-79.35631,43.64817],[-79.35364,43.6448],[-79.3294,43.65522],[-79.33026,43.6561]]},"properties":{"agency":"TTC","agency_id":"ttc","route_name":"114","route_long_name":"Queens Quay East","route_type":"Bus","color":"#888888","transit_category":"ttc_other"}},{"type":"Feature","geometry":{"type":"LineString","coordinates":[[-79.40645,43.74519],[-79.40599,43.74554],[-79.40535,43.74523],[-79.40522,43.74432],[-79.40237,43.74416],[-79.36414,43.75278],[-79.35996,43.75295],[-79.36126,43.75871],[-79.36552,43.75801],[-79.36675,43.75994],[-79.37094,43.76103],[-79.37344,43.76236],[-79.3744,43.76467],[-79.36573,43.76502],[-79.36419,43.76295],[-79.36486,43.76257]]},"properties":{"agency":"TTC","agency_id":"ttc","route_name":"115","route_long_name":"Silver Hills","route_type":"Bus","color":"#888888","transit_category":"ttc_other"}},{"type":"Feature","geometry":{"type":"LineString","coordinates":[[-79.26314,43.73247],[-79.26425,43.73219],[-79.26454,43.73276],[-79.26571,43.73238],[-79.26605,43.73267],[-79.25777,43.73487],[-79.21376,43.74433],[-79.21165,43.74371],[-79.20594,43.74965],[-79.2048,43.74891],[-79.20436,43.74646],[-79.20298,43.74609],[-79.20131,43.74705],[-79.18356,43.751],[-79.17977,43.7532],[-79.1935,43.78564],[-79.19375,43.78798],[-79.19698,43.79648],[-79.19863,43.79925],[-79.20031,43.80398],[-79.20386,43.81146],[-79.21647,43.81965],[-79.21795,43.82005],[-79.22106,43.81969],[-79.22118,43.82031],[-79.22036,43.82136],[-79.22242,43.8232],[-79.22381,43.82572],[-79.22855,43.82431],[-79.23013,43.82303],[-79.22406,43.81991],[-79.22106,43.81969]]},"properties":{"agency":"TTC","agency_id":"ttc","route_name":"116","route_long_name":"Morningside","route_type":"Bus","color":"#888888","transit_category":"ttc_other"}},{"type":"Feature","geometry":{"type":"LineString","coordinates":[[-79.28855,43.69388],[-79.28878,43.69439],[-79.2896,43.6943],[-79.28406,43.68081],[-79.27857,43.68254],[-79.26233,43.69305],[-79.27112,43.71416],[-79.281,43.71205],[-79.28015,43.70993],[-79.27957,43.71045]]},"properties":{"agency":"TTC","agency_id":"ttc","route_name":"117","route_long_name":"Birchmount South","route_type":"Bus","color":"#888888","transit_category":"ttc_other"}},{"type":"Feature","geometry":{"type":"LineString","coordinates":[[-79.45089,43.73503],[-79.45062,43.73423],[-79.45173,43.73397],[-79.45176,43.73361],[-79.46128,43.73189],[-79.47933,43.72778],[-79.48369,43.72627],[-79.53266,43.71572],[-79.54408,43.71943],[-79.54512,43.72079],[-79.55208,43.72673],[-79.54953,43.72764],[-79.54966,43.72853],[-79.54909,43.72909],[-79.54646,43.72964],[-79.54572,43.72823],[-79.54935,43.72728],[-79.54966,43.72762],[-79.55208,43.72673],[-79.55344,43.72837],[-79.55531,43.73226],[-79.55693,43.73349],[-79.56138,43.73535],[-79.55949,43.73702],[-79.55616,43.7379],[-79.5568,43.73955],[-79.5558,43.74079],[-79.55091,43.74178],[-79.55044,43.74083],[-79.55235,43.73884],[-79.55994,43.73672]]},"properties":{"agency":"TTC","agency_id":"ttc","route_name":"118","route_long_name":"Thistle Down","route_type":"Bus","color":"#888888","transit_category":"ttc_other"}},{"type":"Feature","geometry":{"type":"LineString","coordinates":[[-79.45089,43.73506],[-79.45061,43.73424],[-79.4518,43.73402],[-79.45176,43.73362],[-79.46129,43.73189],[-79.47934,43.72778],[-79.48207,43.72664],[-79.52305,43.7177],[-79.52624,43.72497],[-79.52807,43.72551],[-79.52873,43.72778],[-79.52529,43.72876],[-79.52761,43.73747],[-79.52973,43.73734],[-79.53087,43.74195],[-79.52914,43.74364],[-79.52999,43.74727],[-79.53301,43.74966],[-79.53626,43.75329],[-79.54238,43.75209],[-79.54389,43.75754],[-79.5561,43.76256],[-79.55806,43.76],[-79.56442,43.76262],[-79.56625,43.76026],[-79.56544,43.75831],[-79.56003,43.75625],[-79.55379,43.75315],[-79.55298,43.75144]]},"properties":{"agency":"TTC","agency_id":"ttc","route_name":"119","route_long_name":"Torbarrie","route_type":"Bus","color":"#888888","transit_category":"ttc_other"}},{"type":"Feature","geometry":{"type":"LineString","coordinates":[[-79.19085,43.78798],[-79.19436,43.78928],[-79.19352,43.78565],[-79.18686,43.77061],[-79.21071,43.74459],[-79.24763,43.71175],[-79.25277,43.70395],[-79.2549,43.70175],[-79.25596,43.69891],[-79.2576,43.69669],[-79.26342,43.69225],[-79.26829,43.6895],[-79.27816,43.68275],[-79.28246,43.6811],[-79.28505,43.68071],[-79.28535,43.6814],[-79.28437,43.68159],[-79.289,43.69287],[-79.28806,43.69308],[-79.28838,43.694]]},"properties":{"agency":"TTC","agency_id":"ttc","route_name":"12","route_long_name":"Kingston Rd","route_type":"Bus","color":"#888888","transit_category":"ttc_other"}},{"type":"Feature","geometry":{"type":"LineString","coordinates":[[-79.50149,43.74149],[-79.50028,43.73862],[-79.50471,43.73714],[-79.50679,43.7356],[-79.51191,43.73456],[-79.5096,43.72489],[-79.50755,43.72617],[-79.50477,43.72683],[-79.50502,43.72763],[-79.50361,43.72798],[-79.50372,43.72843],[-79.50301,43.72917],[-79.48372,43.73357],[-79.48206,43.72664],[-79.47774,43.72816],[-79.45285,43.73338],[-79.45259,43.73426],[-79.45089,43.73415],[-79.45115,43.73501],[-79.45063,43.73429]]},"properties":{"agency":"TTC","agency_id":"ttc","route_name":"120","route_long_name":"Calvington","route_type":"Bus","color":"#888888","transit_category":"ttc_other"}},{"type":"Feature","geometry":{"type":"LineString","coordinates":[[-79.35415,43.66577],[-79.35545,43.66548],[-79.35518,43.66481],[-79.35924,43.66371],[-79.35638,43.65711],[-79.35451,43.65527],[-79.35355,43.655],[-79.35375,43.65375],[-79.35307,43.65286],[-79.35478,43.65194],[-79.36213,43.65019],[-79.36273,43.65156],[-79.36402,43.65127],[-79.36353,43.6501],[-79.36387,43.64983],[-79.37173,43.64803],[-79.37649,43.64578],[-79.37737,43.64785],[-79.37973,43.64733],[-79.37912,43.64598],[-79.37778,43.64634]]},"properties":{"agency":"TTC","agency_id":"ttc","route_name":"121","route_long_name":"Esplanade-River","route_type":"Bus","color":"#888888","transit_category":"ttc_other"}},{"type":"Feature","geometry":{"type":"LineString","coordinates":[[-79.326,43.76105],[-79.32769,43.76067],[-79.32855,43.76191],[-79.32542,43.76217],[-79.32259,43.76405],[-79.3267,43.76613],[-79.3325,43.76503],[-79.33503,43.76337],[-79.33529,43.76258],[-79.33781,43.76196],[-79.33837,43.76205],[-79.3391,43.76361],[-79.3417,43.76339],[-79.34243,43.76467],[-79.34347,43.76491],[-79.34472,43.76456],[-79.34499,43.76321],[-79.34682,43.76185],[-79.34984,43.76141],[-79.35421,43.76201],[-79.35848,43.76064],[-79.35616,43.75774],[-79.35426,43.75795],[-79.35328,43.7575],[-79.35202,43.75469],[-79.35996,43.75295],[-79.36414,43.75278],[-79.37874,43.74974],[-79.3821,43.74903],[-79.38414,43.74805],[-79.40237,43.74416],[-79.40522,43.74432],[-79.40535,43.74523],[-79.40649,43.74544]]},"properties":{"agency":"TTC","agency_id":"ttc","route_name":"122","route_long_name":"Graydon Hall","route_type":"Bus","color":"#888888","transit_category":"ttc_other"}},{"type":"Feature","geometry":{"type":"LineString","coordinates":[[-79.5436,43.59213],[-79.54391,43.59184],[-79.53939,43.59309],[-79.54102,43.59315],[-79.54162,43.59385],[-79.54712,43.60602],[-79.54857,43.61073],[-79.54828,43.61183],[-79.54737,43.61185],[-79.54738,43.61124],[-79.54857,43.61073],[-79.55865,43.60834],[-79.56026,43.60941],[-79.55997,43.60979],[-79.55689,43.61012],[-79.55641,43.60898],[-79.55865,43.60834],[-79.56095,43.60986],[-79.56267,43.6123],[-79.55984,43.61384],[-79.55614,43.61421],[-79.55764,43.61782],[-79.55719,43.61865],[-79.54066,43.62246],[-79.54318,43.62845],[-79.54353,43.63041],[-79.54469,43.63211],[-79.54135,43.63473],[-79.538,43.63852],[-79.53651,43.63708],[-79.53464,43.63851]]},"properties":{"agency":"TTC","agency_id":"ttc","route_name":"123","route_long_name":"Sherway","route_type":"Bus","color":"#888888","transit_category":"ttc_other"}},{"type":"Feature","geometry":{"type":"LineString","coordinates":[[-79.40259,43.72606],[-79.40226,43.72471],[-79.40311,43.72457],[-79.40321,43.7249],[-79.38589,43.72841],[-79.38218,43.72757],[-79.38019,43.72558],[-79.37893,43.72097],[-79.37512,43.72227],[-79.37529,43.72268],[-79.37598,43.72256]]},"properties":{"agency":"TTC","agency_id":"ttc","route_name":"124","route_long_name":"Sunnybrook","route_type":"Bus","color":"#888888","transit_category":"ttc_other"}},{"type":"Feature","geometry":{"type":"LineString","coordinates":[[-79.41508,43.78087],[-79.41525,43.78183],[-79.41599,43.78163],[-79.41747,43.78706],[-79.44482,43.78103],[-79.44636,43.78121],[-79.44673,43.78213],[-79.44737,43.78243],[-79.45042,43.78194],[-79.45241,43.77959],[-79.45141,43.77933]]},"properties":{"agency":"TTC","agency_id":"ttc","route_name":"125","route_long_name":"Drewry","route_type":"Bus","color":"#888888","transit_category":"ttc_other"}},{"type":"Feature","geometry":{"type":"LineString","coordinates":[[-79.41521,43.68479],[-79.41528,43.68377],[-79.42571,43.6817],[-79.41863,43.66381],[-79.41878,43.66444]]},"properties":{"agency":"TTC","agency_id":"ttc","route_name":"126","route_long_name":"Christie","route_type":"Bus","color":"#888888","transit_category":"ttc_other"}},{"type":"Feature","geometry":{"type":"LineString","coordinates":[[-79.46353,43.67418],[-79.46232,43.67101],[-79.45833,43.67009],[-79.44509,43.67209],[-79.43732,43.67396],[-79.42511,43.6751],[-79.41897,43.67665],[-79.41035,43.67683],[-79.40975,43.67542],[-79.40748,43.67586],[-79.40411,43.6673],[-79.40337,43.66741]]},"properties":{"agency":"TTC","agency_id":"ttc","route_name":"127","route_long_name":"Davenport","route_type":"Bus","color":"#888888","transit_category":"ttc_other"}},{"type":"Feature","geometry":{"type":"LineString","coordinates":[[-79.30699,43.90025],[-79.29324,43.90358],[-79.28599,43.87276],[-79.28266,43.85959],[-79.28024,43.85289],[-79.27946,43.84738],[-79.27506,43.83064],[-79.27579,43.82649],[-79.26909,43.81141],[-79.26681,43.80884],[-79.25883,43.78961],[-79.25727,43.78738],[-79.25257,43.77543],[-79.26243,43.77334],[-79.26133,43.77007],[-79.27552,43.76719],[-79.27514,43.76686],[-79.27111,43.76792],[-79.26446,43.74969],[-79.2581,43.73453],[-79.2661,43.73294],[-79.26345,43.7335],[-79.26295,43.73239],[-79.26419,43.73199],[-79.2643,43.73148],[-79.26265,43.73132],[-79.26298,43.73208]]},"properties":{"agency":"TTC","agency_id":"ttc","route_name":"129","route_long_name":"McCowan North","route_type":"Bus","color":"#888888","transit_category":"ttc_other"}},{"type":"Feature","geometry":{"type":"LineString","coordinates":[[-79.38896,43.65635],[-79.38587,43.65698],[-79.3864,43.65817],[-79.38948,43.65752],[-79.39066,43.66025],[-79.38992,43.66184],[-79.3914,43.66551],[-79.39314,43.66636],[-79.40307,43.69063],[-79.40157,43.69107],[-79.40112,43.69175],[-79.40302,43.69734],[-79.40331,43.69792],[-79.40616,43.69878],[-79.40852,43.7046],[-79.40027,43.70634],[-79.39906,43.70466],[-79.39851,43.70472],[-79.39879,43.70539],[-79.40007,43.70568]]},"properties":{"agency":"TTC","agency_id":"ttc","route_name":"13","route_long_name":"Avenue Rd","route_type":"Bus","color":"#888888","transit_category":"ttc_other"}},{"type":"Feature","geometry":{"type":"LineString","coordinates":[[-79.25625,43.77467],[-79.25896,43.77431],[-79.25257,43.77543],[-79.25727,43.78738],[-79.25883,43.78961],[-79.26256,43.79867],[-79.25852,43.79968],[-79.25465,43.80517],[-79.2555,43.80711],[-79.25748,43.80942],[-79.26456,43.82643],[-79.26795,43.8327],[-79.26835,43.83512]]},"properties":{"agency":"TTC","agency_id":"ttc","route_name":"130","route_long_name":"Middlefield","route_type":"Bus","color":"#888888","transit_category":"ttc_other"}},{"type":"Feature","geometry":{"type":"LineString","coordinates":[[-79.20126,43.82041],[-79.19994,43.81852],[-79.19925,43.81505],[-79.20539,43.81397],[-79.20638,43.81333],[-79.20414,43.81185],[-79.20271,43.80893],[-79.20669,43.80837],[-79.21152,43.81015],[-79.21392,43.81054],[-79.214,43.80918],[-79.21488,43.80813],[-79.22264,43.80484],[-79.22475,43.8045],[-79.22668,43.80517],[-79.22843,43.80398],[-79.23397,43.8026],[-79.23896,43.79901],[-79.2514,43.79627],[-79.25473,43.79392],[-79.25765,43.79252],[-79.2598,43.79205],[-79.25856,43.78904],[-79.25727,43.78738],[-79.25257,43.77543],[-79.26243,43.77334],[-79.26133,43.77007],[-79.27553,43.76714],[-79.27514,43.76686],[-79.27111,43.76792],[-79.26446,43.74969],[-79.2581,43.73453],[-79.2661,43.73294],[-79.26342,43.73349],[-79.26295,43.73239],[-79.26419,43.73199],[-79.2643,43.73148],[-79.26261,43.73139],[-79.26298,43.73208],[-79.26373,43.73188]]},"properties":{"agency":"TTC","agency_id":"ttc","route_name":"131","route_long_name":"Nugget","route_type":"Bus","color":"#888888","transit_category":"ttc_other"}},{"type":"Feature","geometry":{"type":"LineString","coordinates":[[-79.2587,43.7741],[-79.25896,43.77431],[-79.25793,43.77461],[-79.25257,43.77543],[-79.25646,43.78537],[-79.25437,43.78559],[-79.25319,43.78429],[-79.25221,43.78396],[-79.24698,43.78503],[-79.24235,43.78658],[-79.23999,43.78891],[-79.22946,43.79119],[-79.22341,43.79398],[-79.21348,43.79616],[-79.21072,43.79598],[-79.20556,43.79707],[-79.20229,43.79899],[-79.20386,43.8001],[-79.20639,43.79961],[-79.2088,43.80416],[-79.21508,43.80714],[-79.21558,43.80779],[-79.21422,43.80873],[-79.21392,43.81054],[-79.22002,43.81033],[-79.22088,43.81177],[-79.21805,43.81578],[-79.21562,43.81622],[-79.21318,43.81458],[-79.21381,43.81392]]},"properties":{"agency":"TTC","agency_id":"ttc","route_name":"132","route_long_name":"Milner","route_type":"Bus","color":"#888888","transit_category":"ttc_other"}},{"type":"Feature","geometry":{"type":"LineString","coordinates":[[-79.2631,43.73208],[-79.2643,43.73148],[-79.26455,43.73277],[-79.26325,43.73307],[-79.26349,43.73351],[-79.26793,43.7322],[-79.27442,43.74788],[-79.28108,43.7658],[-79.26133,43.77007],[-79.26243,43.77334],[-79.25659,43.77489],[-79.25257,43.77543],[-79.25149,43.77213],[-79.20496,43.78259],[-79.20422,43.78092],[-79.20385,43.78098],[-79.20436,43.78125],[-79.20718,43.78701],[-79.20965,43.78898],[-79.21337,43.79102],[-79.21527,43.79292],[-79.2183,43.79983],[-79.21824,43.80113],[-79.21718,43.80351],[-79.21745,43.80493],[-79.22024,43.80839],[-79.2251,43.81114],[-79.22759,43.81626],[-79.22128,43.81765],[-79.22088,43.81873],[-79.22118,43.82031],[-79.22036,43.82136],[-79.22242,43.8232],[-79.22381,43.82572],[-79.22855,43.82431],[-79.23013,43.82303],[-79.23062,43.82331],[-79.23251,43.82605],[-79.23469,43.82724],[-79.23354,43.82858],[-79.23382,43.82921],[-79.23052,43.82994],[-79.22855,43.82926],[-79.22367,43.83049],[-79.22214,43.82705],[-79.22077,43.82624],[-79.21978,43.82423],[-79.21864,43.82326],[-79.22104,43.82058],[-79.22096,43.81921]]},"properties":{"agency":"TTC","agency_id":"ttc","route_name":"133","route_long_name":"Neilson","route_type":"Bus","color":"#888888","transit_category":"ttc_other"}},{"type":"Feature","geometry":{"type":"LineString","coordinates":[[-79.25854,43.77446],[-79.25257,43.77543],[-79.25421,43.77958],[-79.25256,43.78057],[-79.25164,43.78044],[-79.25123,43.77968],[-79.24513,43.78093],[-79.24428,43.78077],[-79.24383,43.78015],[-79.23939,43.78064],[-79.23365,43.7818],[-79.23217,43.78283],[-79.23177,43.78364],[-79.23417,43.79018],[-79.23408,43.79237],[-79.23492,43.79465],[-79.22753,43.79614],[-79.22811,43.79782],[-79.22797,43.79902],[-79.22418,43.80322],[-79.22422,43.80448],[-79.22573,43.80472],[-79.23122,43.80741],[-79.23371,43.8078],[-79.23462,43.80848],[-79.23712,43.81421],[-79.23149,43.81542],[-79.23393,43.82115],[-79.23796,43.82039],[-79.23737,43.81897],[-79.23984,43.81841],[-79.2389,43.81627],[-79.23712,43.81421],[-79.24306,43.81296],[-79.24779,43.82395],[-79.24604,43.82438],[-79.24777,43.82845],[-79.24454,43.82921],[-79.24308,43.82587],[-79.24561,43.82449],[-79.2478,43.82399],[-79.24306,43.81296],[-79.23234,43.81524],[-79.23214,43.81475]]},"properties":{"agency":"TTC","agency_id":"ttc","route_name":"134","route_long_name":"Progress","route_type":"Bus","color":"#888888","transit_category":"ttc_other"}},{"type":"Feature","geometry":{"type":"LineString","coordinates":[[-79.27953,43.71039],[-79.28034,43.71039],[-79.2734,43.69303],[-79.27725,43.69017],[-79.27822,43.68871],[-79.30016,43.68395],[-79.30226,43.68908],[-79.30104,43.68921]]},"properties":{"agency":"TTC","agency_id":"ttc","route_name":"135","route_long_name":"Gerrard","route_type":"Bus","color":"#888888","transit_category":"ttc_other"}},{"type":"Feature","geometry":{"type":"LineString","coordinates":[[-79.39678,43.69746],[-79.39707,43.69819],[-79.40366,43.69794],[-79.42325,43.70472],[-79.42397,43.70567],[-79.42636,43.70519],[-79.42813,43.71232],[-79.46084,43.70552],[-79.46022,43.70412],[-79.4645,43.70322],[-79.46479,43.70464],[-79.46436,43.70473]]},"properties":{"agency":"TTC","agency_id":"ttc","route_name":"14","route_long_name":"Glencairn","route_type":"Bus","color":"#888888","transit_category":"ttc_other"}},{"type":"Feature","geometry":{"type":"LineString","coordinates":[[-79.48444,43.64989],[-79.48318,43.65019],[-79.48297,43.64969],[-79.48467,43.64924],[-79.48627,43.64803],[-79.48807,43.64773],[-79.49034,43.64793],[-79.49668,43.64988],[-79.49941,43.65004],[-79.53082,43.64304],[-79.53236,43.64264],[-79.53215,43.64196],[-79.53262,43.64115],[-79.53481,43.64044],[-79.53461,43.63993],[-79.5352,43.6397],[-79.53455,43.63891],[-79.53663,43.63713],[-79.53464,43.63851]]},"properties":{"agency":"TTC","agency_id":"ttc","route_name":"149","route_long_name":"Etobicoke-Bloor","route_type":"Bus","color":"#888888","transit_category":"ttc_other"}},{"type":"Feature","geometry":{"type":"LineString","coordinates":[[-79.51103,43.6483],[-79.51163,43.64799],[-79.50875,43.64085],[-79.5085,43.63895],[-79.50704,43.63694],[-79.50039,43.62101],[-79.51189,43.61825],[-79.52747,43.61551],[-79.55865,43.60834],[-79.56026,43.60941],[-79.55973,43.60993],[-79.55762,43.60998]]},"properties":{"agency":"TTC","agency_id":"ttc","route_name":"15","route_long_name":"Evans","route_type":"Bus","color":"#888888","transit_category":"ttc_other"}},{"type":"Feature","geometry":{"type":"LineString","coordinates":[[-79.36784,43.77038],[-79.36787,43.77089],[-79.36735,43.77084],[-79.3662,43.76931],[-79.36486,43.76943],[-79.36471,43.77016],[-79.36358,43.77008],[-79.36349,43.7696],[-79.36427,43.76941],[-79.36413,43.77231],[-79.36506,43.77714],[-79.3725,43.8085],[-79.35754,43.81191],[-79.35669,43.80989],[-79.359,43.80894]]},"properties":{"agency":"TTC","agency_id":"ttc","route_name":"151","route_long_name":"Leslie North","route_type":"Bus","color":"#888888","transit_category":"ttc_other"}},{"type":"Feature","geometry":{"type":"LineString","coordinates":[[-79.26314,43.73247],[-79.2643,43.73221],[-79.26455,43.73277],[-79.2632,43.73313],[-79.26362,43.73351],[-79.26793,43.7322],[-79.27493,43.7495],[-79.21584,43.76185],[-79.21606,43.7634],[-79.21868,43.76981],[-79.21278,43.77114],[-79.20875,43.77145],[-79.21152,43.77771],[-79.21534,43.77847],[-79.21714,43.77975],[-79.18326,43.78785],[-79.18525,43.79297],[-79.17507,43.79426],[-79.17342,43.79034]]},"properties":{"agency":"TTC","agency_id":"ttc","route_name":"154","route_long_name":"Curran Hall","route_type":"Bus","color":"#888888","transit_category":"ttc_other"}},{"type":"Feature","geometry":{"type":"LineString","coordinates":[[-79.35065,43.71285],[-79.35111,43.71386],[-79.35234,43.71427],[-79.3591,43.71288],[-79.35982,43.7146],[-79.3648,43.71357],[-79.36353,43.71036],[-79.36777,43.7068],[-79.36813,43.70478],[-79.36158,43.70246],[-79.36056,43.70314],[-79.35903,43.70212],[-79.35703,43.70183],[-79.35284,43.70192],[-79.34988,43.70501],[-79.3435,43.70178],[-79.34122,43.70395],[-79.34283,43.70562],[-79.34363,43.70747]]},"properties":{"agency":"TTC","agency_id":"ttc","route_name":"156","route_long_name":"Millwood","route_type":"Bus","color":"#888888","transit_category":"ttc_other"}},{"type":"Feature","geometry":{"type":"LineString","coordinates":[[-79.47463,43.69076],[-79.47527,43.69059],[-79.47936,43.69367],[-79.48371,43.69344],[-79.49073,43.69666],[-79.50238,43.69759],[-79.50384,43.70288],[-79.5162,43.70016],[-79.52183,43.70166],[-79.53277,43.7065],[-79.53518,43.7112],[-79.53316,43.71124],[-79.53197,43.7081],[-79.53294,43.7079]]},"properties":{"agency":"TTC","agency_id":"ttc","route_name":"158","route_long_name":"Trethewey","route_type":"Bus","color":"#888888","transit_category":"ttc_other"}},{"type":"Feature","geometry":{"type":"LineString","coordinates":[[-79.25754,43.77437],[-79.25898,43.77428],[-79.25257,43.77543],[-79.24562,43.75686],[-79.24437,43.75271],[-79.24459,43.74577],[-79.24558,43.73838],[-79.24737,43.73517],[-79.25143,43.72986],[-79.25395,43.72482],[-79.25991,43.71684],[-79.28099,43.71204],[-79.28015,43.70993],[-79.27953,43.71039],[-79.28034,43.71039]]},"properties":{"agency":"TTC","agency_id":"ttc","route_name":"16","route_long_name":"McCowan","route_type":"Bus","color":"#888888","transit_category":"ttc_other"}},{"type":"Feature","geometry":{"type":"LineString","coordinates":[[-79.45062,43.73429],[-79.45117,43.73501],[-79.44972,43.73536],[-79.44995,43.73684],[-79.44805,43.73581],[-79.44727,43.73458],[-79.43399,43.73735],[-79.44662,43.78811],[-79.44659,43.78895],[-79.44537,43.79092],[-79.44923,43.80714],[-79.45017,43.80707],[-79.45094,43.80904],[-79.45239,43.80938],[-79.45397,43.80901],[-79.45389,43.80984],[-79.45435,43.80974],[-79.45397,43.80901],[-79.45448,43.80624],[-79.45614,43.80608],[-79.4577,43.81042],[-79.4563,43.81498],[-79.45498,43.81623],[-79.44644,43.81817],[-79.44385,43.81651],[-79.4427,43.8096],[-79.44074,43.80496],[-79.44848,43.80358],[-79.44825,43.80255]]},"properties":{"agency":"TTC","agency_id":"ttc","route_name":"160","route_long_name":"Bathurst North","route_type":"Bus","color":"#888888","transit_category":"ttc_other"}},{"type":"Feature","geometry":{"type":"LineString","coordinates":[[-79.48889,43.68901],[-79.48799,43.68863],[-79.48645,43.68886],[-79.48582,43.68721],[-79.48282,43.68577],[-79.48168,43.68586],[-79.4803,43.68335],[-79.47823,43.68268],[-79.4764,43.68126],[-79.4767,43.68117],[-79.47674,43.6816],[-79.47617,43.68171],[-79.46913,43.68232],[-79.46744,43.68188],[-79.46025,43.68343],[-79.4569,43.68305],[-79.43868,43.68713],[-79.43377,43.6744],[-79.43464,43.67428],[-79.42943,43.66114],[-79.42565,43.66198],[-79.42585,43.66246],[-79.42684,43.66225]]},"properties":{"agency":"TTC","agency_id":"ttc","route_name":"161","route_long_name":"Rogers Rd","route_type":"Bus","color":"#888888","transit_category":"ttc_other"}},{"type":"Feature","geometry":{"type":"LineString","coordinates":[[-79.40253,43.72597],[-79.40226,43.72471],[-79.40311,43.72457],[-79.40321,43.7249],[-79.3867,43.72837],[-79.38162,43.72748],[-79.38109,43.73186],[-79.3819,43.7364],[-79.37848,43.73708],[-79.36984,43.72969],[-79.36781,43.72928],[-79.36517,43.72991],[-79.36487,43.72738],[-79.36378,43.72557],[-79.36026,43.72636],[-79.36047,43.72956],[-79.36225,43.73181],[-79.36494,43.73348],[-79.35902,43.73478],[-79.35597,43.73453],[-79.34653,43.7365],[-79.34641,43.73583],[-79.34817,43.7346],[-79.34671,43.73301],[-79.34778,43.73246],[-79.35042,43.73227],[-79.35101,43.7311],[-79.34988,43.72999],[-79.34337,43.72764],[-79.34085,43.72765],[-79.33961,43.72302],[-79.33649,43.72348],[-79.33655,43.72181],[-79.33775,43.72125]]},"properties":{"agency":"TTC","agency_id":"ttc","route_name":"162","route_long_name":"Lawrence-Donway","route_type":"Bus","color":"#888888","transit_category":"ttc_other"}},{"type":"Feature","geometry":{"type":"LineString","coordinates":[[-79.489,43.68881],[-79.48645,43.68886],[-79.48611,43.68745],[-79.48506,43.68704],[-79.48443,43.68739],[-79.48459,43.68798],[-79.47506,43.69017],[-79.47527,43.69059],[-79.47463,43.69076],[-79.47493,43.69122],[-79.47425,43.69179],[-79.47597,43.69943],[-79.46945,43.70086],[-79.46797,43.69701],[-79.46663,43.69776],[-79.46352,43.69844],[-79.46195,43.69832],[-79.45154,43.70081],[-79.44937,43.70049],[-79.4437,43.70172],[-79.44401,43.70251],[-79.44144,43.70305],[-79.43939,43.69804],[-79.43631,43.69871],[-79.43629,43.69978],[-79.43558,43.69887]]},"properties":{"agency":"TTC","agency_id":"ttc","route_name":"164","route_long_name":"Castlefield","route_type":"Bus","color":"#888888","transit_category":"ttc_other"}},{"type":"Feature","geometry":{"type":"LineString","coordinates":[[-79.40607,43.74512],[-79.40668,43.7453],[-79.40606,43.74541],[-79.40522,43.74432],[-79.41443,43.74147],[-79.42965,43.73779],[-79.43399,43.73735],[-79.45176,43.73361],[-79.45089,43.73415],[-79.45115,43.73501],[-79.45062,43.73423],[-79.45173,43.73397],[-79.45176,43.73361],[-79.47146,43.7296],[-79.47933,43.72778],[-79.48206,43.72664],[-79.50463,43.72159],[-79.53157,43.71578],[-79.53333,43.71577],[-79.53728,43.71702],[-79.53766,43.71756],[-79.53693,43.72362],[-79.53557,43.72678],[-79.53606,43.72924],[-79.53797,43.73253],[-79.54652,43.77031],[-79.54592,43.77193],[-79.54446,43.7732],[-79.54382,43.77295],[-79.54339,43.77094],[-79.55498,43.76856],[-79.55324,43.7642],[-79.54848,43.76513],[-79.54707,43.76462],[-79.54535,43.76487]]},"properties":{"agency":"TTC","agency_id":"ttc","route_name":"165","route_long_name":"Weston Rd North","route_type":"Bus","color":"#888888","transit_category":"ttc_other"}},{"type":"Feature","geometry":{"type":"LineString","coordinates":[[-79.55298,43.75144],[-79.55379,43.75315],[-79.56003,43.75625],[-79.56544,43.75831],[-79.56606,43.76059],[-79.56731,43.76096],[-79.57182,43.76003],[-79.57487,43.76434],[-79.50896,43.77819],[-79.50828,43.77645],[-79.51001,43.77698],[-79.50863,43.77682]]},"properties":{"agency":"TTC","agency_id":"ttc","route_name":"166","route_long_name":"Toryork","route_type":"Bus","color":"#888888","transit_category":"ttc_other"}},{"type":"Feature","geometry":{"type":"LineString","coordinates":[[-79.3451,43.77583],[-79.34658,43.77552],[-79.34699,43.77603],[-79.34397,43.77637],[-79.34371,43.77583],[-79.34116,43.77621],[-79.33122,43.77509],[-79.33205,43.77367],[-79.33622,43.77289],[-79.33469,43.77056],[-79.33146,43.77119],[-79.33058,43.7704],[-79.32505,43.77084],[-79.32397,43.77149],[-79.32147,43.77194],[-79.323,43.77524],[-79.31775,43.77651],[-79.32497,43.79278],[-79.32697,43.79587],[-79.33039,43.80334],[-79.3369,43.81844],[-79.33645,43.81685]]},"properties":{"agency":"TTC","agency_id":"ttc","route_name":"167","route_long_name":"Pharmacy North","route_type":"Bus","color":"#888888","transit_category":"ttc_other"}},{"type":"Feature","geometry":{"type":"LineString","coordinates":[[-79.48814,43.68835],[-79.48906,43.68894],[-79.48645,43.68886],[-79.48582,43.68721],[-79.48282,43.68577],[-79.48168,43.68586],[-79.48031,43.68336],[-79.47804,43.68256],[-79.4764,43.68126],[-79.47682,43.68119],[-79.47653,43.68166],[-79.46913,43.68232],[-79.46766,43.68189],[-79.4656,43.67977],[-79.46416,43.6773],[-79.46232,43.67101],[-79.45833,43.67009],[-79.45324,43.67071],[-79.44776,43.65729],[-79.45244,43.65631],[-79.45261,43.65688],[-79.45384,43.6568],[-79.45298,43.65705]]},"properties":{"agency":"TTC","agency_id":"ttc","route_name":"168","route_long_name":"Symington","route_type":"Bus","color":"#888888","transit_category":"ttc_other"}},{"type":"Feature","geometry":{"type":"LineString","coordinates":[[-79.2587,43.7741],[-79.25896,43.77431],[-79.25793,43.77461],[-79.25257,43.77543],[-79.25727,43.78738],[-79.25856,43.78904],[-79.2615,43.79612],[-79.26416,43.7955],[-79.26567,43.79392],[-79.26764,43.79341],[-79.2682,43.79374],[-79.26975,43.79746],[-79.26961,43.7981],[-79.27205,43.79863],[-79.2785,43.79807],[-79.29525,43.79468],[-79.29846,43.79134],[-79.30688,43.78926],[-79.30768,43.78843],[-79.30812,43.78664],[-79.30888,43.78601],[-79.31592,43.78427],[-79.31934,43.7819],[-79.32538,43.78034],[-79.32792,43.78572],[-79.33337,43.78451],[-79.33501,43.78802],[-79.34365,43.78632],[-79.34882,43.78798],[-79.35302,43.78734],[-79.35348,43.78498],[-79.35181,43.78106],[-79.34912,43.7796],[-79.34763,43.77651],[-79.34504,43.77592],[-79.34645,43.77552],[-79.34697,43.77592]]},"properties":{"agency":"TTC","agency_id":"ttc","route_name":"169","route_long_name":"Huntingwood","route_type":"Bus","color":"#888888","transit_category":"ttc_other"}},{"type":"Feature","geometry":{"type":"LineString","coordinates":[[-79.27958,43.71012],[-79.27963,43.71049],[-79.28034,43.71039],[-79.28099,43.71204],[-79.27111,43.71415],[-79.27744,43.72859],[-79.29135,43.76342],[-79.29142,43.76575],[-79.30625,43.79966],[-79.30799,43.80172],[-79.31453,43.8162],[-79.31651,43.81571],[-79.31774,43.81594],[-79.31807,43.81659],[-79.31759,43.81851],[-79.31806,43.81968],[-79.31893,43.82013],[-79.32015,43.81994],[-79.32044,43.82056],[-79.31691,43.82138],[-79.31621,43.81986]]},"properties":{"agency":"TTC","agency_id":"ttc","route_name":"17","route_long_name":"Birchmount","route_type":"Bus","color":"#888888","transit_category":"ttc_other"}},{"type":"Feature","geometry":{"type":"LineString","coordinates":[[-79.49488,43.69432],[-79.49621,43.69262],[-79.49472,43.69176],[-79.4929,43.69333],[-79.48866,43.69167],[-79.48743,43.692],[-79.48621,43.6933],[-79.48763,43.69445],[-79.48762,43.69521],[-79.4861,43.69461],[-79.48397,43.69129],[-79.48287,43.68836],[-79.48459,43.68798],[-79.48446,43.68734],[-79.48528,43.68704],[-79.48614,43.68749],[-79.48643,43.6886],[-79.48805,43.68833],[-79.48905,43.68884],[-79.48645,43.68886],[-79.48614,43.68749],[-79.48528,43.68704],[-79.48446,43.68734],[-79.48459,43.68798],[-79.48287,43.68836],[-79.48028,43.68328],[-79.4839,43.67812],[-79.49289,43.67611],[-79.49571,43.6762]]},"properties":{"agency":"TTC","agency_id":"ttc","route_name":"171","route_long_name":"Mount Dennis","route_type":"Bus","color":"#888888","transit_category":"ttc_other"}},{"type":"Feature","geometry":{"type":"LineString","coordinates":[[-79.44863,43.72574],[-79.44827,43.72488],[-79.45529,43.72337],[-79.45554,43.72399],[-79.45739,43.72356],[-79.45738,43.72321],[-79.45677,43.72324],[-79.45617,43.72046],[-79.46816,43.71776],[-79.46464,43.70411],[-79.46324,43.69606],[-79.46215,43.69314],[-79.46515,43.69216]]},"properties":{"agency":"TTC","agency_id":"ttc","route_name":"18","route_long_name":"Caledonia","route_type":"Bus","color":"#888888","transit_category":"ttc_other"}},{"type":"Feature","geometry":{"type":"LineString","coordinates":[[-79.46804,43.73689],[-79.46734,43.73526],[-79.46993,43.73467],[-79.46811,43.73034],[-79.45286,43.73338],[-79.45259,43.73426],[-79.45088,43.73415],[-79.45117,43.73501]]},"properties":{"agency":"TTC","agency_id":"ttc","route_name":"184","route_long_name":"Ancaster Park","route_type":"Bus","color":"#888888","transit_category":"ttc_other"}},{"type":"Feature","geometry":{"type":"LineString","coordinates":[[-79.41204,43.76194],[-79.41182,43.76154],[-79.41227,43.76121],[-79.36825,43.77103],[-79.36107,43.77202],[-79.34703,43.7751],[-79.34738,43.77657],[-79.34504,43.77592],[-79.34658,43.77552],[-79.34699,43.77603]]},"properties":{"agency":"TTC","agency_id":"ttc","route_name":"185","route_long_name":"Sheppard Central","route_type":"Bus","color":"#888888","transit_category":"ttc_other"}},{"type":"Feature","geometry":{"type":"LineString","coordinates":[[-79.49511,43.66683],[-79.49926,43.66607],[-79.50165,43.66937],[-79.49375,43.67167],[-79.49177,43.66718],[-79.47112,43.67178],[-79.46999,43.66925],[-79.46651,43.67003],[-79.46005,43.65471],[-79.4653,43.65354],[-79.46558,43.65422],[-79.46696,43.65398],[-79.46627,43.65406]]},"properties":{"agency":"TTC","agency_id":"ttc","route_name":"189","route_long_name":"Stockyards","route_type":"Bus","color":"#888888","transit_category":"ttc_other"}},{"type":"Feature","geometry":{"type":"LineString","coordinates":[[-79.40206,43.67547],[-79.40258,43.6758],[-79.40054,43.67637],[-79.39983,43.67437],[-79.39392,43.67518],[-79.39082,43.67319],[-79.38232,43.65214],[-79.38154,43.6517],[-79.38027,43.64864],[-79.37792,43.64915],[-79.37697,43.64688],[-79.37847,43.6461]]},"properties":{"agency":"TTC","agency_id":"ttc","route_name":"19","route_long_name":"Bay","route_type":"Bus","color":"#888888","transit_category":"ttc_other"}},{"type":"Feature","geometry":{"type":"LineString","coordinates":[[-79.33786,43.72143],[-79.33649,43.72168],[-79.33649,43.72348],[-79.33961,43.72302],[-79.34345,43.73717],[-79.3247,43.74079],[-79.32616,43.74421],[-79.32584,43.74583],[-79.32659,43.74944],[-79.32591,43.75143],[-79.32657,43.75301],[-79.32784,43.7534],[-79.33016,43.75253],[-79.33641,43.75134],[-79.33766,43.75306],[-79.34033,43.75317],[-79.34088,43.75482],[-79.34026,43.75545],[-79.34136,43.75705],[-79.33534,43.75838],[-79.3327,43.75952]]},"properties":{"agency":"TTC","agency_id":"ttc","route_name":"191","route_long_name":"Underhill","route_type":"Bus","color":"#888888","transit_category":"ttc_other"}},{"type":"Feature","geometry":{"type":"LineString","coordinates":[[-79.30195,43.68915],[-79.30101,43.68916],[-79.302,43.6887],[-79.30182,43.68814],[-79.26374,43.69644],[-79.26445,43.69816],[-79.26342,43.6984],[-79.26417,43.70016],[-79.25574,43.70251],[-79.25869,43.70966],[-79.2485,43.71193],[-79.25809,43.73452],[-79.26609,43.73294],[-79.26342,43.73349],[-79.26295,43.73239],[-79.26419,43.73199],[-79.2643,43.73148],[-79.26261,43.73139],[-79.26298,43.73208],[-79.26373,43.73188]]},"properties":{"agency":"TTC","agency_id":"ttc","route_name":"20","route_long_name":"Cliffside","route_type":"Bus","color":"#888888","transit_category":"ttc_other"}},{"type":"Feature","geometry":{"type":"LineString","coordinates":[[-79.13035,43.78075],[-79.12994,43.78095],[-79.13667,43.7796],[-79.14353,43.79603],[-79.14485,43.79784],[-79.14702,43.79944],[-79.15523,43.80285],[-79.16559,43.80885],[-79.16725,43.80915],[-79.17081,43.80838],[-79.17319,43.81174],[-79.17246,43.81602],[-79.17297,43.81775],[-79.17338,43.81824],[-79.17919,43.81891],[-79.17999,43.82021],[-79.17976,43.81963]]},"properties":{"agency":"TTC","agency_id":"ttc","route_name":"200","route_long_name":"Toronto Zoo","route_type":"Bus","color":"#888888","transit_category":"ttc_other"}},{"type":"Feature","geometry":{"type":"LineString","coordinates":[[-79.2285,43.71287],[-79.22872,43.71321],[-79.22987,43.71251],[-79.23547,43.70775],[-79.23641,43.70767],[-79.23815,43.70873],[-79.23852,43.70975],[-79.23798,43.71264],[-79.24808,43.7367],[-79.2661,43.73294],[-79.26342,43.73349],[-79.26301,43.73254],[-79.26392,43.73224]]},"properties":{"agency":"TTC","agency_id":"ttc","route_name":"201","route_long_name":"Bluffer's Park","route_type":"Bus","color":"#888888","transit_category":"ttc_other"}},{"type":"Feature","geometry":{"type":"LineString","coordinates":[[-79.37792,43.64628],[-79.37697,43.64688],[-79.37737,43.64785],[-79.37973,43.64733],[-79.37684,43.64115],[-79.36198,43.64641],[-79.36104,43.64774],[-79.36274,43.65157],[-79.35799,43.65266],[-79.35631,43.64817],[-79.35364,43.6448],[-79.35091,43.64341],[-79.3447,43.63701],[-79.34448,43.63724]]},"properties":{"agency":"TTC","agency_id":"ttc","route_name":"202","route_long_name":"Cherry Beach","route_type":"Bus","color":"#888888","transit_category":"ttc_other"}},{"type":"Feature","geometry":{"type":"LineString","coordinates":[[-79.46517,43.64523],[-79.46457,43.64601],[-79.46503,43.6487],[-79.46476,43.65224],[-79.46558,43.65422],[-79.46696,43.65398],[-79.46558,43.65422]]},"properties":{"agency":"TTC","agency_id":"ttc","route_name":"203","route_long_name":"High Park","route_type":"Bus","color":"#888888","transit_category":"ttc_other"}},{"type":"Feature","geometry":{"type":"LineString","coordinates":[[-79.28686,43.82947],[-79.2872,43.82942],[-79.28701,43.82707],[-79.27724,43.80537],[-79.27578,43.80394],[-79.2693,43.78906],[-79.26754,43.78635],[-79.26241,43.77333],[-79.25613,43.77492],[-79.26241,43.77333],[-79.25535,43.75352],[-79.24807,43.73669],[-79.25588,43.735],[-79.25763,43.73505],[-79.25862,43.73443],[-79.26609,43.73294],[-79.26342,43.73349],[-79.26295,43.73239],[-79.26419,43.73199],[-79.2643,43.73148],[-79.26265,43.73132],[-79.2631,43.73208]]},"properties":{"agency":"TTC","agency_id":"ttc","route_name":"21","route_long_name":"Brimley","route_type":"Bus","color":"#888888","transit_category":"ttc_other"}},{"type":"Feature","geometry":{"type":"LineString","coordinates":[[-79.31258,43.66724],[-79.31308,43.66622],[-79.3162,43.66549],[-79.32396,43.68416],[-79.32311,43.68434],[-79.32281,43.68399],[-79.32321,43.68412]]},"properties":{"agency":"TTC","agency_id":"ttc","route_name":"22","route_long_name":"Coxwell","route_type":"Bus","color":"#888888","transit_category":"ttc_other"}},{"type":"Feature","geometry":{"type":"LineString","coordinates":[[-79.30195,43.68915],[-79.30101,43.68916],[-79.30211,43.68873],[-79.30183,43.68814],[-79.29677,43.6893],[-79.29746,43.69567],[-79.2969,43.70302],[-79.29542,43.70632],[-79.29688,43.70607],[-79.30189,43.70333],[-79.30471,43.70265],[-79.30575,43.70474]]},"properties":{"agency":"TTC","agency_id":"ttc","route_name":"23","route_long_name":"Dawes","route_type":"Bus","color":"#888888","transit_category":"ttc_other"}},{"type":"Feature","geometry":{"type":"LineString","coordinates":[[-79.28864,43.69445],[-79.28956,43.69423],[-79.29597,43.70877],[-79.30934,43.74091],[-79.31523,43.75786],[-79.32151,43.77193],[-79.32397,43.77149],[-79.32505,43.77084],[-79.33058,43.7704],[-79.33146,43.77119],[-79.33459,43.77054],[-79.33622,43.77289],[-79.33205,43.77367],[-79.33122,43.77509],[-79.3414,43.77621],[-79.34543,43.77546],[-79.34676,43.77556],[-79.34699,43.77603],[-79.3451,43.77583]]},"properties":{"agency":"TTC","agency_id":"ttc","route_name":"24","route_long_name":"Victoria Park","route_type":"Bus","color":"#888888","transit_category":"ttc_other"}},{"type":"Feature","geometry":{"type":"LineString","coordinates":[[-79.35828,43.67681],[-79.35885,43.67677],[-79.35752,43.68194],[-79.35488,43.68955],[-79.35586,43.69206],[-79.35028,43.69324],[-79.35104,43.69537],[-79.34926,43.69705],[-79.35147,43.70096],[-79.35276,43.70202],[-79.34814,43.70635],[-79.33438,43.70999],[-79.33856,43.71927],[-79.34724,43.75102],[-79.34722,43.76227],[-79.34629,43.77194],[-79.34763,43.77651],[-79.34504,43.77592],[-79.3467,43.77554],[-79.34692,43.77653],[-79.34763,43.77651],[-79.34875,43.77919],[-79.34838,43.78189],[-79.35,43.78376],[-79.35094,43.78575],[-79.35302,43.78734],[-79.35395,43.78955],[-79.35528,43.79559],[-79.35338,43.80174],[-79.35342,43.80286],[-79.35492,43.8052],[-79.35999,43.80983],[-79.36077,43.81118],[-79.35754,43.81191],[-79.35669,43.80989],[-79.359,43.80894]]},"properties":{"agency":"TTC","agency_id":"ttc","route_name":"25","route_long_name":"Don Mills","route_type":"Bus","color":"#888888","transit_category":"ttc_other"}},{"type":"Feature","geometry":{"type":"LineString","coordinates":[[-79.48444,43.64989],[-79.48317,43.65018],[-79.48296,43.64968],[-79.48447,43.64932],[-79.48811,43.65826],[-79.46522,43.66378],[-79.46259,43.66346],[-79.45877,43.66448],[-79.45777,43.66426],[-79.44417,43.66721],[-79.44331,43.66787],[-79.42985,43.67027],[-79.42901,43.67003],[-79.40054,43.67637],[-79.3979,43.66922],[-79.39854,43.66909],[-79.3983,43.66865],[-79.39772,43.6688]]},"properties":{"agency":"TTC","agency_id":"ttc","route_name":"26","route_long_name":"Dupont","route_type":"Bus","color":"#888888","transit_category":"ttc_other"}},{"type":"Feature","geometry":{"type":"LineString","coordinates":[[-79.48661,43.68863],[-79.48805,43.68833],[-79.48907,43.68891],[-79.48645,43.68886],[-79.48604,43.68737],[-79.48506,43.68704],[-79.48443,43.68739],[-79.48459,43.68798],[-79.48828,43.68726],[-79.49882,43.68448],[-79.49723,43.67977],[-79.48468,43.64982],[-79.48318,43.65019]]},"properties":{"agency":"TTC","agency_id":"ttc","route_name":"27","route_long_name":"Jane South","route_type":"Bus","color":"#888888","transit_category":"ttc_other"}},{"type":"Feature","geometry":{"type":"LineString","coordinates":[[-79.36398,43.68414],[-79.36629,43.68372],[-79.36595,43.68291],[-79.3633,43.68423],[-79.36257,43.68516],[-79.36377,43.68866],[-79.36197,43.69124],[-79.3621,43.69243],[-79.36322,43.69338],[-79.36627,43.69408],[-79.3697,43.69608],[-79.37143,43.69611],[-79.37412,43.70299],[-79.3964,43.69836],[-79.39646,43.69737],[-79.39702,43.69798]]},"properties":{"agency":"TTC","agency_id":"ttc","route_name":"28","route_long_name":"Bayview South","route_type":"Bus","color":"#888888","transit_category":"ttc_other"}},{"type":"Feature","geometry":{"type":"LineString","coordinates":[[-79.45089,43.73415],[-79.45092,43.73505],[-79.45066,43.73418],[-79.45259,43.73426],[-79.45285,43.73338],[-79.45891,43.73208],[-79.45077,43.69632],[-79.43535,43.65988],[-79.42579,43.63488],[-79.42682,43.63439],[-79.42576,43.63445]]},"properties":{"agency":"TTC","agency_id":"ttc","route_name":"29","route_long_name":"Dufferin","route_type":"Bus","color":"#888888","transit_category":"ttc_other"}},{"type":"Feature","geometry":{"type":"LineString","coordinates":[[-79.48239,43.66583],[-79.48269,43.66559],[-79.47039,43.66548],[-79.46558,43.65422],[-79.46696,43.65398],[-79.46558,43.65422]]},"properties":{"agency":"TTC","agency_id":"ttc","route_name":"30","route_long_name":"High Park North","route_type":"Bus","color":"#888888","transit_category":"ttc_other"}},{"type":"Feature","geometry":{"type":"LineString","coordinates":[[-79.62095,43.68702],[-79.61941,43.68593],[-79.61674,43.68581],[-79.61383,43.68489],[-79.60664,43.68489],[-79.6032,43.68552],[-79.60124,43.68524],[-79.59597,43.68272],[-79.59391,43.6811],[-79.59307,43.67934],[-79.59204,43.6741],[-79.59089,43.67242],[-79.58901,43.67089],[-79.58729,43.67014],[-79.58521,43.66994],[-79.57863,43.67104],[-79.57552,43.66986],[-79.57334,43.66709],[-79.56946,43.65731],[-79.56529,43.64875],[-79.56488,43.64714],[-79.56555,43.64611],[-79.56541,43.64557],[-79.56494,43.64513],[-79.55998,43.6463],[-79.55706,43.64012],[-79.5572,43.63819],[-79.5567,43.63692],[-79.54062,43.64064],[-79.53915,43.63895],[-79.5376,43.63831],[-79.53647,43.63708],[-79.53394,43.63939],[-79.53481,43.64044],[-79.53239,43.64135],[-79.53241,43.64264],[-79.49976,43.64997],[-79.49573,43.64967],[-79.4896,43.64776],[-79.487,43.64783],[-79.48356,43.64955],[-79.38055,43.6716],[-79.37615,43.67247],[-79.37092,43.67193],[-79.3663,43.67476],[-79.33781,43.68031],[-79.27728,43.69364],[-79.26705,43.70871],[-79.26255,43.71195],[-79.25931,43.71797],[-79.25395,43.72482],[-79.25143,43.72986],[-79.24737,43.73517],[-79.24807,43.73669],[-79.26609,43.73294],[-79.26342,43.73349],[-79.26319,43.73308],[-79.26454,43.73276],[-79.2643,43.73148],[-79.26261,43.73139],[-79.26298,43.73208],[-79.26373,43.73188]]},"properties":{"agency":"TTC","agency_id":"ttc","route_name":"300","route_long_name":"Bloor-Danforth","route_type":"Bus","color":"#888888","transit_category":"ttc_other"}},{"type":"Feature","geometry":{"type":"LineString","coordinates":[[-79.4787,43.63097],[-79.4783,43.63091],[-79.47822,43.632],[-79.47662,43.6326],[-79.47168,43.63672],[-79.46117,43.63927],[-79.45259,43.6397],[-79.44671,43.63861],[-79.38496,43.65122],[-79.38411,43.64919],[-79.37495,43.65118],[-79.37577,43.65317],[-79.30223,43.66956],[-79.28133,43.67369]]},"properties":{"agency":"TTC","agency_id":"ttc","route_name":"301","route_long_name":"Queen","route_type":"Streetcar","color":"#888888","transit_category":"ttc_other"}},{"type":"Feature","geometry":{"type":"LineString","coordinates":[[-79.45358,43.65671],[-79.45392,43.65703],[-79.45271,43.65729],[-79.45139,43.65235],[-79.44622,43.63871],[-79.44078,43.63646],[-79.38358,43.64792],[-79.36424,43.65216],[-79.35496,43.65774],[-79.34985,43.65888],[-79.35343,43.66742],[-79.35303,43.66945],[-79.35892,43.67631],[-79.35796,43.67743]]},"properties":{"agency":"TTC","agency_id":"ttc","route_name":"304","route_long_name":"King","route_type":"Streetcar","color":"#888888","transit_category":"ttc_other"}},{"type":"Feature","geometry":{"type":"LineString","coordinates":[[-79.35835,43.67695],[-79.35795,43.67743],[-79.35864,43.67751],[-79.35886,43.67619],[-79.35302,43.66944],[-79.35341,43.66741],[-79.35135,43.66246],[-79.37213,43.65825],[-79.37345,43.6573],[-79.37713,43.65649],[-79.37887,43.65614],[-79.38035,43.65645],[-79.40373,43.65173],[-79.40559,43.65237],[-79.42077,43.64933],[-79.44205,43.65044],[-79.4468,43.65158],[-79.45157,43.65371],[-79.45262,43.657],[-79.45367,43.65675]]},"properties":{"agency":"TTC","agency_id":"ttc","route_name":"305","route_long_name":"Dundas","route_type":"Streetcar","color":"#888888","transit_category":"ttc_other"}},{"type":"Feature","geometry":{"type":"LineString","coordinates":[[-79.30227,43.68908],[-79.30101,43.68916],[-79.30211,43.68873],[-79.30016,43.68395],[-79.30812,43.68209],[-79.31191,43.68038],[-79.31678,43.67627],[-79.3203,43.67534],[-79.31931,43.67291],[-79.36704,43.66195],[-79.36798,43.66428],[-79.41506,43.65497],[-79.41971,43.65504],[-79.43879,43.65133],[-79.44102,43.65028],[-79.44809,43.65212],[-79.45503,43.6507],[-79.457,43.64971],[-79.45807,43.64778]]},"properties":{"agency":"TTC","agency_id":"ttc","route_name":"306","route_long_name":"Carlton","route_type":"Streetcar","color":"#888888","transit_category":"ttc_other"}},{"type":"Feature","geometry":{"type":"LineString","coordinates":[[-79.41122,43.66671],[-79.41094,43.66589],[-79.41144,43.66571],[-79.4256,43.70111],[-79.43338,43.73487],[-79.44662,43.78811],[-79.44659,43.78895],[-79.44539,43.79069],[-79.44574,43.7924],[-79.44104,43.79345],[-79.44062,43.79246],[-79.44304,43.79107],[-79.4451,43.79083]]},"properties":{"agency":"TTC","agency_id":"ttc","route_name":"307","route_long_name":"Bathurst","route_type":"Bus","color":"#888888","transit_category":"ttc_other"}},{"type":"Feature","geometry":{"type":"LineString","coordinates":[[-79.37912,43.6456],[-79.37684,43.64115],[-79.3804,43.6399],[-79.39491,43.63723],[-79.39836,43.63567],[-79.39972,43.63663],[-79.40373,43.6359],[-79.4069,43.6364],[-79.41039,43.63624],[-79.41319,43.63725],[-79.41838,43.63576],[-79.41376,43.63685]]},"properties":{"agency":"TTC","agency_id":"ttc","route_name":"309","route_long_name":"Harbourfront","route_type":"Bus","color":"#888888","transit_category":"ttc_other"}},{"type":"Feature","geometry":{"type":"LineString","coordinates":[[-79.31149,43.66799],[-79.31126,43.66753],[-79.31259,43.66724],[-79.31309,43.66622],[-79.31807,43.66505],[-79.31974,43.66376],[-79.32946,43.66154],[-79.33021,43.66323],[-79.32529,43.66439],[-79.33237,43.68148],[-79.32977,43.68205],[-79.33051,43.68276]]},"properties":{"agency":"TTC","agency_id":"ttc","route_name":"31","route_long_name":"Greenwood","route_type":"Bus","color":"#888888","transit_category":"ttc_other"}},{"type":"Feature","geometry":{"type":"LineString","coordinates":[[-79.37912,43.6456],[-79.37684,43.64115],[-79.3804,43.6399],[-79.39189,43.63765],[-79.40047,43.65897],[-79.39995,43.65989],[-79.40103,43.66037],[-79.40355,43.66634],[-79.40276,43.66701],[-79.40313,43.66734]]},"properties":{"agency":"TTC","agency_id":"ttc","route_name":"310","route_long_name":"Spadina","route_type":"Streetcar","color":"#888888","transit_category":"ttc_other"}},{"type":"Feature","geometry":{"type":"LineString","coordinates":[[-79.4152,43.68472],[-79.41583,43.68455],[-79.41533,43.68375],[-79.42022,43.68277],[-79.41748,43.68105],[-79.39972,43.63663],[-79.40373,43.6359],[-79.4069,43.6364],[-79.41039,43.63624],[-79.41319,43.63725],[-79.41838,43.63576],[-79.41376,43.63685]]},"properties":{"agency":"TTC","agency_id":"ttc","route_name":"311","route_long_name":"Bathurst","route_type":"Bus","color":"#888888","transit_category":"ttc_other"}},{"type":"Feature","geometry":{"type":"LineString","coordinates":[[-79.39263,43.68776],[-79.39141,43.68807],[-79.39148,43.68864],[-79.4301,43.68079],[-79.47112,43.67178],[-79.47151,43.67232],[-79.47186,43.67182]]},"properties":{"agency":"TTC","agency_id":"ttc","route_name":"312","route_long_name":"St Clair","route_type":"Streetcar","color":"#888888","transit_category":"ttc_other"}},{"type":"Feature","geometry":{"type":"LineString","coordinates":[[-79.54348,43.59216],[-79.54391,43.59184],[-79.5386,43.59328],[-79.54114,43.59321],[-79.54255,43.59576],[-79.54828,43.60893],[-79.54849,43.6115],[-79.54737,43.61185],[-79.54738,43.61124],[-79.54857,43.61073],[-79.55865,43.60834],[-79.5602,43.60956],[-79.5598,43.61005],[-79.55686,43.61015],[-79.55641,43.60898],[-79.52747,43.61551],[-79.51189,43.61825],[-79.50039,43.62101],[-79.50704,43.63694],[-79.5085,43.63895],[-79.50875,43.64085],[-79.51174,43.64825],[-79.51107,43.64812]]},"properties":{"agency":"TTC","agency_id":"ttc","route_name":"315","route_long_name":"Evans-Brown's Line","route_type":"Bus","color":"#888888","transit_category":"ttc_other"}},{"type":"Feature","geometry":{"type":"LineString","coordinates":[[-79.27517,43.83235],[-79.27556,43.83248],[-79.27501,43.8297],[-79.27589,43.82744],[-79.27579,43.82646],[-79.26911,43.81142],[-79.26682,43.80884],[-79.25884,43.78962],[-79.25728,43.78739],[-79.24555,43.7566],[-79.24438,43.75272],[-79.24476,43.74435],[-79.2456,43.73839],[-79.24616,43.7371],[-79.24808,43.7367],[-79.24036,43.71823],[-79.24819,43.71112],[-79.25277,43.70395],[-79.2549,43.70175],[-79.2561,43.69866],[-79.25793,43.69638],[-79.26314,43.69243],[-79.26796,43.68972],[-79.27857,43.68254],[-79.28292,43.68098],[-79.28507,43.68072],[-79.28536,43.6814],[-79.28438,43.6816]]},"properties":{"agency":"TTC","agency_id":"ttc","route_name":"316","route_long_name":"Kingston Rd-McCowan","route_type":"Bus","color":"#888888","transit_category":"ttc_other"}},{"type":"Feature","geometry":{"type":"LineString","coordinates":[[-79.58999,43.66403],[-79.59328,43.66133],[-79.58879,43.66496],[-79.58783,43.66685],[-79.58666,43.66688],[-79.58594,43.66844],[-79.58476,43.66945],[-79.57216,43.67154],[-79.56736,43.67399],[-79.56121,43.6748],[-79.52287,43.68313],[-79.51405,43.68353],[-79.50696,43.68466],[-79.50089,43.68403],[-79.48827,43.68725],[-79.48459,43.68798],[-79.48446,43.68734],[-79.48528,43.68704],[-79.48621,43.68764],[-79.48707,43.68746],[-79.48621,43.68764],[-79.4864,43.68858],[-79.48805,43.68833],[-79.48907,43.68891],[-79.48676,43.68887]]},"properties":{"agency":"TTC","agency_id":"ttc","route_name":"32","route_long_name":"Eglinton West","route_type":"Bus","color":"#888888","transit_category":"ttc_other"}},{"type":"Feature","geometry":{"type":"LineString","coordinates":[[-79.3747,43.64192],[-79.39481,43.68973],[-79.40218,43.7251],[-79.4081,43.74979],[-79.40821,43.75299],[-79.41033,43.75905],[-79.42007,43.79799],[-79.41768,43.79854],[-79.4176,43.79822],[-79.41801,43.79847]]},"properties":{"agency":"TTC","agency_id":"ttc","route_name":"320","route_long_name":"Yonge","route_type":"Bus","color":"#888888","transit_category":"ttc_other"}},{"type":"Feature","geometry":{"type":"LineString","coordinates":[[-79.28453,43.6816],[-79.28535,43.6814],[-79.28505,43.68071],[-79.29324,43.68],[-79.30046,43.6784],[-79.3045,43.67673],[-79.31005,43.67198],[-79.31275,43.66644],[-79.3162,43.66549],[-79.32801,43.69413],[-79.34168,43.69117],[-79.34266,43.69061],[-79.35406,43.68839],[-79.35525,43.68854],[-79.35864,43.67751],[-79.35795,43.67743]]},"properties":{"agency":"TTC","agency_id":"ttc","route_name":"322","route_long_name":"Coxwell","route_type":"Bus","color":"#888888","transit_category":"ttc_other"}},{"type":"Feature","geometry":{"type":"LineString","coordinates":[[-79.28536,43.6814],[-79.28437,43.68159],[-79.30934,43.74091],[-79.31523,43.75786],[-79.323,43.77524],[-79.30789,43.77872],[-79.31616,43.79769],[-79.31847,43.80093],[-79.32435,43.81371],[-79.3247,43.81515],[-79.3243,43.81884],[-79.32488,43.82126],[-79.32519,43.82123],[-79.32485,43.82088]]},"properties":{"agency":"TTC","agency_id":"ttc","route_name":"324","route_long_name":"Victoria Park","route_type":"Bus","color":"#888888","transit_category":"ttc_other"}},{"type":"Feature","geometry":{"type":"LineString","coordinates":[[-79.33001,43.65601],[-79.33155,43.6572],[-79.33169,43.65668],[-79.33022,43.65487],[-79.33554,43.65261],[-79.33773,43.65538],[-79.34401,43.67075],[-79.34168,43.67126],[-79.35102,43.6951],[-79.34925,43.6972],[-79.35152,43.70103],[-79.35283,43.70191],[-79.34986,43.705],[-79.34401,43.7018],[-79.34328,43.70184],[-79.34121,43.70394],[-79.34282,43.70561],[-79.34361,43.70747],[-79.33438,43.70999],[-79.33856,43.71927],[-79.34724,43.75102],[-79.34722,43.76227],[-79.34631,43.77258],[-79.34873,43.77908],[-79.34834,43.7818],[-79.35,43.78376],[-79.35094,43.78575],[-79.35302,43.78734],[-79.35512,43.79422],[-79.35517,43.79658],[-79.35343,43.80155],[-79.35342,43.80286],[-79.35492,43.8052],[-79.35999,43.80983],[-79.36073,43.81117],[-79.35755,43.81188],[-79.35669,43.80989],[-79.359,43.80894]]},"properties":{"agency":"TTC","agency_id":"ttc","route_name":"325","route_long_name":"Don Mills","route_type":"Bus","color":"#888888","transit_category":"ttc_other"}},{"type":"Feature","geometry":{"type":"LineString","coordinates":[[-79.47166,43.78691],[-79.47008,43.78728],[-79.47011,43.78218],[-79.46511,43.76078],[-79.46501,43.75775],[-79.46303,43.74882],[-79.45428,43.74183],[-79.45507,43.74082],[-79.45246,43.73873],[-79.45194,43.73779],[-79.45191,43.73575],[-79.45285,43.73338],[-79.45891,43.73208],[-79.45073,43.69617],[-79.43535,43.65988],[-79.42664,43.63707],[-79.41834,43.63875],[-79.41534,43.6384],[-79.41087,43.63928],[-79.40964,43.63625],[-79.41339,43.63724],[-79.41838,43.63576],[-79.41376,43.63685]]},"properties":{"agency":"TTC","agency_id":"ttc","route_name":"329","route_long_name":"Dufferin","route_type":"Bus","color":"#888888","transit_category":"ttc_other"}},{"type":"Feature","geometry":{"type":"LineString","coordinates":[[-79.42314,43.70151],[-79.42556,43.70099],[-79.42636,43.70519],[-79.42397,43.70567],[-79.42325,43.70472],[-79.41737,43.70271],[-79.4191,43.70235],[-79.41791,43.70113],[-79.41116,43.68462],[-79.41559,43.68369],[-79.41593,43.68464],[-79.41521,43.68479],[-79.41503,43.68442]]},"properties":{"agency":"TTC","agency_id":"ttc","route_name":"33","route_long_name":"Forest Hill","route_type":"Bus","color":"#888888","transit_category":"ttc_other"}},{"type":"Feature","geometry":{"type":"LineString","coordinates":[[-79.23868,43.81868],[-79.23737,43.81897],[-79.23796,43.82039],[-79.23393,43.82115],[-79.23149,43.81542],[-79.22759,43.81626],[-79.2251,43.81114],[-79.21963,43.80783],[-79.21721,43.80434],[-79.21834,43.80008],[-79.21584,43.79386],[-79.21349,43.79111],[-79.20965,43.78898],[-79.20718,43.78701],[-79.20422,43.78092],[-79.20385,43.78103],[-79.20494,43.7826],[-79.19333,43.78534],[-79.17978,43.75321],[-79.18357,43.75101],[-79.20132,43.74706],[-79.203,43.7461],[-79.20437,43.74647],[-79.20481,43.74892],[-79.20594,43.74965],[-79.21165,43.74371],[-79.21376,43.74433],[-79.26609,43.73294],[-79.26342,43.73349],[-79.26319,43.73308],[-79.26454,43.73276],[-79.2643,43.73148],[-79.26265,43.73132],[-79.26298,43.73208],[-79.2643,43.73148],[-79.26454,43.73276],[-79.26319,43.73308],[-79.26369,43.73349],[-79.2712,43.73143],[-79.30197,43.72473],[-79.30541,43.7248],[-79.31554,43.72625],[-79.31906,43.72599],[-79.33034,43.72309],[-79.35416,43.7158],[-79.40027,43.70634],[-79.40009,43.70569],[-79.3986,43.7046],[-79.39864,43.70526],[-79.40009,43.70569],[-79.40027,43.70634],[-79.43645,43.69868],[-79.43629,43.69978],[-79.43572,43.69883],[-79.46304,43.69284],[-79.46537,43.69193],[-79.46942,43.69142],[-79.48459,43.68798],[-79.48439,43.68748],[-79.4849,43.68707],[-79.48604,43.68737],[-79.48643,43.6886],[-79.48805,43.68833],[-79.48896,43.68901],[-79.4863,43.68878],[-79.48644,43.68807],[-79.48558,43.6871],[-79.48439,43.68748],[-79.48459,43.68798],[-79.48952,43.68699],[-79.50034,43.68411],[-79.50696,43.68466],[-79.51405,43.68353],[-79.52287,43.68313],[-79.56121,43.6748],[-79.56766,43.6741],[-79.56819,43.67341],[-79.57216,43.67154],[-79.5814,43.67026],[-79.58564,43.66917],[-79.58752,43.66782],[-79.58869,43.66508],[-79.59145,43.66273]]},"properties":{"agency":"TTC","agency_id":"ttc","route_name":"334","route_long_name":"Eglinton","route_type":"Bus","color":"#888888","transit_category":"ttc_other"}},{"type":"Feature","geometry":{"type":"LineString","coordinates":[[-79.48468,43.64982],[-79.48318,43.65019],[-79.48297,43.64969],[-79.48448,43.64933],[-79.49756,43.68058],[-79.50038,43.68928],[-79.51773,43.75723],[-79.52171,43.77472],[-79.52174,43.77547],[-79.50896,43.7782],[-79.50826,43.77648],[-79.51034,43.77602],[-79.51033,43.77508],[-79.50642,43.77619],[-79.50491,43.77731],[-79.50261,43.77775],[-79.50138,43.77731],[-79.50065,43.77633]]},"properties":{"agency":"TTC","agency_id":"ttc","route_name":"335","route_long_name":"Jane","route_type":"Bus","color":"#888888","transit_category":"ttc_other"}},{"type":"Feature","geometry":{"type":"LineString","coordinates":[[-79.60356,43.71626],[-79.60322,43.71596],[-79.60346,43.71916],[-79.60998,43.72058],[-79.61259,43.7204],[-79.61309,43.72273],[-79.61446,43.72364],[-79.61555,43.72392],[-79.6193,43.72349],[-79.62066,43.72412],[-79.62211,43.72651],[-79.61975,43.72942],[-79.61998,43.73247],[-79.61945,43.73322],[-79.61821,43.73355],[-79.61773,43.73261],[-79.6162,43.73184],[-79.61353,43.7322],[-79.61099,43.73152],[-79.60914,43.73218],[-79.60808,43.73127],[-79.6049,43.7301],[-79.60573,43.72893],[-79.60435,43.72842],[-79.60413,43.72873],[-79.6055,43.72926],[-79.6049,43.7301],[-79.60361,43.72997],[-79.59676,43.7315],[-79.59353,43.73376],[-79.59495,43.73601],[-79.59023,43.73731],[-79.5888,43.74202],[-79.58746,43.74307],[-79.57958,43.74362],[-79.55877,43.74855],[-79.49491,43.76217],[-79.49188,43.76331],[-79.46071,43.77025],[-79.41454,43.77998],[-79.41531,43.78173],[-79.41445,43.78035]]},"properties":{"agency":"TTC","agency_id":"ttc","route_name":"336","route_long_name":"Finch West","route_type":"Bus","color":"#888888","transit_category":"ttc_other"}},{"type":"Feature","geometry":{"type":"LineString","coordinates":[[-79.50642,43.60049],[-79.50747,43.603],[-79.5063,43.60326],[-79.50656,43.60676],[-79.50849,43.61387],[-79.51108,43.61808],[-79.51339,43.62082],[-79.51477,43.62359],[-79.53162,43.66343],[-79.56802,43.74309],[-79.56861,43.74624],[-79.568,43.75041],[-79.56935,43.75657],[-79.57486,43.76434],[-79.5765,43.76431],[-79.57641,43.76397],[-79.57856,43.76327],[-79.58313,43.76046],[-79.5899,43.7596],[-79.58935,43.75848]]},"properties":{"agency":"TTC","agency_id":"ttc","route_name":"337","route_long_name":"Islington","route_type":"Bus","color":"#888888","transit_category":"ttc_other"}},{"type":"Feature","geometry":{"type":"LineString","coordinates":[[-79.22638,43.81361],[-79.22573,43.81221],[-79.22674,43.81197],[-79.22768,43.81228],[-79.22881,43.81371],[-79.23156,43.81335],[-79.23234,43.81524],[-79.23149,43.81542],[-79.23411,43.82119],[-79.23796,43.82039],[-79.23737,43.81897],[-79.23984,43.81841],[-79.2389,43.81627],[-79.23712,43.81421],[-79.28548,43.80392],[-79.33196,43.79295],[-79.335,43.79275],[-79.33968,43.79478],[-79.34365,43.79514],[-79.36625,43.79013],[-79.36951,43.78998],[-79.41742,43.77936]]},"properties":{"agency":"TTC","agency_id":"ttc","route_name":"339","route_long_name":"Finch East","route_type":"Bus","color":"#888888","transit_category":"ttc_other"}},{"type":"Feature","geometry":{"type":"LineString","coordinates":[[-79.26301,43.73254],[-79.2643,43.73221],[-79.26454,43.73276],[-79.26319,43.73308],[-79.26346,43.7335],[-79.26593,43.73308],[-79.26683,43.73247],[-79.2712,43.73143],[-79.30197,43.72473],[-79.30541,43.7248],[-79.31554,43.72625],[-79.31906,43.72599],[-79.33034,43.72309],[-79.35416,43.7158],[-79.40027,43.70634],[-79.40007,43.70568],[-79.3986,43.7046],[-79.39864,43.70526],[-79.40007,43.70568],[-79.40027,43.70634],[-79.43631,43.69871],[-79.43629,43.69978],[-79.43558,43.69887],[-79.4629,43.69288],[-79.46538,43.69194],[-79.46944,43.69143],[-79.48459,43.68798],[-79.48443,43.68739],[-79.48506,43.68704],[-79.48604,43.68737],[-79.48643,43.6886],[-79.48805,43.68833],[-79.489,43.68881]]},"properties":{"agency":"TTC","agency_id":"ttc","route_name":"34","route_long_name":"Eglinton","route_type":"Bus","color":"#888888","transit_category":"ttc_other"}},{"type":"Feature","geometry":{"type":"LineString","coordinates":[[-79.45376,43.65686],[-79.45266,43.6571],[-79.45383,43.66026],[-79.45643,43.66305],[-79.45963,43.6648],[-79.46229,43.6654],[-79.49119,43.66573],[-79.49177,43.66718],[-79.47112,43.67178],[-79.47125,43.67212],[-79.47154,43.6718]]},"properties":{"agency":"TTC","agency_id":"ttc","route_name":"340","route_long_name":"Junction","route_type":"Bus","color":"#888888","transit_category":"ttc_other"}},{"type":"Feature","geometry":{"type":"LineString","coordinates":[[-79.45932,43.65543],[-79.46029,43.65529],[-79.46762,43.67253],[-79.46305,43.67354],[-79.46406,43.67708],[-79.46546,43.67958],[-79.46767,43.68189],[-79.46915,43.68232],[-79.4716,43.68214],[-79.47542,43.69085],[-79.47425,43.69179],[-79.47444,43.69275],[-79.48217,43.72727],[-79.49205,43.76731],[-79.49464,43.76623],[-79.50133,43.76481],[-79.50103,43.76658],[-79.50249,43.77001],[-79.5064,43.76942],[-79.51135,43.77223],[-79.51092,43.77488],[-79.50642,43.77619],[-79.50491,43.77731],[-79.50217,43.77773],[-79.50052,43.77604]]},"properties":{"agency":"TTC","agency_id":"ttc","route_name":"341","route_long_name":"Keele","route_type":"Bus","color":"#888888","transit_category":"ttc_other"}},{"type":"Feature","geometry":{"type":"LineString","coordinates":[[-79.26261,43.73139],[-79.26298,43.73208],[-79.2643,43.73148],[-79.26454,43.73276],[-79.26319,43.73308],[-79.26349,43.73351],[-79.26792,43.73219],[-79.26806,43.73248],[-79.28684,43.78042],[-79.29548,43.7999],[-79.29783,43.80307],[-79.30705,43.82368],[-79.29732,43.82594],[-79.29717,43.82565]]},"properties":{"agency":"TTC","agency_id":"ttc","route_name":"343","route_long_name":"Kennedy","route_type":"Bus","color":"#888888","transit_category":"ttc_other"}},{"type":"Feature","geometry":{"type":"LineString","coordinates":[[-79.50964,43.7771],[-79.50836,43.77683],[-79.50896,43.7782],[-79.52174,43.77547],[-79.52143,43.77321],[-79.52512,43.77337],[-79.52885,43.77238],[-79.52988,43.77131],[-79.53004,43.76952],[-79.52884,43.76829],[-79.52818,43.76569],[-79.52672,43.76424],[-79.5256,43.76141],[-79.52441,43.76116],[-79.52194,43.76187],[-79.5206,43.76143],[-79.51882,43.76192],[-79.50775,43.71738],[-79.49882,43.68448],[-79.48828,43.68726],[-79.48459,43.68798],[-79.48446,43.68734],[-79.48558,43.6871],[-79.48643,43.6886],[-79.48805,43.68833],[-79.48907,43.68891],[-79.48676,43.68887]]},"properties":{"agency":"TTC","agency_id":"ttc","route_name":"35","route_long_name":"Jane","route_type":"Bus","color":"#888888","transit_category":"ttc_other"}},{"type":"Feature","geometry":{"type":"LineString","coordinates":[[-79.37737,43.72177],[-79.37512,43.72231],[-79.37537,43.72268],[-79.37805,43.72213],[-79.37876,43.72379],[-79.37948,43.7237],[-79.37982,43.72509],[-79.38162,43.72748],[-79.3867,43.72837],[-79.45858,43.71327],[-79.53273,43.69616],[-79.53426,43.69982],[-79.59115,43.68701],[-79.60692,43.68597],[-79.60778,43.68372],[-79.60493,43.68347],[-79.60247,43.68473],[-79.6021,43.68547],[-79.60292,43.68589],[-79.60901,43.68548],[-79.61427,43.6863],[-79.61532,43.68484],[-79.61519,43.6841],[-79.61264,43.68213],[-79.61111,43.68187]]},"properties":{"agency":"TTC","agency_id":"ttc","route_name":"352","route_long_name":"Lawrence West","route_type":"Bus","color":"#888888","transit_category":"ttc_other"}},{"type":"Feature","geometry":{"type":"LineString","coordinates":[[-79.23869,43.81869],[-79.23739,43.81898],[-79.23797,43.8204],[-79.23412,43.8212],[-79.2315,43.81543],[-79.22223,43.81719],[-79.22125,43.81772],[-79.22093,43.81848],[-79.22105,43.82059],[-79.21865,43.82326],[-79.21989,43.82438],[-79.22078,43.82625],[-79.22216,43.82706],[-79.22563,43.83412],[-79.22704,43.83402],[-79.23094,43.83537],[-79.23229,43.83892],[-79.2322,43.84106],[-79.37176,43.80865],[-79.47009,43.78728],[-79.51109,43.77772],[-79.51026,43.77507],[-79.50642,43.77619],[-79.50491,43.77731],[-79.50261,43.77775],[-79.50138,43.77731],[-79.50065,43.77633]]},"properties":{"agency":"TTC","agency_id":"ttc","route_name":"353","route_long_name":"Steeles","route_type":"Bus","color":"#888888","transit_category":"ttc_other"}},{"type":"Feature","geometry":{"type":"LineString","coordinates":[[-79.39851,43.70472],[-79.39879,43.70539],[-79.40009,43.70569],[-79.40027,43.70634],[-79.35416,43.7158],[-79.33625,43.72131],[-79.33655,43.72181],[-79.33786,43.7214],[-79.33649,43.72168],[-79.33649,43.72348],[-79.3396,43.72302],[-79.34344,43.73717],[-79.32566,43.74066],[-79.3128,43.74162],[-79.30853,43.74238],[-79.20708,43.76371],[-79.13003,43.78079],[-79.12278,43.78893],[-79.12302,43.78862]]},"properties":{"agency":"TTC","agency_id":"ttc","route_name":"354","route_long_name":"Lawrence East","route_type":"Bus","color":"#888888","transit_category":"ttc_other"}},{"type":"Feature","geometry":{"type":"LineString","coordinates":[[-79.49098,43.7659],[-79.49073,43.76441],[-79.49098,43.7659],[-79.48937,43.76634],[-79.48828,43.76409],[-79.41454,43.77999],[-79.41531,43.78173],[-79.41446,43.78021]]},"properties":{"agency":"TTC","agency_id":"ttc","route_name":"36","route_long_name":"Finch West","route_type":"Bus","color":"#888888","transit_category":"ttc_other"}},{"type":"Feature","geometry":{"type":"LineString","coordinates":[[-79.43649,43.69921],[-79.43653,43.69968],[-79.43604,43.69976],[-79.43566,43.69892],[-79.44278,43.69729],[-79.43377,43.6744],[-79.43097,43.67471],[-79.41888,43.64419],[-79.41629,43.64472],[-79.41501,43.64143],[-79.41196,43.64203],[-79.40962,43.63625],[-79.41339,43.63724],[-79.41836,43.63571],[-79.41376,43.63685]]},"properties":{"agency":"TTC","agency_id":"ttc","route_name":"363","route_long_name":"Ossington","route_type":"Bus","color":"#888888","transit_category":"ttc_other"}},{"type":"Feature","geometry":{"type":"LineString","coordinates":[[-79.36881,43.67368],[-79.36963,43.67353],[-79.3694,43.67294],[-79.3709,43.67148],[-79.36104,43.64774],[-79.36198,43.64641],[-79.36782,43.64434],[-79.36744,43.64377],[-79.36534,43.64453],[-79.36553,43.64498]]},"properties":{"agency":"TTC","agency_id":"ttc","route_name":"365","route_long_name":"Parliament","route_type":"Bus","color":"#888888","transit_category":"ttc_other"}},{"type":"Feature","geometry":{"type":"LineString","coordinates":[[-79.60573,43.72893],[-79.60435,43.72842],[-79.60413,43.72873],[-79.6055,43.72926],[-79.60492,43.73011],[-79.60809,43.73128],[-79.60915,43.73219],[-79.611,43.73153],[-79.61354,43.73221],[-79.61637,43.73187],[-79.61868,43.73351],[-79.61999,43.73248],[-79.61986,43.7292],[-79.62181,43.72745],[-79.62222,43.72617],[-79.62149,43.72465],[-79.61987,43.72362],[-79.61535,43.72391],[-79.61348,43.72308],[-79.61259,43.7204],[-79.60998,43.72058],[-79.60346,43.71916],[-79.60334,43.7159],[-79.60326,43.7221],[-79.60045,43.72305],[-79.59649,43.72277],[-79.59541,43.7223],[-79.59269,43.71747],[-79.59261,43.71652],[-79.57055,43.71139],[-79.56791,43.7114],[-79.55968,43.71331],[-79.55873,43.71619],[-79.55597,43.71694],[-79.54286,43.68861],[-79.52381,43.6455],[-79.52096,43.64616],[-79.5196,43.64618],[-79.51898,43.64567],[-79.52453,43.6444],[-79.52373,43.64489],[-79.52475,43.64474]]},"properties":{"agency":"TTC","agency_id":"ttc","route_name":"37","route_long_name":"Islington","route_type":"Bus","color":"#888888","transit_category":"ttc_other"}},{"type":"Feature","geometry":{"type":"LineString","coordinates":[[-79.13035,43.78075],[-79.12994,43.78095],[-79.13666,43.77959],[-79.1409,43.78965],[-79.16237,43.78493],[-79.16636,43.78269],[-79.16873,43.78453],[-79.17294,43.78187],[-79.18146,43.78341],[-79.1849,43.78495],[-79.18546,43.78415],[-79.18475,43.78488],[-79.1883,43.78657],[-79.25149,43.77213],[-79.25257,43.77543],[-79.26243,43.77334],[-79.26133,43.77007],[-79.27553,43.76714],[-79.27514,43.76686],[-79.27111,43.76792],[-79.26446,43.74969],[-79.2581,43.73453],[-79.2661,43.73294],[-79.26342,43.73349],[-79.26295,43.73239],[-79.26419,43.73199],[-79.2643,43.73148],[-79.26261,43.73139],[-79.26298,43.73208],[-79.26373,43.73188]]},"properties":{"agency":"TTC","agency_id":"ttc","route_name":"38","route_long_name":"Highland Creek","route_type":"Bus","color":"#888888","transit_category":"ttc_other"}},{"type":"Feature","geometry":{"type":"LineString","coordinates":[[-79.4125,43.76189],[-79.41182,43.76154],[-79.43698,43.75568],[-79.46395,43.75013],[-79.46563,43.75045],[-79.46989,43.75417],[-79.47295,43.75537],[-79.47517,43.75547],[-79.48096,43.75415],[-79.48238,43.75329],[-79.48289,43.75239],[-79.4828,43.74682],[-79.48459,43.74515],[-79.51037,43.73952],[-79.51296,43.73945],[-79.53822,43.73374],[-79.54652,43.77031],[-79.57655,43.76416]]},"properties":{"agency":"TTC","agency_id":"ttc","route_name":"384","route_long_name":"Sheppard West","route_type":"Bus","color":"#888888","transit_category":"ttc_other"}},{"type":"Feature","geometry":{"type":"LineString","coordinates":[[-79.13035,43.78075],[-79.12994,43.78095],[-79.13162,43.7807],[-79.13889,43.79809],[-79.14074,43.79761],[-79.14216,43.79635],[-79.1435,43.79593],[-79.1445,43.79749],[-79.14667,43.79927],[-79.15523,43.80285],[-79.16559,43.80885],[-79.16725,43.80915],[-79.28622,43.78373],[-79.32442,43.77492],[-79.32771,43.7747],[-79.34188,43.77618],[-79.36107,43.77202],[-79.36825,43.77103],[-79.41176,43.76132],[-79.41269,43.76172],[-79.41187,43.76186]]},"properties":{"agency":"TTC","agency_id":"ttc","route_name":"385","route_long_name":"Sheppard East","route_type":"Bus","color":"#888888","transit_category":"ttc_other"}},{"type":"Feature","geometry":{"type":"LineString","coordinates":[[-79.17087,43.80912],[-79.17136,43.80938],[-79.1662,43.79946],[-79.16213,43.78875],[-79.16908,43.78422],[-79.16928,43.782],[-79.17244,43.77764],[-79.17418,43.77601],[-79.17652,43.77507],[-79.1831,43.77404],[-79.18437,43.77329],[-79.21165,43.74371],[-79.21376,43.74433],[-79.26609,43.73294],[-79.26342,43.73349],[-79.26295,43.73239],[-79.26419,43.73199],[-79.2643,43.73148],[-79.26265,43.73132],[-79.2631,43.73208]]},"properties":{"agency":"TTC","agency_id":"ttc","route_name":"386","route_long_name":"Scarborough","route_type":"Bus","color":"#888888","transit_category":"ttc_other"}},{"type":"Feature","geometry":{"type":"LineString","coordinates":[[-79.41516,43.78107],[-79.41521,43.78175],[-79.41454,43.77998],[-79.36951,43.78998],[-79.36625,43.79013],[-79.34365,43.79514],[-79.33968,43.79478],[-79.335,43.79275],[-79.33196,43.79295],[-79.28548,43.80392],[-79.22128,43.81765],[-79.22106,43.81969],[-79.21801,43.81996],[-79.21506,43.81876],[-79.20193,43.82205],[-79.20069,43.8196],[-79.20524,43.81889],[-79.20573,43.81999]]},"properties":{"agency":"TTC","agency_id":"ttc","route_name":"39","route_long_name":"Finch East","route_type":"Bus","color":"#888888","transit_category":"ttc_other"}},{"type":"Feature","geometry":{"type":"LineString","coordinates":[[-79.40593,43.74553],[-79.4053,43.74518],[-79.40522,43.74432],[-79.40191,43.74424],[-79.38414,43.74805],[-79.38065,43.74934],[-79.36348,43.7529],[-79.35996,43.75295],[-79.33943,43.75744],[-79.32498,43.76129],[-79.32198,43.76011],[-79.31854,43.75776],[-79.31523,43.75786],[-79.28175,43.76567],[-79.22334,43.77828],[-79.15562,43.79435],[-79.1546,43.79358],[-79.14622,43.79892],[-79.1506,43.80091],[-79.15084,43.80041],[-79.15,43.79854],[-79.15027,43.79801],[-79.14917,43.79705]]},"properties":{"agency":"TTC","agency_id":"ttc","route_name":"395","route_long_name":"York Mills","route_type":"Bus","color":"#888888","transit_category":"ttc_other"}},{"type":"Feature","geometry":{"type":"LineString","coordinates":[[-79.40622,43.74514],[-79.40649,43.74544],[-79.40535,43.74523],[-79.40522,43.74432],[-79.41443,43.74147],[-79.42965,43.73779],[-79.43399,43.73735],[-79.46128,43.73189],[-79.47933,43.72778],[-79.48369,43.72627],[-79.53266,43.71572],[-79.54407,43.71941],[-79.54522,43.72092],[-79.55056,43.72509],[-79.561,43.72287],[-79.56444,43.72435],[-79.56629,43.7275],[-79.56946,43.72664],[-79.56932,43.72784],[-79.57246,43.72889],[-79.57638,43.72741],[-79.5823,43.72703],[-79.58671,43.72602],[-79.60046,43.75465],[-79.60337,43.75785],[-79.60831,43.7565],[-79.60786,43.75675]]},"properties":{"agency":"TTC","agency_id":"ttc","route_name":"396","route_long_name":"Wilson","route_type":"Bus","color":"#888888","transit_category":"ttc_other"}},{"type":"Feature","geometry":{"type":"LineString","coordinates":[[-79.45329,43.65697],[-79.45266,43.6571],[-79.45379,43.66019],[-79.45643,43.66305],[-79.45921,43.66468],[-79.46175,43.66534],[-79.49699,43.66577],[-79.49956,43.66545],[-79.50181,43.66476],[-79.50719,43.66192],[-79.52209,43.65612],[-79.52875,43.64877],[-79.52551,43.6472],[-79.52806,43.64525],[-79.53055,43.64677],[-79.53349,43.64356],[-79.5323,43.64245],[-79.53234,43.64142],[-79.53482,43.64044],[-79.53461,43.63993],[-79.5352,43.6397],[-79.53455,43.63891],[-79.53663,43.63713],[-79.53464,43.63851]]},"properties":{"agency":"TTC","agency_id":"ttc","route_name":"40","route_long_name":"Junction-Dundas West","route_type":"Bus","color":"#888888","transit_category":"ttc_other"}},{"type":"Feature","geometry":{"type":"LineString","coordinates":[[-79.48674,43.72386],[-79.49098,43.72318],[-79.49098,43.72279],[-79.49067,43.7223],[-79.48159,43.72444],[-79.48072,43.72051],[-79.48212,43.7202],[-79.48121,43.71742],[-79.48012,43.71787],[-79.47806,43.70866],[-79.47456,43.70972],[-79.47435,43.70885],[-79.47717,43.70839],[-79.47706,43.70782],[-79.47785,43.7076],[-79.47806,43.70866],[-79.47661,43.70927],[-79.45475,43.71409],[-79.45443,43.71271],[-79.45577,43.71239],[-79.4556,43.71186],[-79.45627,43.7115],[-79.45604,43.71039],[-79.45664,43.71047],[-79.45402,43.71081],[-79.45475,43.71409],[-79.44356,43.71624],[-79.44339,43.71569],[-79.44468,43.71545],[-79.44498,43.71594],[-79.44841,43.71521],[-79.44891,43.71726],[-79.44663,43.71765],[-79.44684,43.71819],[-79.44906,43.71788],[-79.44823,43.71911],[-79.44691,43.71888],[-79.44391,43.71948],[-79.44275,43.71699],[-79.44391,43.71948],[-79.44193,43.71948],[-79.44102,43.72013],[-79.43842,43.71872],[-79.43769,43.7175],[-79.43116,43.71893],[-79.43155,43.72001],[-79.4326,43.71975],[-79.43211,43.71871],[-79.43297,43.71849],[-79.43367,43.7202],[-79.43246,43.72047],[-79.43295,43.72178],[-79.43261,43.7225],[-79.43066,43.72308],[-79.43216,43.72963],[-79.43417,43.72921],[-79.43421,43.72967],[-79.43417,43.72921],[-79.43216,43.72963],[-79.43301,43.73318],[-79.43902,43.73181],[-79.44035,43.73106],[-79.44126,43.72949],[-79.44089,43.72837],[-79.43952,43.72869],[-79.44089,43.72837],[-79.44125,43.72955],[-79.44035,43.73106],[-79.43884,43.73188],[-79.43824,43.73028],[-79.4326,43.7315],[-79.43412,43.73788],[-79.43275,43.73798]]},"properties":{"agency":"TTC","agency_id":"ttc","route_name":"400","route_long_name":"Lawrence Manor","route_type":"Bus","color":"#888888","transit_category":"ttc_other"}},{"type":"Feature","geometry":{"type":"LineString","coordinates":[[-79.43492,43.65573],[-79.43415,43.65597],[-79.4346,43.65705],[-79.43515,43.65702],[-79.43431,43.65712],[-79.43537,43.65988],[-79.44777,43.6573],[-79.44794,43.65772],[-79.44662,43.65824],[-79.44811,43.65815],[-79.44777,43.6573],[-79.45245,43.65632],[-79.45266,43.65709],[-79.45384,43.6568],[-79.45261,43.65688],[-79.45159,43.65371],[-79.44681,43.65159],[-79.43973,43.65017],[-79.43915,43.64697],[-79.43667,43.64058],[-79.44691,43.63859],[-79.45131,43.63934],[-79.45126,43.64147],[-79.45089,43.64166],[-79.44967,43.64188],[-79.44842,43.63878],[-79.44691,43.63859],[-79.43541,43.64084],[-79.43594,43.64217],[-79.43541,43.64084],[-79.43315,43.6413],[-79.43187,43.63802],[-79.42914,43.63858],[-79.42758,43.63452],[-79.43174,43.63368],[-79.43249,43.63566]]},"properties":{"agency":"TTC","agency_id":"ttc","route_name":"402","route_long_name":"Parkdale","route_type":"Bus","color":"#888888","transit_category":"ttc_other"}},{"type":"Feature","geometry":{"type":"LineString","coordinates":[[-79.34363,43.70747],[-79.34796,43.70643],[-79.34988,43.70501],[-79.34339,43.70181],[-79.34122,43.70395],[-79.34283,43.70562],[-79.34363,43.70747],[-79.33136,43.7107],[-79.33024,43.71164],[-79.3328,43.71473],[-79.33498,43.71475],[-79.33419,43.71493],[-79.33393,43.7157],[-79.33038,43.71657],[-79.33141,43.71836],[-79.33732,43.71655],[-79.33857,43.71928],[-79.34086,43.72766],[-79.33519,43.73126],[-79.33304,43.73006],[-79.33213,43.73051],[-79.33227,43.73102],[-79.33318,43.73134],[-79.33451,43.73089],[-79.33519,43.73126],[-79.34086,43.72766],[-79.34211,43.73222],[-79.34062,43.73273],[-79.33996,43.73363],[-79.34098,43.7377],[-79.34655,43.73651],[-79.34642,43.73583],[-79.34818,43.73461],[-79.34673,43.73301],[-79.34762,43.73252],[-79.34427,43.73432],[-79.34348,43.7344],[-79.34312,43.73366]]},"properties":{"agency":"TTC","agency_id":"ttc","route_name":"403","route_long_name":"South Don Mills","route_type":"Bus","color":"#888888","transit_category":"ttc_other"}},{"type":"Feature","geometry":{"type":"LineString","coordinates":[[-79.32298,43.68437],[-79.32397,43.68417],[-79.32657,43.69059],[-79.32201,43.69114],[-79.31585,43.6928],[-79.31868,43.69927],[-79.31743,43.69951],[-79.31711,43.69885],[-79.31656,43.69889],[-79.31565,43.69683],[-79.3111,43.6972],[-79.31188,43.69833],[-79.3111,43.6972],[-79.30974,43.69745],[-79.30916,43.69651],[-79.30577,43.69702],[-79.30477,43.69483],[-79.30117,43.6956],[-79.30008,43.69315],[-79.29723,43.69354],[-79.29739,43.6952],[-79.29828,43.69545],[-79.29739,43.6952],[-79.29693,43.70226],[-79.29901,43.70185],[-79.29998,43.70413],[-79.29708,43.70593],[-79.29832,43.70864],[-79.29636,43.70884],[-79.29509,43.70675],[-79.29684,43.7035],[-79.29731,43.69652],[-79.29575,43.69647],[-79.29438,43.69541],[-79.29311,43.69517],[-79.29048,43.69655],[-79.28902,43.69287],[-79.28805,43.69307],[-79.28878,43.69439],[-79.2896,43.6943],[-79.28836,43.69123],[-79.29028,43.69079],[-79.28989,43.68997],[-79.28792,43.69018],[-79.28658,43.6869],[-79.28515,43.68721],[-79.28563,43.68813],[-79.287,43.68794],[-79.28406,43.68081],[-79.29325,43.68001],[-79.29452,43.67972],[-79.29441,43.67888],[-79.29555,43.67861],[-79.29587,43.67938],[-79.29283,43.68008],[-79.28275,43.68103],[-79.28242,43.68032]]},"properties":{"agency":"TTC","agency_id":"ttc","route_name":"404","route_long_name":"East York","route_type":"Bus","color":"#888888","transit_category":"ttc_other"}},{"type":"Feature","geometry":{"type":"LineString","coordinates":[[-79.55281,43.68138],[-79.55171,43.67894],[-79.55775,43.6773],[-79.55801,43.67642],[-79.55705,43.67459],[-79.55559,43.67428],[-79.55705,43.67459],[-79.55767,43.67562],[-79.54489,43.67854],[-79.54579,43.68076],[-79.54489,43.67854],[-79.53901,43.67983],[-79.54673,43.69705],[-79.53427,43.69982],[-79.52817,43.68587],[-79.52498,43.68656],[-79.52741,43.68415],[-79.51728,43.68643],[-79.51315,43.68685],[-79.51248,43.68551],[-79.52002,43.68373],[-79.51248,43.68551],[-79.51071,43.68308],[-79.51148,43.68271],[-79.51128,43.682],[-79.51185,43.68095],[-79.51356,43.6809],[-79.51447,43.68271],[-79.51884,43.68231],[-79.51912,43.68294],[-79.52084,43.68283],[-79.52121,43.68334],[-79.51405,43.68353],[-79.50723,43.68465],[-79.50422,43.68438],[-79.50405,43.68506],[-79.5045,43.68542],[-79.50788,43.68529],[-79.50873,43.68575],[-79.50825,43.68698],[-79.50509,43.68762],[-79.50401,43.68887],[-79.50465,43.68883],[-79.50483,43.68955],[-79.50606,43.68927],[-79.50631,43.68973],[-79.50938,43.68943],[-79.50777,43.6895]]},"properties":{"agency":"TTC","agency_id":"ttc","route_name":"405","route_long_name":"Etobicoke","route_type":"Bus","color":"#888888","transit_category":"ttc_other"}},{"type":"Feature","geometry":{"type":"LineString","coordinates":[[-79.2562,43.77469],[-79.26113,43.77361],[-79.26107,43.77496],[-79.2619,43.77576],[-79.26121,43.7774],[-79.25973,43.77691],[-79.25773,43.77762],[-79.25749,43.77709],[-79.25655,43.77838],[-79.25544,43.77849],[-79.25725,43.77885],[-79.26106,43.77765],[-79.2619,43.77576],[-79.26107,43.77496],[-79.26075,43.77198],[-79.2593,43.77156],[-79.25619,43.7722],[-79.25633,43.7729],[-79.25662,43.77282],[-79.25619,43.7722],[-79.25388,43.7727],[-79.25325,43.77328],[-79.25355,43.7744],[-79.25224,43.77457],[-79.25175,43.77331],[-79.25042,43.77365],[-79.25062,43.77396],[-79.25175,43.77331],[-79.24896,43.76542],[-79.24269,43.76602],[-79.23846,43.76767],[-79.23742,43.76943],[-79.23473,43.7714],[-79.23152,43.77328],[-79.22919,43.77387],[-79.22739,43.77517],[-79.22595,43.7752],[-79.2236,43.77347],[-79.22121,43.77261],[-79.21995,43.77004],[-79.21868,43.76981],[-79.21587,43.76263],[-79.21494,43.76236],[-79.21543,43.76212],[-79.21587,43.76263],[-79.21579,43.76087],[-79.21428,43.75732],[-79.20872,43.75853],[-79.20776,43.75761],[-79.20696,43.7578],[-79.20776,43.75761],[-79.20872,43.75853],[-79.21428,43.75732],[-79.21357,43.7556],[-79.21492,43.75521],[-79.21477,43.75491],[-79.21749,43.755],[-79.21357,43.7556],[-79.21136,43.7514],[-79.20935,43.746],[-79.20596,43.74966],[-79.20481,43.74892],[-79.2045,43.74673],[-79.20399,43.7462],[-79.203,43.7461],[-79.2014,43.74703],[-79.20095,43.74671],[-79.20001,43.74695],[-79.20022,43.7473],[-79.20001,43.74695],[-79.20095,43.74671],[-79.20122,43.74708],[-79.19924,43.74751],[-79.20164,43.75312],[-79.19725,43.75453],[-79.19758,43.75473]]},"properties":{"agency":"TTC","agency_id":"ttc","route_name":"406","route_long_name":"Scarborough-Guildwood","route_type":"Bus","color":"#888888","transit_category":"ttc_other"}},{"type":"Feature","geometry":{"type":"LineString","coordinates":[[-79.50964,43.7771],[-79.50826,43.77648],[-79.51034,43.77602],[-79.51033,43.77508],[-79.50642,43.77619],[-79.5047,43.77737],[-79.50235,43.77776],[-79.50094,43.77684],[-79.49831,43.77089],[-79.50249,43.77001],[-79.50103,43.76658],[-79.50133,43.76481],[-79.49464,43.76623],[-79.49205,43.76731],[-79.48217,43.72727],[-79.47444,43.69275],[-79.47425,43.69179],[-79.47542,43.69085],[-79.4716,43.68214],[-79.47675,43.68161],[-79.47071,43.67627],[-79.46942,43.67419],[-79.46788,43.67307],[-79.4604,43.65555],[-79.45927,43.65549],[-79.46026,43.65523],[-79.4604,43.65555]]},"properties":{"agency":"TTC","agency_id":"ttc","route_name":"41","route_long_name":"Keele","route_type":"Bus","color":"#888888","transit_category":"ttc_other"}},{"type":"Feature","geometry":{"type":"LineString","coordinates":[[-79.41485,43.78038],[-79.41509,43.78091],[-79.41581,43.7808],[-79.41734,43.78706],[-79.38155,43.79503],[-79.3782,43.79816],[-79.3729,43.79986],[-79.37145,43.80104],[-79.36979,43.8016],[-79.3685,43.80284],[-79.36562,43.80336],[-79.35946,43.79925],[-79.35608,43.79977],[-79.35295,43.79959],[-79.34953,43.80047],[-79.3465,43.80276],[-79.33493,43.80435],[-79.33177,43.80388],[-79.30845,43.80928],[-79.30294,43.81188],[-79.29174,43.81469],[-79.28833,43.81409],[-79.28477,43.81472],[-79.2604,43.82071],[-79.25917,43.82152],[-79.26005,43.82249],[-79.26143,43.82561],[-79.26187,43.82809],[-79.25345,43.82993],[-79.25155,43.82594],[-79.25143,43.82328]]},"properties":{"agency":"TTC","agency_id":"ttc","route_name":"42","route_long_name":"Cummer","route_type":"Bus","color":"#888888","transit_category":"ttc_other"}},{"type":"Feature","geometry":{"type":"LineString","coordinates":[[-79.26261,43.73139],[-79.26298,43.73208],[-79.2643,43.73148],[-79.26454,43.73276],[-79.26319,43.73308],[-79.26346,43.7335],[-79.26792,43.73219],[-79.27441,43.74788],[-79.28225,43.76941],[-79.2779,43.77047],[-79.27443,43.77263],[-79.2641,43.77509],[-79.26317,43.77527],[-79.26241,43.77333],[-79.25613,43.77492],[-79.25754,43.77437]]},"properties":{"agency":"TTC","agency_id":"ttc","route_name":"43","route_long_name":"Kennedy","route_type":"Bus","color":"#888888","transit_category":"ttc_other"}},{"type":"Feature","geometry":{"type":"LineString","coordinates":[[-79.51678,43.59423],[-79.5167,43.59394],[-79.51556,43.59451],[-79.51552,43.59488],[-79.52395,43.61489],[-79.5256,43.61739],[-79.52611,43.61955],[-79.53403,43.63844],[-79.53407,43.63997],[-79.53401,43.63924],[-79.53663,43.63713],[-79.53464,43.63851]]},"properties":{"agency":"TTC","agency_id":"ttc","route_name":"44","route_long_name":"Kipling South","route_type":"Bus","color":"#888888","transit_category":"ttc_other"}},{"type":"Feature","geometry":{"type":"LineString","coordinates":[[-79.60894,43.70133],[-79.61016,43.70416],[-79.60747,43.70422],[-79.60537,43.70301],[-79.60298,43.70331],[-79.60154,43.70161],[-79.60146,43.69974],[-79.59537,43.70113],[-79.59318,43.69783],[-79.56348,43.70483],[-79.53462,43.63996],[-79.5352,43.6397],[-79.53454,43.63891],[-79.53663,43.63713],[-79.53464,43.63851]]},"properties":{"agency":"TTC","agency_id":"ttc","route_name":"45","route_long_name":"Kipling","route_type":"Bus","color":"#888888","transit_category":"ttc_other"}},{"type":"Feature","geometry":{"type":"LineString","coordinates":[[-79.60834,43.75666],[-79.60337,43.75785],[-79.60004,43.75402],[-79.58941,43.73201],[-79.55948,43.66631],[-79.55481,43.6662],[-79.55237,43.66753],[-79.55139,43.66665],[-79.55105,43.66489],[-79.54813,43.66273],[-79.54654,43.65908],[-79.54322,43.65985],[-79.53461,43.63993],[-79.5352,43.6397],[-79.53455,43.63891],[-79.53663,43.63713],[-79.53449,43.63866]]},"properties":{"agency":"TTC","agency_id":"ttc","route_name":"46","route_long_name":"Martin Grove","route_type":"Bus","color":"#888888","transit_category":"ttc_other"}},{"type":"Feature","geometry":{"type":"LineString","coordinates":[[-79.43682,43.64099],[-79.43666,43.64058],[-79.43791,43.64032],[-79.43874,43.64245],[-79.43748,43.64271],[-79.43914,43.64696],[-79.43999,43.651],[-79.44421,43.66215],[-79.44498,43.66294],[-79.44855,43.6724],[-79.44908,43.67266],[-79.45059,43.6763],[-79.45476,43.67535],[-79.4622,43.69302],[-79.46568,43.69209]]},"properties":{"agency":"TTC","agency_id":"ttc","route_name":"47","route_long_name":"Lansdowne","route_type":"Bus","color":"#888888","transit_category":"ttc_other"}},{"type":"Feature","geometry":{"type":"LineString","coordinates":[[-79.59051,43.64527],[-79.58106,43.65102],[-79.53118,43.6624],[-79.53202,43.66428],[-79.5302,43.6647],[-79.52863,43.66464],[-79.52394,43.6631],[-79.52287,43.6632],[-79.51964,43.66595],[-79.51174,43.64825],[-79.51101,43.64827]]},"properties":{"agency":"TTC","agency_id":"ttc","route_name":"48","route_long_name":"Rathburn","route_type":"Bus","color":"#888888","transit_category":"ttc_other"}},{"type":"Feature","geometry":{"type":"LineString","coordinates":[[-79.57982,43.62928],[-79.58198,43.6305],[-79.58278,43.63279],[-79.58258,43.63361],[-79.58027,43.63635],[-79.57729,43.6343],[-79.57515,43.63203],[-79.5696,43.6339],[-79.54062,43.64064],[-79.53658,43.6371],[-79.53464,43.63851]]},"properties":{"agency":"TTC","agency_id":"ttc","route_name":"49","route_long_name":"Bloor West","route_type":"Bus","color":"#888888","transit_category":"ttc_other"}},{"type":"Feature","geometry":{"type":"LineString","coordinates":[[-79.58291,43.64056],[-79.58308,43.64024],[-79.57705,43.64236],[-79.53939,43.65097],[-79.53331,43.65031],[-79.52688,43.64788],[-79.52508,43.64838],[-79.52381,43.6455],[-79.52096,43.64616],[-79.5196,43.64618],[-79.51898,43.64567],[-79.52453,43.6444],[-79.52381,43.64487],[-79.52475,43.64474]]},"properties":{"agency":"TTC","agency_id":"ttc","route_name":"50","route_long_name":"Burnhamthorpe","route_type":"Bus","color":"#888888","transit_category":"ttc_other"}},{"type":"Feature","geometry":{"type":"LineString","coordinates":[[-79.4787,43.63097],[-79.4783,43.63091],[-79.47822,43.632],[-79.47662,43.6326],[-79.47168,43.63672],[-79.46117,43.63927],[-79.45259,43.6397],[-79.44671,43.63861],[-79.38496,43.65122],[-79.38411,43.64919],[-79.37495,43.65118],[-79.37577,43.65317],[-79.30223,43.66956],[-79.28133,43.67369]]},"properties":{"agency":"TTC","agency_id":"ttc","route_name":"501","route_long_name":"Queen","route_type":"Streetcar","color":"#888888","transit_category":"ttc_other"}},{"type":"Feature","geometry":{"type":"LineString","coordinates":[[-79.38358,43.64792],[-79.38465,43.65044],[-79.38629,43.65009],[-79.38481,43.64766],[-79.36441,43.65212],[-79.35496,43.65774],[-79.31259,43.66724],[-79.31003,43.67202],[-79.30451,43.67674],[-79.30048,43.67841],[-79.29325,43.68001],[-79.28406,43.68081],[-79.28438,43.6816],[-79.28536,43.6814]]},"properties":{"agency":"TTC","agency_id":"ttc","route_name":"503","route_long_name":"Kingston Rd","route_type":"Streetcar","color":"#888888","transit_category":"ttc_other"}},{"type":"Feature","geometry":{"type":"LineString","coordinates":[[-79.45358,43.65671],[-79.45392,43.65703],[-79.45271,43.65729],[-79.45139,43.65235],[-79.44622,43.63871],[-79.44078,43.63646],[-79.39505,43.64547],[-79.36441,43.65212],[-79.35841,43.65558],[-79.35862,43.65411],[-79.35679,43.65042],[-79.35663,43.65074]]},"properties":{"agency":"TTC","agency_id":"ttc","route_name":"504","route_long_name":"King","route_type":"Streetcar","color":"#888888","transit_category":"ttc_other"}},{"type":"Feature","geometry":{"type":"LineString","coordinates":[[-79.35835,43.67695],[-79.35795,43.67743],[-79.35864,43.67751],[-79.35886,43.67619],[-79.35302,43.66944],[-79.35341,43.66741],[-79.35135,43.66246],[-79.37213,43.65825],[-79.37345,43.6573],[-79.37713,43.65649],[-79.37887,43.65614],[-79.38035,43.65645],[-79.40373,43.65173],[-79.40559,43.65237],[-79.42077,43.64933],[-79.44205,43.65044],[-79.4468,43.65158],[-79.45157,43.65371],[-79.45262,43.657],[-79.45367,43.65675]]},"properties":{"agency":"TTC","agency_id":"ttc","route_name":"505","route_long_name":"Dundas","route_type":"Streetcar","color":"#888888","transit_category":"ttc_other"}},{"type":"Feature","geometry":{"type":"LineString","coordinates":[[-79.45813,43.64781],[-79.457,43.64971],[-79.45503,43.6507],[-79.44809,43.65212],[-79.44102,43.65028],[-79.43879,43.65133],[-79.41971,43.65504],[-79.41506,43.65497],[-79.36798,43.66428],[-79.36704,43.66195],[-79.31931,43.67291],[-79.3203,43.67534],[-79.31678,43.67627],[-79.31191,43.68038],[-79.30812,43.68209],[-79.30016,43.68395],[-79.30227,43.68908],[-79.30101,43.68916],[-79.30182,43.6888]]},"properties":{"agency":"TTC","agency_id":"ttc","route_name":"506","route_long_name":"Carlton","route_type":"Streetcar","color":"#888888","transit_category":"ttc_other"}},{"type":"Feature","geometry":{"type":"LineString","coordinates":[[-79.5436,43.59213],[-79.54391,43.59184],[-79.525,43.59642],[-79.49573,43.60259],[-79.49279,43.60383],[-79.49163,43.60471],[-79.49073,43.60624],[-79.48971,43.61301],[-79.48647,43.61893],[-79.48567,43.61977],[-79.48293,43.62075],[-79.48121,43.62297],[-79.48369,43.62401],[-79.49036,43.62905],[-79.47887,43.63119]]},"properties":{"agency":"TTC","agency_id":"ttc","route_name":"507","route_long_name":"Long Branch","route_type":"Streetcar","color":"#888888","transit_category":"ttc_other"}},{"type":"Feature","geometry":{"type":"LineString","coordinates":[[-79.37912,43.6456],[-79.37684,43.64115],[-79.3804,43.6399],[-79.39491,43.63723],[-79.39836,43.63567],[-79.39972,43.63663],[-79.40373,43.6359],[-79.4069,43.6364],[-79.41039,43.63624],[-79.41319,43.63725],[-79.41838,43.63576],[-79.41376,43.63685]]},"properties":{"agency":"TTC","agency_id":"ttc","route_name":"509","route_long_name":"Harbourfront","route_type":"Streetcar","color":"#888888","transit_category":"ttc_other"}},{"type":"Feature","geometry":{"type":"LineString","coordinates":[[-79.36772,43.77032],[-79.36796,43.77076],[-79.36736,43.77085],[-79.36621,43.76932],[-79.36487,43.76944],[-79.36475,43.77001],[-79.36357,43.76997],[-79.36358,43.76944],[-79.36428,43.76942],[-79.36429,43.76863],[-79.36199,43.76477],[-79.36188,43.76136],[-79.35535,43.73196],[-79.35461,43.73064],[-79.34959,43.72581],[-79.34882,43.72383],[-79.35041,43.71865],[-79.34998,43.7171],[-79.36479,43.71356],[-79.36023,43.70282],[-79.35816,43.70188],[-79.35283,43.70191],[-79.35152,43.70103],[-79.34925,43.6972],[-79.34347,43.69546],[-79.33746,43.68081],[-79.33782,43.68082]]},"properties":{"agency":"TTC","agency_id":"ttc","route_name":"51","route_long_name":"Leslie","route_type":"Bus","color":"#888888","transit_category":"ttc_other"}},{"type":"Feature","geometry":{"type":"LineString","coordinates":[[-79.37912,43.6456],[-79.37684,43.64115],[-79.3804,43.6399],[-79.39189,43.63765],[-79.40047,43.65897],[-79.39995,43.65989],[-79.40103,43.66037],[-79.40355,43.66634],[-79.40276,43.66701],[-79.40313,43.66734]]},"properties":{"agency":"TTC","agency_id":"ttc","route_name":"510","route_long_name":"Spadina","route_type":"Streetcar","color":"#888888","transit_category":"ttc_other"}},{"type":"Feature","geometry":{"type":"LineString","coordinates":[[-79.41131,43.66651],[-79.41186,43.66679],[-79.39972,43.63663],[-79.40373,43.6359],[-79.4069,43.6364],[-79.41039,43.63624],[-79.41319,43.63725],[-79.41838,43.63576],[-79.41376,43.63685]]},"properties":{"agency":"TTC","agency_id":"ttc","route_name":"511","route_long_name":"Bathurst","route_type":"Streetcar","color":"#888888","transit_category":"ttc_other"}},{"type":"Feature","geometry":{"type":"LineString","coordinates":[[-79.39263,43.68776],[-79.39141,43.68807],[-79.39148,43.68864],[-79.41533,43.68375],[-79.41576,43.68465],[-79.41515,43.68465],[-79.41515,43.68379],[-79.47112,43.67178],[-79.47151,43.67232],[-79.47186,43.67182]]},"properties":{"agency":"TTC","agency_id":"ttc","route_name":"512","route_long_name":"St Clair","route_type":"Streetcar","color":"#888888","transit_category":"ttc_other"}},{"type":"Feature","geometry":{"type":"LineString","coordinates":[[-79.40225,43.7248],[-79.40259,43.72606],[-79.40307,43.72602],[-79.40348,43.7258],[-79.40321,43.7249],[-79.44354,43.71625],[-79.44344,43.71566],[-79.44468,43.71544],[-79.44497,43.71593],[-79.46977,43.7108],[-79.52328,43.69817],[-79.52648,43.70097],[-79.52765,43.70119],[-79.59115,43.68701],[-79.60691,43.68591],[-79.60775,43.68376],[-79.60493,43.68347],[-79.60247,43.68473],[-79.6021,43.68547],[-79.60292,43.68589],[-79.60901,43.68548],[-79.61407,43.68641],[-79.61532,43.68484],[-79.61524,43.6842],[-79.61173,43.68187]]},"properties":{"agency":"TTC","agency_id":"ttc","route_name":"52","route_long_name":"Lawrence West","route_type":"Bus","color":"#888888","transit_category":"ttc_other"}},{"type":"Feature","geometry":{"type":"LineString","coordinates":[[-79.22168,43.81964],[-79.22432,43.82001],[-79.23007,43.82299],[-79.23147,43.82415],[-79.2325,43.82618],[-79.23465,43.82731],[-79.23356,43.8286],[-79.23383,43.82923],[-79.23053,43.82996],[-79.22857,43.82928],[-79.22364,43.83048],[-79.22563,43.83412],[-79.22704,43.83402],[-79.23094,43.83537],[-79.23229,43.83892],[-79.23193,43.84114],[-79.34399,43.815],[-79.42007,43.79799],[-79.41608,43.78163],[-79.41511,43.78175],[-79.41445,43.78035]]},"properties":{"agency":"TTC","agency_id":"ttc","route_name":"53","route_long_name":"Steeles East","route_type":"Bus","color":"#888888","transit_category":"ttc_other"}},{"type":"Feature","geometry":{"type":"LineString","coordinates":[[-79.3378,43.72151],[-79.33649,43.72168],[-79.33649,43.72348],[-79.33961,43.72302],[-79.34345,43.73717],[-79.32567,43.74066],[-79.31282,43.74162],[-79.30854,43.74238],[-79.20709,43.76372],[-79.13577,43.7798],[-79.13005,43.78074],[-79.12288,43.78896],[-79.1231,43.78838]]},"properties":{"agency":"TTC","agency_id":"ttc","route_name":"54","route_long_name":"Lawrence East","route_type":"Bus","color":"#888888","transit_category":"ttc_other"}},{"type":"Feature","geometry":{"type":"LineString","coordinates":[[-79.50289,43.66267],[-79.50016,43.66158],[-79.49954,43.66215],[-79.49765,43.66097],[-79.49498,43.66302],[-79.4942,43.66102],[-79.49551,43.65969],[-79.49954,43.66215],[-79.50016,43.66158],[-79.50349,43.66293],[-79.50149,43.66488],[-79.4992,43.66552],[-79.49118,43.66573],[-79.48444,43.64989]]},"properties":{"agency":"TTC","agency_id":"ttc","route_name":"55","route_long_name":"Warren Park","route_type":"Bus","color":"#888888","transit_category":"ttc_other"}},{"type":"Feature","geometry":{"type":"LineString","coordinates":[[-79.30371,43.82199],[-79.30492,43.82279],[-79.30509,43.82415],[-79.29732,43.82594],[-79.28879,43.80704],[-79.2866,43.80446],[-79.27297,43.77296],[-79.26445,43.74969],[-79.25809,43.73452],[-79.26609,43.73294],[-79.26342,43.73349],[-79.26295,43.73239],[-79.26419,43.73199],[-79.2643,43.73148],[-79.26265,43.73132],[-79.2631,43.73208]]},"properties":{"agency":"TTC","agency_id":"ttc","route_name":"57","route_long_name":"Midland","route_type":"Bus","color":"#888888","transit_category":"ttc_other"}},{"type":"Feature","geometry":{"type":"LineString","coordinates":[[-79.53293,43.7079],[-79.53362,43.70778],[-79.53276,43.7065],[-79.52544,43.703],[-79.52053,43.70544],[-79.51717,43.70621],[-79.5165,43.70676],[-79.49014,43.71235],[-79.48636,43.70254],[-79.48512,43.7013],[-79.48385,43.69776],[-79.48191,43.69861],[-79.47841,43.69875],[-79.46885,43.70106],[-79.47034,43.7042],[-79.47138,43.7075],[-79.47083,43.70777],[-79.4719,43.7103],[-79.45553,43.71394],[-79.44337,43.71601],[-79.44439,43.71548]]},"properties":{"agency":"TTC","agency_id":"ttc","route_name":"59","route_long_name":"Maple Leaf","route_type":"Bus","color":"#888888","transit_category":"ttc_other"}},{"type":"Feature","geometry":{"type":"LineString","coordinates":[[-79.41485,43.78038],[-79.41509,43.78091],[-79.41581,43.7808],[-79.42008,43.798],[-79.47009,43.78728],[-79.50896,43.7782],[-79.50834,43.77637],[-79.50999,43.77692],[-79.50836,43.77683],[-79.50896,43.7782],[-79.577,43.76386],[-79.58353,43.76037],[-79.59183,43.7593],[-79.59607,43.7595],[-79.61984,43.75418],[-79.61953,43.75304],[-79.61997,43.7522],[-79.62391,43.75044],[-79.62513,43.753]]},"properties":{"agency":"TTC","agency_id":"ttc","route_name":"60","route_long_name":"Steeles West","route_type":"Bus","color":"#888888","transit_category":"ttc_other"}},{"type":"Feature","geometry":{"type":"LineString","coordinates":[[-79.42426,43.74347],[-79.4248,43.74357],[-79.42248,43.74185],[-79.4203,43.73701],[-79.41923,43.73119],[-79.41552,43.72203],[-79.41451,43.71793],[-79.41211,43.71565],[-79.41167,43.71176],[-79.40968,43.70582],[-79.4085,43.70459],[-79.40027,43.70634],[-79.39906,43.70466],[-79.39851,43.70472],[-79.39879,43.70539],[-79.40007,43.70568]]},"properties":{"agency":"TTC","agency_id":"ttc","route_name":"61","route_long_name":"Avenue Rd North","route_type":"Bus","color":"#888888","transit_category":"ttc_other"}},{"type":"Feature","geometry":{"type":"LineString","coordinates":[[-79.30122,43.68932],[-79.30106,43.68902],[-79.3021,43.68872],[-79.3034,43.6917],[-79.30451,43.69145],[-79.30603,43.69493],[-79.32201,43.69114],[-79.32351,43.69125],[-79.35695,43.68393],[-79.35894,43.6764],[-79.35303,43.66945],[-79.35343,43.66742],[-79.35262,43.66549],[-79.35515,43.66482]]},"properties":{"agency":"TTC","agency_id":"ttc","route_name":"62","route_long_name":"Mortimer","route_type":"Bus","color":"#888888","transit_category":"ttc_other"}},{"type":"Feature","geometry":{"type":"LineString","coordinates":[[-79.43659,43.69952],[-79.43596,43.69972],[-79.43572,43.69883],[-79.44278,43.69729],[-79.43377,43.6744],[-79.43097,43.67471],[-79.41888,43.64419],[-79.41629,43.64472],[-79.41501,43.64143],[-79.41196,43.64203],[-79.41086,43.63928],[-79.41532,43.63839],[-79.41806,43.63879],[-79.42056,43.6383],[-79.42128,43.64017]]},"properties":{"agency":"TTC","agency_id":"ttc","route_name":"63","route_long_name":"Ossington","route_type":"Bus","color":"#888888","transit_category":"ttc_other"}},{"type":"Feature","geometry":{"type":"LineString","coordinates":[[-79.29586,43.67122],[-79.29687,43.67071],[-79.29817,43.67378],[-79.29622,43.6742],[-79.2981,43.67897],[-79.29807,43.68004],[-79.29885,43.68074],[-79.30226,43.68908],[-79.30122,43.68932],[-79.30113,43.68898]]},"properties":{"agency":"TTC","agency_id":"ttc","route_name":"64","route_long_name":"Main","route_type":"Bus","color":"#888888","transit_category":"ttc_other"}},{"type":"Feature","geometry":{"type":"LineString","coordinates":[[-79.36947,43.67327],[-79.36879,43.67385],[-79.36963,43.67353],[-79.3694,43.67294],[-79.3709,43.67148],[-79.36104,43.64774],[-79.36198,43.64641],[-79.36782,43.64434],[-79.36744,43.64377],[-79.36534,43.64453],[-79.36553,43.64498]]},"properties":{"agency":"TTC","agency_id":"ttc","route_name":"65","route_long_name":"Parliament","route_type":"Bus","color":"#888888","transit_category":"ttc_other"}},{"type":"Feature","geometry":{"type":"LineString","coordinates":[[-79.4952,43.65009],[-79.49552,43.65052],[-79.49544,43.64961],[-79.49941,43.65004],[-79.50545,43.64869],[-79.49962,43.63496],[-79.49343,43.63616],[-79.49036,43.62905],[-79.48369,43.62401],[-79.48075,43.62252],[-79.48051,43.6227],[-79.48121,43.62297],[-79.47846,43.62874],[-79.47691,43.63027],[-79.47612,43.62994],[-79.4757,43.62906],[-79.4775,43.62466]]},"properties":{"agency":"TTC","agency_id":"ttc","route_name":"66","route_long_name":"Prince Edward","route_type":"Bus","color":"#888888","transit_category":"ttc_other"}},{"type":"Feature","geometry":{"type":"LineString","coordinates":[[-79.28855,43.69388],[-79.28878,43.69439],[-79.2896,43.6943],[-79.28902,43.69287],[-79.28408,43.69394],[-79.29739,43.72509],[-79.31014,43.75693],[-79.31003,43.75852],[-79.31232,43.76405],[-79.31035,43.7645],[-79.31069,43.76532]]},"properties":{"agency":"TTC","agency_id":"ttc","route_name":"67","route_long_name":"Pharmacy","route_type":"Bus","color":"#888888","transit_category":"ttc_other"}},{"type":"Feature","geometry":{"type":"LineString","coordinates":[[-79.33737,43.89437],[-79.33762,43.89514],[-79.33549,43.89581],[-79.33392,43.89423],[-79.34331,43.89231],[-79.33284,43.85126],[-79.33079,43.84582],[-79.32921,43.83768],[-79.32444,43.81963],[-79.32452,43.81416],[-79.3184,43.80078],[-79.31618,43.7977],[-79.30415,43.77057],[-79.30105,43.76293],[-79.3003,43.75918],[-79.29523,43.74652],[-79.28015,43.70993],[-79.27965,43.71003],[-79.27957,43.71045],[-79.28034,43.71039],[-79.28073,43.7114]]},"properties":{"agency":"TTC","agency_id":"ttc","route_name":"68","route_long_name":"Warden","route_type":"Bus","color":"#888888","transit_category":"ttc_other"}},{"type":"Feature","geometry":{"type":"LineString","coordinates":[[-79.23375,43.71698],[-79.23458,43.71623],[-79.23911,43.71523],[-79.24036,43.71823],[-79.24819,43.71112],[-79.25383,43.70276],[-79.25809,43.69941],[-79.264,43.69699],[-79.26232,43.69304],[-79.2709,43.68775],[-79.28015,43.70993]]},"properties":{"agency":"TTC","agency_id":"ttc","route_name":"69","route_long_name":"Warden South","route_type":"Bus","color":"#888888","transit_category":"ttc_other"}},{"type":"Feature","geometry":{"type":"LineString","coordinates":[[-79.41115,43.6665],[-79.41092,43.66584],[-79.4114,43.66564],[-79.4256,43.70111],[-79.43338,43.73487],[-79.44662,43.78811],[-79.44659,43.78895],[-79.44577,43.79005],[-79.4471,43.79018],[-79.44758,43.79201],[-79.44104,43.79345],[-79.44062,43.79246],[-79.44304,43.79107],[-79.44537,43.79082]]},"properties":{"agency":"TTC","agency_id":"ttc","route_name":"7","route_long_name":"Bathurst","route_type":"Bus","color":"#888888","transit_category":"ttc_other"}},{"type":"Feature","geometry":{"type":"LineString","coordinates":[[-79.32281,43.68406],[-79.32396,43.68416],[-79.32948,43.69776],[-79.31948,43.69986],[-79.31351,43.70459],[-79.30514,43.7154],[-79.30393,43.72168],[-79.30209,43.72337],[-79.30346,43.72668],[-79.30047,43.72794],[-79.29932,43.7272],[-79.29824,43.72718]]},"properties":{"agency":"TTC","agency_id":"ttc","route_name":"70","route_long_name":"O'Connor","route_type":"Bus","color":"#888888","transit_category":"ttc_other"}},{"type":"Feature","geometry":{"type":"LineString","coordinates":[[-79.49489,43.6943],[-79.49619,43.69261],[-79.49472,43.69176],[-79.4929,43.69333],[-79.48856,43.69168],[-79.48722,43.69214],[-79.48621,43.6933],[-79.48769,43.69454],[-79.4878,43.69495],[-79.48732,43.69513],[-79.4861,43.69461],[-79.48386,43.69106],[-79.48287,43.68836],[-79.48459,43.68798],[-79.48446,43.68734],[-79.48528,43.68704],[-79.48614,43.68749],[-79.48643,43.6886],[-79.48805,43.68833],[-79.48896,43.68901],[-79.4863,43.68878],[-79.48644,43.68807],[-79.48558,43.6871],[-79.48439,43.68748],[-79.48459,43.68798],[-79.48952,43.68699],[-79.48399,43.68422],[-79.49172,43.68245],[-79.48639,43.67023],[-79.48426,43.67071],[-79.47652,43.65167],[-79.47541,43.65194]]},"properties":{"agency":"TTC","agency_id":"ttc","route_name":"71","route_long_name":"Runnymede","route_type":"Bus","color":"#888888","transit_category":"ttc_other"}},{"type":"Feature","geometry":{"type":"LineString","coordinates":[[-79.3378,43.72151],[-79.33649,43.72168],[-79.33649,43.72348],[-79.33961,43.72302],[-79.33857,43.71928],[-79.33635,43.7144],[-79.33301,43.71486],[-79.33034,43.71216],[-79.33052,43.71116],[-79.34363,43.70747],[-79.34283,43.70562],[-79.34122,43.70395],[-79.34329,43.70185],[-79.34411,43.70185],[-79.34988,43.70501],[-79.35284,43.70192],[-79.35151,43.70103],[-79.34927,43.6972],[-79.35103,43.6951],[-79.34168,43.67126],[-79.34401,43.67075],[-79.33772,43.65538],[-79.33553,43.65261],[-79.34238,43.64967]]},"properties":{"agency":"TTC","agency_id":"ttc","route_name":"72","route_long_name":"Pape","route_type":"Bus","color":"#888888","transit_category":"ttc_other"}},{"type":"Feature","geometry":{"type":"LineString","coordinates":[[-79.5112,43.64695],[-79.5274,43.68415],[-79.51727,43.68643],[-79.51314,43.68684],[-79.51145,43.68396],[-79.50723,43.68465],[-79.50422,43.68438],[-79.50442,43.68539],[-79.508,43.6853],[-79.50873,43.68575],[-79.50876,43.68645],[-79.50804,43.68708],[-79.50465,43.68785],[-79.50349,43.68947],[-79.5006,43.69014],[-79.49882,43.68448],[-79.48828,43.68726],[-79.48459,43.68798],[-79.48439,43.68748],[-79.48459,43.68721],[-79.48459,43.68798],[-79.48649,43.68757],[-79.48459,43.68798],[-79.48449,43.6873],[-79.48552,43.68708],[-79.48614,43.68749],[-79.48643,43.6886],[-79.48805,43.68833],[-79.489,43.68881]]},"properties":{"agency":"TTC","agency_id":"ttc","route_name":"73","route_long_name":"Royal York","route_type":"Bus","color":"#888888","transit_category":"ttc_other"}},{"type":"Feature","geometry":{"type":"LineString","coordinates":[[-79.39423,43.68832],[-79.3937,43.68713],[-79.38908,43.68846],[-79.38987,43.68899],[-79.38331,43.69036],[-79.39018,43.7084],[-79.40028,43.70635],[-79.40009,43.70569],[-79.3986,43.7046],[-79.39864,43.70526],[-79.39929,43.70547]]},"properties":{"agency":"TTC","agency_id":"ttc","route_name":"74","route_long_name":"Mount Pleasant","route_type":"Bus","color":"#888888","transit_category":"ttc_other"}},{"type":"Feature","geometry":{"type":"LineString","coordinates":[[-79.37676,43.67211],[-79.37786,43.67503],[-79.37476,43.67506],[-79.37517,43.67601],[-79.37405,43.67629],[-79.37383,43.67735],[-79.37517,43.67763],[-79.37517,43.67601],[-79.37786,43.67503],[-79.36541,43.64518],[-79.36899,43.64393],[-79.36938,43.64451]]},"properties":{"agency":"TTC","agency_id":"ttc","route_name":"75","route_long_name":"Sherbourne","route_type":"Bus","color":"#888888","transit_category":"ttc_other"}},{"type":"Feature","geometry":{"type":"LineString","coordinates":[[-79.51107,43.64812],[-79.51163,43.64799],[-79.50875,43.64085],[-79.5085,43.63895],[-79.50704,43.63694],[-79.49316,43.60365],[-79.49162,43.60471],[-79.49062,43.6065],[-79.48962,43.61321]]},"properties":{"agency":"TTC","agency_id":"ttc","route_name":"76","route_long_name":"Royal York South","route_type":"Bus","color":"#888888","transit_category":"ttc_other"}},{"type":"Feature","geometry":{"type":"LineString","coordinates":[[-79.47548,43.65192],[-79.47517,43.65136],[-79.47629,43.65113],[-79.4742,43.64586],[-79.47838,43.64493],[-79.47786,43.64377],[-79.47488,43.64144],[-79.47019,43.63981],[-79.46839,43.6374],[-79.47447,43.6361],[-79.47629,43.6377],[-79.47674,43.63882],[-79.47458,43.63998],[-79.47186,43.63785],[-79.47104,43.63825]]},"properties":{"agency":"TTC","agency_id":"ttc","route_name":"77","route_long_name":"Swansea","route_type":"Bus","color":"#888888","transit_category":"ttc_other"}},{"type":"Feature","geometry":{"type":"LineString","coordinates":[[-79.40648,43.74523],[-79.40599,43.74554],[-79.40535,43.74523],[-79.40522,43.74432],[-79.40267,43.74412],[-79.39643,43.74545],[-79.39828,43.75093],[-79.40186,43.75064],[-79.40206,43.75166],[-79.40145,43.75251],[-79.40374,43.75335],[-79.40468,43.75326],[-79.40481,43.75386],[-79.40257,43.75588],[-79.39536,43.76004],[-79.39373,43.75895],[-79.39212,43.75878],[-79.39169,43.75759],[-79.3898,43.75614],[-79.38894,43.7569],[-79.38948,43.75971],[-79.38823,43.76049],[-79.3901,43.76086],[-79.39159,43.76044],[-79.39075,43.7598],[-79.38935,43.75995]]},"properties":{"agency":"TTC","agency_id":"ttc","route_name":"78","route_long_name":"St Andrews","route_type":"Bus","color":"#888888","transit_category":"ttc_other"}},{"type":"Feature","geometry":{"type":"LineString","coordinates":[[-79.47637,43.65172],[-79.47541,43.65194],[-79.47517,43.65136],[-79.47629,43.65113],[-79.48426,43.67071],[-79.48639,43.67023],[-79.48669,43.67091],[-79.49283,43.66954],[-79.49375,43.67166],[-79.50164,43.66936],[-79.50384,43.67193],[-79.50592,43.67554],[-79.50622,43.67719],[-79.51179,43.68442],[-79.51438,43.68915],[-79.51969,43.69503],[-79.52328,43.69817],[-79.50487,43.70278],[-79.50383,43.70287],[-79.50324,43.70084],[-79.50732,43.69992],[-79.50832,43.70197]]},"properties":{"agency":"TTC","agency_id":"ttc","route_name":"79","route_long_name":"Scarlett Rd","route_type":"Bus","color":"#888888","transit_category":"ttc_other"}},{"type":"Feature","geometry":{"type":"LineString","coordinates":[[-79.35434,43.66505],[-79.35518,43.66481],[-79.35545,43.66548],[-79.35291,43.66616],[-79.35343,43.66742],[-79.35303,43.66945],[-79.35894,43.6764],[-79.35656,43.6852],[-79.35487,43.68954],[-79.35573,43.69215],[-79.31958,43.69984],[-79.31284,43.7054],[-79.281,43.71205],[-79.28015,43.70993],[-79.27953,43.71039]]},"properties":{"agency":"TTC","agency_id":"ttc","route_name":"8","route_long_name":"Broadview","route_type":"Bus","color":"#888888","transit_category":"ttc_other"}},{"type":"Feature","geometry":{"type":"LineString","coordinates":[[-79.46042,43.65563],[-79.45931,43.65573],[-79.46028,43.65528],[-79.4537,43.63903],[-79.45383,43.63845],[-79.46201,43.63762],[-79.46527,43.63635],[-79.46644,43.63776],[-79.47065,43.63707],[-79.47289,43.636],[-79.47673,43.63251],[-79.48151,43.63096],[-79.5552,43.61434],[-79.55896,43.61408],[-79.56267,43.6123],[-79.56095,43.60986],[-79.55865,43.60834],[-79.55641,43.60898],[-79.55689,43.61012],[-79.5589,43.60983]]},"properties":{"agency":"TTC","agency_id":"ttc","route_name":"80","route_long_name":"Queensway","route_type":"Bus","color":"#888888","transit_category":"ttc_other"}},{"type":"Feature","geometry":{"type":"LineString","coordinates":[[-79.37642,43.68594],[-79.37809,43.68559],[-79.37714,43.68338],[-79.37766,43.68308],[-79.37729,43.68216],[-79.37385,43.68098],[-79.37516,43.67762],[-79.37763,43.67735],[-79.37841,43.67797],[-79.38174,43.67858],[-79.38898,43.67707],[-79.38884,43.67618],[-79.38896,43.67691]]},"properties":{"agency":"TTC","agency_id":"ttc","route_name":"82","route_long_name":"Rosedale","route_type":"Bus","color":"#888888","transit_category":"ttc_other"}},{"type":"Feature","geometry":{"type":"LineString","coordinates":[[-79.33799,43.68096],[-79.33764,43.68124],[-79.3373,43.68042],[-79.3401,43.67988],[-79.3328,43.66266],[-79.33021,43.66323],[-79.32833,43.65903],[-79.32632,43.65651],[-79.3294,43.65521],[-79.33126,43.65719],[-79.33163,43.65709],[-79.33022,43.65487],[-79.3294,43.65521]]},"properties":{"agency":"TTC","agency_id":"ttc","route_name":"83","route_long_name":"Jones","route_type":"Bus","color":"#888888","transit_category":"ttc_other"}},{"type":"Feature","geometry":{"type":"LineString","coordinates":[[-79.50853,43.77633],[-79.51001,43.77698],[-79.50836,43.77683],[-79.50896,43.7782],[-79.53176,43.77331],[-79.53149,43.77244],[-79.53188,43.77052],[-79.5311,43.76716],[-79.53025,43.76576],[-79.5287,43.7581],[-79.5277,43.75727],[-79.52472,43.75664],[-79.52386,43.7549],[-79.5242,43.75413],[-79.52651,43.75276],[-79.52632,43.7512],[-79.52706,43.74948],[-79.52598,43.74487],[-79.5263,43.7439],[-79.52534,43.73812],[-79.52379,43.73696],[-79.48459,43.74515],[-79.4828,43.74682],[-79.48289,43.75239],[-79.48238,43.75329],[-79.48096,43.75415],[-79.47517,43.75547],[-79.47295,43.75537],[-79.46989,43.75417],[-79.46563,43.75045],[-79.46429,43.75011],[-79.46239,43.75045],[-79.4618,43.74865],[-79.46081,43.74841],[-79.45992,43.74876],[-79.46073,43.75081],[-79.41229,43.7612],[-79.41269,43.76172],[-79.41236,43.76194],[-79.41192,43.7615]]},"properties":{"agency":"TTC","agency_id":"ttc","route_name":"84","route_long_name":"Sheppard West","route_type":"Bus","color":"#888888","transit_category":"ttc_other"}},{"type":"Feature","geometry":{"type":"LineString","coordinates":[[-79.13035,43.78075],[-79.12994,43.78095],[-79.13161,43.7807],[-79.13888,43.79809],[-79.14072,43.7976],[-79.14214,43.79634],[-79.14348,43.79592],[-79.14455,43.79755],[-79.14666,43.79926],[-79.15522,43.80284],[-79.16558,43.80884],[-79.16724,43.80914],[-79.28622,43.78373],[-79.3253,43.77475],[-79.34116,43.77621],[-79.34658,43.77552],[-79.34696,43.77612],[-79.34505,43.77596],[-79.34605,43.77561]]},"properties":{"agency":"TTC","agency_id":"ttc","route_name":"85","route_long_name":"Sheppard East","route_type":"Bus","color":"#888888","transit_category":"ttc_other"}},{"type":"Feature","geometry":{"type":"LineString","coordinates":[[-79.18007,43.8201],[-79.17918,43.8189],[-79.17336,43.81824],[-79.17296,43.81774],[-79.17245,43.81601],[-79.17308,43.81144],[-79.17119,43.80918],[-79.16675,43.80064],[-79.16213,43.78875],[-79.16908,43.78422],[-79.16928,43.782],[-79.17315,43.77684],[-79.17604,43.7752],[-79.18229,43.77424],[-79.18437,43.77329],[-79.21165,43.74371],[-79.21376,43.74433],[-79.26609,43.73294],[-79.26342,43.73349],[-79.26301,43.73254],[-79.26392,43.73224]]},"properties":{"agency":"TTC","agency_id":"ttc","route_name":"86","route_long_name":"Scarborough","route_type":"Bus","color":"#888888","transit_category":"ttc_other"}},{"type":"Feature","geometry":{"type":"LineString","coordinates":[[-79.30161,43.68924],[-79.30101,43.68911],[-79.3021,43.68872],[-79.3034,43.6917],[-79.30212,43.692],[-79.30237,43.69261],[-79.30008,43.69315],[-79.30117,43.6956],[-79.30824,43.69442],[-79.30951,43.69732],[-79.3111,43.6972],[-79.3111,43.69797],[-79.31142,43.6978],[-79.3111,43.6972],[-79.31174,43.69705],[-79.31472,43.69703],[-79.34169,43.69117],[-79.34267,43.69062],[-79.35408,43.6884],[-79.35527,43.68855],[-79.35865,43.67752],[-79.35782,43.67715],[-79.35852,43.67662]]},"properties":{"agency":"TTC","agency_id":"ttc","route_name":"87","route_long_name":"Cosburn","route_type":"Bus","color":"#888888","transit_category":"ttc_other"}},{"type":"Feature","geometry":{"type":"LineString","coordinates":[[-79.39136,43.68791],[-79.39277,43.68734],[-79.38908,43.68846],[-79.38987,43.68899],[-79.37959,43.69117],[-79.38144,43.69423],[-79.37994,43.69506],[-79.37172,43.69674],[-79.37249,43.69873],[-79.36718,43.70034],[-79.36519,43.702],[-79.36438,43.70357],[-79.36156,43.70245],[-79.36057,43.70316],[-79.35839,43.70191],[-79.35283,43.70191],[-79.34986,43.705],[-79.34401,43.7018],[-79.34328,43.70184],[-79.34121,43.70394],[-79.34282,43.70561],[-79.34361,43.70747]]},"properties":{"agency":"TTC","agency_id":"ttc","route_name":"88","route_long_name":"South Leaside","route_type":"Bus","color":"#888888","transit_category":"ttc_other"}},{"type":"Feature","geometry":{"type":"LineString","coordinates":[[-79.46012,43.65562],[-79.45927,43.65549],[-79.46028,43.65528],[-79.4678,43.67296],[-79.46935,43.67412],[-79.4705,43.67606],[-79.47823,43.68268],[-79.48315,43.68386],[-79.48952,43.68699],[-79.48459,43.68798],[-79.48449,43.6873],[-79.48552,43.68708],[-79.48614,43.68749],[-79.48643,43.6886],[-79.48805,43.68833],[-79.48896,43.68901],[-79.4863,43.68878],[-79.48644,43.68807],[-79.48558,43.6871],[-79.48439,43.68748],[-79.48459,43.68798],[-79.48952,43.68699],[-79.49601,43.68928],[-79.50376,43.69255],[-79.51053,43.69805],[-79.52378,43.70237],[-79.53254,43.70636],[-79.53459,43.70968],[-79.53729,43.71702],[-79.53908,43.71765],[-79.53895,43.71793],[-79.53785,43.718],[-79.53775,43.71708]]},"properties":{"agency":"TTC","agency_id":"ttc","route_name":"89","route_long_name":"Weston","route_type":"Bus","color":"#888888","transit_category":"ttc_other"}},{"type":"Feature","geometry":{"type":"LineString","coordinates":[[-79.25754,43.77437],[-79.25898,43.77428],[-79.25257,43.77543],[-79.25223,43.77457],[-79.25042,43.77501],[-79.25052,43.77666],[-79.2478,43.77748],[-79.24537,43.77964],[-79.24383,43.78015],[-79.23525,43.75771],[-79.23522,43.75641],[-79.22931,43.74238],[-79.2326,43.7416],[-79.23204,43.74025],[-79.23835,43.73885],[-79.2324,43.72515],[-79.23601,43.72203],[-79.28099,43.71204],[-79.28015,43.70993],[-79.27953,43.71039],[-79.28034,43.71039]]},"properties":{"agency":"TTC","agency_id":"ttc","route_name":"9","route_long_name":"Bellamy","route_type":"Bus","color":"#888888","transit_category":"ttc_other"}},{"type":"Feature","geometry":{"type":"LineString","coordinates":[[-79.43645,43.69973],[-79.43587,43.69964],[-79.43558,43.69887],[-79.44278,43.69729],[-79.44083,43.69265],[-79.43464,43.68935],[-79.43217,43.68881],[-79.42659,43.68875],[-79.42307,43.68734],[-79.42021,43.68277],[-79.41522,43.68377],[-79.41577,43.68465],[-79.4152,43.68471],[-79.41523,43.68394]]},"properties":{"agency":"TTC","agency_id":"ttc","route_name":"90","route_long_name":"Vaughan","route_type":"Bus","color":"#888888","transit_category":"ttc_other"}},{"type":"Feature","geometry":{"type":"LineString","coordinates":[[-79.62095,43.68702],[-79.61941,43.68593],[-79.61659,43.68578],[-79.61394,43.6849],[-79.60626,43.6849],[-79.60306,43.68552],[-79.60088,43.68506],[-79.59597,43.68272],[-79.59391,43.6811],[-79.59307,43.67934],[-79.59204,43.6741],[-79.59089,43.67242],[-79.58901,43.67089],[-79.58729,43.67014],[-79.58521,43.66994],[-79.58041,43.67096],[-79.57802,43.67099],[-79.57489,43.66931],[-79.57334,43.66709],[-79.56946,43.65731],[-79.56136,43.63991],[-79.55985,43.63303],[-79.55838,43.63016],[-79.55924,43.62865],[-79.55903,43.62808],[-79.54691,43.63101],[-79.54328,43.63295],[-79.538,43.63852],[-79.53651,43.63708],[-79.53464,43.63851]]},"properties":{"agency":"TTC","agency_id":"ttc","route_name":"900","route_long_name":"Airport Express","route_type":"Bus","color":"#888888","transit_category":"ttc_other"}},{"type":"Feature","geometry":{"type":"LineString","coordinates":[[-79.24197,43.83505],[-79.24356,43.83839],[-79.25119,43.83661],[-79.25072,43.83055],[-79.24296,43.81267],[-79.2429,43.81094],[-79.24392,43.80661],[-79.24192,43.80192],[-79.24075,43.79776],[-79.23706,43.78955],[-79.23418,43.79019],[-79.232,43.78443],[-79.2291,43.78549],[-79.22968,43.7864],[-79.2315,43.78571],[-79.23092,43.78409],[-79.23185,43.7839],[-79.23204,43.78296],[-79.23389,43.78175],[-79.22548,43.76032],[-79.22355,43.75416],[-79.21703,43.73878],[-79.23602,43.72203],[-79.281,43.71205],[-79.28015,43.70993],[-79.27961,43.71007],[-79.27957,43.71045],[-79.28034,43.71039],[-79.28051,43.71084]]},"properties":{"agency":"TTC","agency_id":"ttc","route_name":"902","route_long_name":"Markham Rd Express","route_type":"Bus","color":"#888888","transit_category":"ttc_other"}},{"type":"Feature","geometry":{"type":"LineString","coordinates":[[-79.22912,43.78551],[-79.22981,43.78648],[-79.2315,43.78571],[-79.23092,43.78409],[-79.23185,43.7839],[-79.23204,43.78296],[-79.23367,43.7818],[-79.24384,43.78015],[-79.24511,43.78094],[-79.25124,43.77969],[-79.2504,43.77503],[-79.25224,43.77457],[-79.25259,43.77544],[-79.26243,43.77334],[-79.26133,43.77007],[-79.27548,43.76727],[-79.27514,43.76686],[-79.27111,43.76792],[-79.26446,43.74969],[-79.2581,43.73453],[-79.26606,43.73267],[-79.26607,43.73299],[-79.26336,43.73346],[-79.26295,43.73239],[-79.26419,43.73199],[-79.2643,43.73148],[-79.26261,43.73139],[-79.26298,43.73208],[-79.26379,43.7315]]},"properties":{"agency":"TTC","agency_id":"ttc","route_name":"903","route_long_name":"Kennedy Stn-Scarborough Express","route_type":"Bus","color":"#888888","transit_category":"ttc_other"}},{"type":"Feature","geometry":{"type":"LineString","coordinates":[[-79.34527,43.77579],[-79.34658,43.77552],[-79.34699,43.77603],[-79.34101,43.77621],[-79.32531,43.77476],[-79.27857,43.78535],[-79.27697,43.78266],[-79.27299,43.77296],[-79.26318,43.77528],[-79.26243,43.77334],[-79.25613,43.77492],[-79.26243,43.77334],[-79.26133,43.77007],[-79.27553,43.76714],[-79.27514,43.76686],[-79.27111,43.76792],[-79.26446,43.74969],[-79.2581,43.73453],[-79.26606,43.73267],[-79.26607,43.73299],[-79.26336,43.73346],[-79.26295,43.73239],[-79.26419,43.73199],[-79.2643,43.73148],[-79.26261,43.73139],[-79.26298,43.73208],[-79.26379,43.7315]]},"properties":{"agency":"TTC","agency_id":"ttc","route_name":"904","route_long_name":"Sheppard-Kennedy Express","route_type":"Bus","color":"#888888","transit_category":"ttc_other"}},{"type":"Feature","geometry":{"type":"LineString","coordinates":[[-79.18557,43.78435],[-79.18475,43.78488],[-79.19434,43.78927],[-79.1935,43.78564],[-79.18685,43.7706],[-79.21165,43.74371],[-79.21376,43.74433],[-79.26609,43.73294],[-79.26342,43.73349],[-79.26301,43.73254],[-79.26392,43.73224]]},"properties":{"agency":"TTC","agency_id":"ttc","route_name":"905","route_long_name":"Eglinton East Express","route_type":"Bus","color":"#888888","transit_category":"ttc_other"}},{"type":"Feature","geometry":{"type":"LineString","coordinates":[[-79.61546,43.68949],[-79.6167,43.68952],[-79.61696,43.69071],[-79.61912,43.6916],[-79.62123,43.68918],[-79.61131,43.68615],[-79.60874,43.68582],[-79.59165,43.68693],[-79.5814,43.68912],[-79.58067,43.68891],[-79.58053,43.6882],[-79.58138,43.68791],[-79.58214,43.68903],[-79.59561,43.71723],[-79.60144,43.73047],[-79.60492,43.73011],[-79.60566,43.72901],[-79.60464,43.72862],[-79.60435,43.72876],[-79.60551,43.72923],[-79.60492,43.73011],[-79.60809,43.73128],[-79.60915,43.73219],[-79.611,43.73153],[-79.61354,43.73221],[-79.61615,43.73184],[-79.61758,43.73248],[-79.61822,43.73355],[-79.61896,43.73344],[-79.61999,43.73248],[-79.61986,43.7292],[-79.62218,43.72673],[-79.62213,43.7259],[-79.62117,43.72457]]},"properties":{"agency":"TTC","agency_id":"ttc","route_name":"906","route_long_name":"Airport-Humber College Express","route_type":"Bus","color":"#888888","transit_category":"ttc_other"}},{"type":"Feature","geometry":{"type":"LineString","coordinates":[[-79.31256,43.68647],[-79.31225,43.68673],[-79.31315,43.68653],[-79.31903,43.70016],[-79.31352,43.7046],[-79.31102,43.7079],[-79.31645,43.71017],[-79.31245,43.71489],[-79.31438,43.71948],[-79.31598,43.72169],[-79.31326,43.72653],[-79.30999,43.72858],[-79.30981,43.73082],[-79.31084,43.73354],[-79.3124,43.73573],[-79.31501,43.73523],[-79.31738,43.7354],[-79.31825,43.736],[-79.31721,43.7371],[-79.31784,43.73744],[-79.31431,43.74086],[-79.31424,43.7415],[-79.31928,43.74118],[-79.31965,43.74019],[-79.3245,43.73597],[-79.32674,43.73558],[-79.32737,43.73675],[-79.32598,43.73885],[-79.3246,43.73997],[-79.32459,43.74053]]},"properties":{"agency":"TTC","agency_id":"ttc","route_name":"91","route_long_name":"Woodbine","route_type":"Bus","color":"#888888","transit_category":"ttc_other"}},{"type":"Feature","geometry":{"type":"LineString","coordinates":[[-79.31288,43.68642],[-79.31224,43.68672],[-79.31314,43.68652],[-79.30473,43.66621],[-79.3063,43.66429],[-79.30974,43.66339],[-79.30903,43.66342]]},"properties":{"agency":"TTC","agency_id":"ttc","route_name":"92","route_long_name":"Woodbine South","route_type":"Bus","color":"#888888","transit_category":"ttc_other"}},{"type":"Feature","geometry":{"type":"LineString","coordinates":[[-79.34151,43.81662],[-79.34182,43.81679],[-79.33512,43.80137],[-79.31562,43.75877],[-79.30935,43.74092],[-79.29599,43.70878],[-79.28902,43.69287],[-79.28805,43.69307],[-79.28878,43.69439],[-79.2896,43.6943]]},"properties":{"agency":"TTC","agency_id":"ttc","route_name":"924","route_long_name":"Victoria Park Express","route_type":"Bus","color":"#888888","transit_category":"ttc_other"}},{"type":"Feature","geometry":{"type":"LineString","coordinates":[[-79.35828,43.67681],[-79.35885,43.67677],[-79.35752,43.68194],[-79.35488,43.68955],[-79.35586,43.69206],[-79.35028,43.69324],[-79.35104,43.69537],[-79.34926,43.69705],[-79.35147,43.70096],[-79.35276,43.70202],[-79.34814,43.70635],[-79.33438,43.70999],[-79.33856,43.71927],[-79.34724,43.75102],[-79.34722,43.76227],[-79.34629,43.77194],[-79.34763,43.77651],[-79.34504,43.77592],[-79.3467,43.77554],[-79.34692,43.77653],[-79.34763,43.77651],[-79.34875,43.77919],[-79.34838,43.78189],[-79.35,43.78376],[-79.35094,43.78575],[-79.35302,43.78734],[-79.35395,43.78955],[-79.35528,43.79559],[-79.35338,43.80174],[-79.35362,43.80339],[-79.35567,43.80599],[-79.35999,43.80983],[-79.36073,43.81117],[-79.35755,43.81188],[-79.35669,43.80989],[-79.359,43.80894],[-79.35812,43.80816]]},"properties":{"agency":"TTC","agency_id":"ttc","route_name":"925","route_long_name":"Don Mills Express","route_type":"Bus","color":"#888888","transit_category":"ttc_other"}},{"type":"Feature","geometry":{"type":"LineString","coordinates":[[-79.60798,43.75652],[-79.60337,43.75785],[-79.60076,43.75506],[-79.59169,43.73677],[-79.60471,43.73378],[-79.6099,43.73409],[-79.61001,43.73331],[-79.60808,43.73127],[-79.60491,43.7301],[-79.60573,43.72893],[-79.60435,43.72842],[-79.60413,43.72873],[-79.6055,43.72926],[-79.60491,43.7301],[-79.60158,43.73044],[-79.59582,43.71731],[-79.58182,43.68813],[-79.57815,43.67781],[-79.57363,43.67296],[-79.57329,43.67132],[-79.57376,43.66699],[-79.56136,43.63991],[-79.55985,43.63303],[-79.55838,43.63016],[-79.55916,43.62821],[-79.54691,43.63101],[-79.54328,43.63295],[-79.538,43.63852],[-79.53651,43.63708],[-79.53464,43.63851]]},"properties":{"agency":"TTC","agency_id":"ttc","route_name":"927","route_long_name":"Highway 27 Express","route_type":"Bus","color":"#888888","transit_category":"ttc_other"}},{"type":"Feature","geometry":{"type":"LineString","coordinates":[[-79.45091,43.73425],[-79.45089,43.73506],[-79.45061,43.73424],[-79.4518,43.73402],[-79.45176,43.73362],[-79.45892,43.73209],[-79.4508,43.6964],[-79.435,43.65893],[-79.4258,43.63489],[-79.42683,43.63439],[-79.42564,43.63448]]},"properties":{"agency":"TTC","agency_id":"ttc","route_name":"929","route_long_name":"Dufferin Express","route_type":"Bus","color":"#888888","transit_category":"ttc_other"}},{"type":"Feature","geometry":{"type":"LineString","coordinates":[[-79.31256,43.68647],[-79.31224,43.68672],[-79.31314,43.68652],[-79.31902,43.70015],[-79.31366,43.70445],[-79.31529,43.70514],[-79.31935,43.70428],[-79.32293,43.70465],[-79.32509,43.70375],[-79.3279,43.70345],[-79.32888,43.70378],[-79.3288,43.70441],[-79.32816,43.70444]]},"properties":{"agency":"TTC","agency_id":"ttc","route_name":"93","route_long_name":"Parkview Hills","route_type":"Bus","color":"#888888","transit_category":"ttc_other"}},{"type":"Feature","geometry":{"type":"LineString","coordinates":[[-79.48444,43.64989],[-79.48318,43.65019],[-79.48297,43.64969],[-79.48448,43.64933],[-79.49756,43.68058],[-79.50038,43.68928],[-79.50775,43.71738],[-79.52164,43.77408],[-79.52174,43.77547],[-79.52057,43.77575],[-79.51109,43.77772],[-79.51069,43.77674],[-79.50986,43.77718],[-79.50863,43.77682]]},"properties":{"agency":"TTC","agency_id":"ttc","route_name":"935","route_long_name":"Jane Express","route_type":"Bus","color":"#888888","transit_category":"ttc_other"}},{"type":"Feature","geometry":{"type":"LineString","coordinates":[[-79.57649,43.76433],[-79.57634,43.76399],[-79.57486,43.76434],[-79.56935,43.75657],[-79.568,43.75041],[-79.56861,43.74624],[-79.56802,43.74309],[-79.54698,43.69772],[-79.52381,43.6455],[-79.52096,43.64616],[-79.5196,43.64618],[-79.51898,43.64567],[-79.52453,43.6444],[-79.52384,43.64485],[-79.52475,43.64474]]},"properties":{"agency":"TTC","agency_id":"ttc","route_name":"937","route_long_name":"Islington Express","route_type":"Bus","color":"#888888","transit_category":"ttc_other"}},{"type":"Feature","geometry":{"type":"LineString","coordinates":[[-79.49072,43.76476],[-79.49083,43.76442],[-79.49098,43.7659],[-79.48938,43.76635],[-79.48963,43.76698],[-79.47215,43.77122],[-79.47148,43.76783],[-79.41454,43.77998],[-79.41521,43.78175],[-79.41454,43.77998],[-79.36951,43.78998],[-79.36625,43.79013],[-79.34365,43.79514],[-79.33968,43.79478],[-79.335,43.79275],[-79.33196,43.79295],[-79.26649,43.80802],[-79.25883,43.78961],[-79.25727,43.78738],[-79.25257,43.77543],[-79.26243,43.77334],[-79.26133,43.77007],[-79.27552,43.76719],[-79.27514,43.76686],[-79.27111,43.76792],[-79.26446,43.74969],[-79.2581,43.73453],[-79.26606,43.73267],[-79.26607,43.73299],[-79.26336,43.73346],[-79.26295,43.73239],[-79.26419,43.73199],[-79.2643,43.73148],[-79.26261,43.73139],[-79.26298,43.73208],[-79.26379,43.7315]]},"properties":{"agency":"TTC","agency_id":"ttc","route_name":"939","route_long_name":"Finch Express","route_type":"Bus","color":"#888888","transit_category":"ttc_other"}},{"type":"Feature","geometry":{"type":"LineString","coordinates":[[-79.36881,43.67368],[-79.36963,43.67353],[-79.3694,43.67294],[-79.37091,43.67163],[-79.36956,43.66817],[-79.37603,43.66645],[-79.38388,43.66508],[-79.3839,43.66559],[-79.38347,43.66518],[-79.39065,43.66358],[-79.39146,43.66558],[-79.39285,43.666],[-79.39422,43.665],[-79.39904,43.66368],[-79.42432,43.65855],[-79.4261,43.66302],[-79.42726,43.66277],[-79.42674,43.66233]]},"properties":{"agency":"TTC","agency_id":"ttc","route_name":"94","route_long_name":"Wellesley","route_type":"Bus","color":"#888888","transit_category":"ttc_other"}},{"type":"Feature","geometry":{"type":"LineString","coordinates":[[-79.40649,43.74544],[-79.40535,43.74523],[-79.40522,43.74432],[-79.40191,43.74424],[-79.38414,43.74805],[-79.38065,43.74934],[-79.36348,43.7529],[-79.35996,43.75295],[-79.33943,43.75744],[-79.32498,43.76129],[-79.32198,43.76011],[-79.31854,43.75776],[-79.31523,43.75786],[-79.28175,43.76567],[-79.22334,43.77828],[-79.15607,43.79424],[-79.1546,43.79358],[-79.14622,43.79892],[-79.1506,43.80091],[-79.15084,43.80041],[-79.15,43.79854],[-79.15027,43.79801],[-79.14915,43.79707]]},"properties":{"agency":"TTC","agency_id":"ttc","route_name":"95","route_long_name":"York Mills","route_type":"Bus","color":"#888888","transit_category":"ttc_other"}},{"type":"Feature","geometry":{"type":"LineString","coordinates":[[-79.40233,43.72513],[-79.40259,43.72606],[-79.40307,43.72602],[-79.40348,43.7258],[-79.40314,43.72492],[-79.44322,43.71632],[-79.44344,43.71566],[-79.44468,43.71545],[-79.44498,43.71594],[-79.47338,43.71],[-79.47893,43.70834],[-79.50499,43.70277],[-79.52329,43.69817],[-79.52649,43.70098],[-79.52766,43.7012],[-79.59116,43.68702],[-79.60689,43.68591],[-79.60777,43.68373],[-79.60487,43.68347],[-79.60239,43.68476],[-79.60208,43.68545],[-79.60301,43.6859],[-79.60901,43.68548],[-79.61427,43.6863],[-79.61532,43.68484],[-79.61519,43.6841],[-79.61264,43.68213],[-79.61111,43.68187]]},"properties":{"agency":"TTC","agency_id":"ttc","route_name":"952","route_long_name":"Lawrence West Express","route_type":"Bus","color":"#888888","transit_category":"ttc_other"}},{"type":"Feature","geometry":{"type":"LineString","coordinates":[[-79.22107,43.8197],[-79.22379,43.81983],[-79.22679,43.82108],[-79.2309,43.82359],[-79.2325,43.82618],[-79.23465,43.82731],[-79.23356,43.8286],[-79.23383,43.82923],[-79.23053,43.82996],[-79.22857,43.82928],[-79.22364,43.83048],[-79.22563,43.83412],[-79.22704,43.83402],[-79.23094,43.83537],[-79.23229,43.83892],[-79.23193,43.84114],[-79.24848,43.83723],[-79.24573,43.83163],[-79.24102,43.83266],[-79.24356,43.83839],[-79.3723,43.80853],[-79.39729,43.80303],[-79.39746,43.80421],[-79.39606,43.8029],[-79.39212,43.78501],[-79.41454,43.77999],[-79.41531,43.78173],[-79.41445,43.78035]]},"properties":{"agency":"TTC","agency_id":"ttc","route_name":"953","route_long_name":"Steeles East Express","route_type":"Bus","color":"#888888","transit_category":"ttc_other"}},{"type":"Feature","geometry":{"type":"LineString","coordinates":[[-79.33697,43.72167],[-79.33786,43.7214],[-79.33649,43.72168],[-79.33649,43.72348],[-79.33961,43.72302],[-79.34345,43.73717],[-79.32567,43.74066],[-79.31282,43.74162],[-79.30854,43.74238],[-79.20709,43.76372],[-79.13577,43.7798],[-79.13005,43.78074],[-79.12272,43.78887],[-79.12307,43.78863]]},"properties":{"agency":"TTC","agency_id":"ttc","route_name":"954","route_long_name":"Lawrence East Express","route_type":"Bus","color":"#888888","transit_category":"ttc_other"}},{"type":"Feature","geometry":{"type":"LineString","coordinates":[[-79.62239,43.74694],[-79.6225,43.74734],[-79.62294,43.74703],[-79.62202,43.74687],[-79.62197,43.7459],[-79.62067,43.74335],[-79.62606,43.74208],[-79.62466,43.73921],[-79.62291,43.73745],[-79.62181,43.73728],[-79.61833,43.73812],[-79.61765,43.73624],[-79.61819,43.73328],[-79.61687,43.732],[-79.61353,43.7322],[-79.61099,43.73152],[-79.60914,43.73218],[-79.60808,43.73127],[-79.60492,43.73011],[-79.60573,43.72893],[-79.60435,43.72842],[-79.60413,43.72873],[-79.6055,43.72926],[-79.60492,43.73011],[-79.60361,43.72997],[-79.59676,43.7315],[-79.59353,43.73376],[-79.59169,43.73192],[-79.58941,43.73201],[-79.58671,43.72602],[-79.5823,43.72703],[-79.57638,43.72741],[-79.57246,43.72889],[-79.56932,43.72784],[-79.56946,43.72664],[-79.56629,43.7275],[-79.56444,43.72435],[-79.561,43.72287],[-79.55056,43.72509],[-79.54512,43.72079],[-79.54408,43.71943],[-79.53266,43.71572],[-79.48369,43.72627],[-79.47933,43.72778],[-79.46128,43.73189],[-79.45285,43.73338],[-79.45259,43.73426],[-79.45089,43.73415],[-79.45115,43.73501],[-79.45064,43.7342],[-79.4515,43.73403],[-79.45142,43.73492],[-79.44972,43.73536],[-79.44995,43.73684],[-79.44805,43.73581],[-79.44727,43.73458],[-79.43399,43.73735],[-79.42975,43.73777],[-79.41443,43.74147],[-79.40522,43.74432],[-79.40526,43.74522],[-79.40645,43.74505]]},"properties":{"agency":"TTC","agency_id":"ttc","route_name":"96","route_long_name":"Wilson","route_type":"Bus","color":"#888888","transit_category":"ttc_other"}},{"type":"Feature","geometry":{"type":"LineString","coordinates":[[-79.41497,43.78062],[-79.41581,43.7808],[-79.42008,43.798],[-79.47009,43.78728],[-79.50896,43.7782],[-79.50834,43.77637],[-79.50999,43.77692],[-79.50836,43.77683],[-79.50896,43.7782],[-79.577,43.76386],[-79.58353,43.76037],[-79.59183,43.7593],[-79.59607,43.7595],[-79.61984,43.75418],[-79.61953,43.75304],[-79.61997,43.7522],[-79.62391,43.75044],[-79.62513,43.753]]},"properties":{"agency":"TTC","agency_id":"ttc","route_name":"960","route_long_name":"Steeles West Express","route_type":"Bus","color":"#888888","transit_category":"ttc_other"}},{"type":"Feature","geometry":{"type":"LineString","coordinates":[[-79.39136,43.68791],[-79.39369,43.68713],[-79.39481,43.68973],[-79.40218,43.7251],[-79.40456,43.73436],[-79.40708,43.73477],[-79.40888,43.73566],[-79.41522,43.74128],[-79.40671,43.74414],[-79.4081,43.74979],[-79.40821,43.75299],[-79.40984,43.75722],[-79.41557,43.77976],[-79.41454,43.77998],[-79.41525,43.78183],[-79.41599,43.78163],[-79.419,43.7938],[-79.42686,43.79211],[-79.42926,43.796],[-79.41769,43.79855],[-79.4176,43.79822],[-79.41801,43.79848]]},"properties":{"agency":"TTC","agency_id":"ttc","route_name":"97","route_long_name":"Yonge","route_type":"Bus","color":"#888888","transit_category":"ttc_other"}},{"type":"Feature","geometry":{"type":"LineString","coordinates":[[-79.43575,43.79316],[-79.43714,43.79215],[-79.43658,43.78996],[-79.4357,43.78825],[-79.4331,43.78881],[-79.43133,43.78402],[-79.43375,43.78349],[-79.43171,43.77618],[-79.43024,43.77649],[-79.42255,43.75894],[-79.41231,43.7612],[-79.41269,43.76172],[-79.41236,43.76194],[-79.41182,43.76171],[-79.41231,43.7612],[-79.39968,43.76399],[-79.40993,43.78756],[-79.40991,43.78866],[-79.41446,43.79924],[-79.41768,43.79854],[-79.41773,43.79816],[-79.41801,43.79847]]},"properties":{"agency":"TTC","agency_id":"ttc","route_name":"98","route_long_name":"Willowdale-Senlac","route_type":"Bus","color":"#888888","transit_category":"ttc_other"}},{"type":"Feature","geometry":{"type":"LineString","coordinates":[[-79.41239,43.76145],[-79.41263,43.76183],[-79.41187,43.76186],[-79.41177,43.76133],[-79.46076,43.75081],[-79.45992,43.74876],[-79.46081,43.74841],[-79.46222,43.74854],[-79.46268,43.74971],[-79.4622,43.74989],[-79.46139,43.74845],[-79.45998,43.74865],[-79.46076,43.75081],[-79.46525,43.75029],[-79.4699,43.75418],[-79.47309,43.75541],[-79.47518,43.75547],[-79.4811,43.75412],[-79.48246,43.75323],[-79.48292,43.75221],[-79.48281,43.74682],[-79.48363,43.74567],[-79.48483,43.74508],[-79.50968,43.73967],[-79.51297,43.73945],[-79.53823,43.73375],[-79.53945,43.73899],[-79.53533,43.73994],[-79.53396,43.73467],[-79.53225,43.73505]]},"properties":{"agency":"TTC","agency_id":"ttc","route_name":"984","route_long_name":"Sheppard West Express","route_type":"Bus","color":"#888888","transit_category":"ttc_other"}},{"type":"Feature","geometry":{"type":"LineString","coordinates":[[-79.17084,43.80916],[-79.17136,43.80938],[-79.17101,43.80833],[-79.28536,43.78393],[-79.32531,43.77476],[-79.34124,43.77622],[-79.34658,43.77552],[-79.34696,43.77612],[-79.34505,43.77596],[-79.34629,43.77552]]},"properties":{"agency":"TTC","agency_id":"ttc","route_name":"985","route_long_name":"Sheppard East Express","route_type":"Bus","color":"#888888","transit_category":"ttc_other"}},{"type":"Feature","geometry":{"type":"LineString","coordinates":[[-79.17082,43.80922],[-79.17136,43.80938],[-79.1662,43.79946],[-79.16213,43.78875],[-79.16908,43.78422],[-79.16928,43.782],[-79.17244,43.77764],[-79.17418,43.77601],[-79.17652,43.77507],[-79.1831,43.77404],[-79.18437,43.77329],[-79.21165,43.74371],[-79.21376,43.74433],[-79.26609,43.73294],[-79.26342,43.73349],[-79.26301,43.73254],[-79.26392,43.73224]]},"properties":{"agency":"TTC","agency_id":"ttc","route_name":"986","route_long_name":"Scarborough Express","route_type":"Bus","color":"#888888","transit_category":"ttc_other"}},{"type":"Feature","geometry":{"type":"LineString","coordinates":[[-79.45993,43.6553],[-79.46028,43.65528],[-79.46787,43.67307],[-79.46935,43.67412],[-79.4707,43.67626],[-79.4771,43.68191],[-79.4803,43.68335],[-79.48168,43.68586],[-79.48282,43.68577],[-79.48582,43.68721],[-79.4865,43.68863],[-79.48805,43.68833],[-79.48907,43.68891],[-79.48645,43.68886],[-79.48644,43.68807],[-79.48558,43.6871],[-79.48459,43.68721],[-79.48459,43.68798],[-79.48952,43.68699],[-79.49601,43.68928],[-79.50376,43.69255],[-79.51053,43.69805],[-79.52544,43.703],[-79.53304,43.7067],[-79.53767,43.71757],[-79.53693,43.72362],[-79.53558,43.72678],[-79.53607,43.72925],[-79.53798,43.73254],[-79.54653,43.77028],[-79.54621,43.77159],[-79.54446,43.77319],[-79.54382,43.77293],[-79.54345,43.77092]]},"properties":{"agency":"TTC","agency_id":"ttc","route_name":"989","route_long_name":"Weston Express","route_type":"Bus","color":"#888888","transit_category":"ttc_other"}},{"type":"Feature","geometry":{"type":"LineString","coordinates":[[-79.51321,43.73938],[-79.52932,43.73569],[-79.53086,43.74194],[-79.52913,43.74363],[-79.52976,43.74675],[-79.53461,43.74586],[-79.53421,43.74496],[-79.53216,43.74526]]},"properties":{"agency":"TTC","agency_id":"ttc","route_name":"99","route_long_name":"Arrow Rd","route_type":"Bus","color":"#888888","transit_category":"ttc_other"}},{"type":"Feature","geometry":{"type":"LineString","coordinates":[[-79.18523,43.78472],[-79.18546,43.78415],[-79.18475,43.78488],[-79.1883,43.78657],[-79.22334,43.77828],[-79.28175,43.76567],[-79.31551,43.75781],[-79.31854,43.75776],[-79.32198,43.76011],[-79.32498,43.76129],[-79.33943,43.75744],[-79.35996,43.75295],[-79.36348,43.7529],[-79.38065,43.74934],[-79.38414,43.74805],[-79.40191,43.74424],[-79.40522,43.74432],[-79.40535,43.74523],[-79.40648,43.74523],[-79.40593,43.74553]]},"properties":{"agency":"TTC","agency_id":"ttc","route_name":"995","route_long_name":"York Mills Express","route_type":"Bus","color":"#888888","transit_category":"ttc_other"}},{"type":"Feature","geometry":{"type":"LineString","coordinates":[[-79.62153,43.72472],[-79.62109,43.72461],[-79.62213,43.7259],[-79.62216,43.7268],[-79.61986,43.7292],[-79.61999,43.73248],[-79.61896,43.73344],[-79.61822,43.73355],[-79.61758,43.73248],[-79.61615,43.73184],[-79.61354,43.73221],[-79.611,43.73153],[-79.60915,43.73219],[-79.60809,43.73128],[-79.6049,43.7301],[-79.60573,43.72893],[-79.60435,43.72842],[-79.60413,43.72873],[-79.6055,43.72926],[-79.6049,43.7301],[-79.60361,43.72997],[-79.59676,43.7315],[-79.59353,43.73376],[-79.59169,43.73192],[-79.58941,43.73201],[-79.58671,43.72602],[-79.5823,43.72703],[-79.57638,43.72741],[-79.57246,43.72889],[-79.56913,43.72778],[-79.5667,43.72781],[-79.56571,43.72695],[-79.56444,43.72435],[-79.561,43.72287],[-79.55056,43.72509],[-79.54512,43.72079],[-79.54408,43.71943],[-79.53401,43.71591],[-79.53157,43.71578],[-79.48206,43.72664],[-79.47933,43.72778],[-79.46128,43.73189],[-79.45285,43.73338],[-79.45259,43.73426],[-79.45089,43.73415],[-79.45115,43.73501],[-79.45064,43.7342],[-79.4515,43.73403],[-79.45142,43.73492],[-79.44972,43.73536],[-79.44995,43.73684],[-79.44805,43.73581],[-79.44727,43.73458],[-79.43399,43.73735],[-79.42965,43.73779],[-79.41443,43.74147],[-79.40522,43.74432],[-79.40526,43.74522],[-79.40645,43.74505],[-79.40659,43.74547],[-79.40526,43.74522],[-79.40522,43.74432],[-79.40238,43.74416],[-79.38399,43.7481],[-79.38066,43.74935],[-79.36415,43.75279],[-79.35997,43.75295],[-79.33944,43.75745],[-79.32499,43.7613],[-79.322,43.76011],[-79.31856,43.75776],[-79.31525,43.75787],[-79.26133,43.77007],[-79.26243,43.77334],[-79.25613,43.77492],[-79.2587,43.7741]]},"properties":{"agency":"TTC","agency_id":"ttc","route_name":"996","route_long_name":"Wilson Express","route_type":"Bus","color":"#888888","transit_category":"ttc_other"}},{"type":"Feature","geometry":{"type":"LineString","coordinates":[[-79.41601,43.78076],[-79.41054,43.759],[-79.40919,43.7545],[-79.40875,43.75233],[-79.40854,43.74991],[-79.40796,43.74797],[-79.4071,43.74689],[-79.40621,43.74353],[-79.40527,43.73868],[-79.4052,43.73792],[-79.40534,43.73692],[-79.40418,43.73183],[-79.40239,43.72505],[-79.40134,43.7195],[-79.39861,43.70693],[-79.39855,43.70312],[-79.3976,43.69824],[-79.39683,43.69636],[-79.39538,43.69115],[-79.39433,43.69019],[-79.39359,43.68818],[-79.38808,43.67554],[-79.38676,43.67311],[-79.38344,43.66439],[-79.38323,43.66312],[-79.38345,43.66167],[-79.37786,43.64844],[-79.37769,43.64743],[-79.37793,43.64679],[-79.37865,43.64625],[-79.37985,43.64582],[-79.38176,43.64542],[-79.38269,43.64543],[-79.38377,43.646],[-79.38475,43.64717],[-79.38649,43.65003],[-79.39068,43.6598],[-79.39098,43.66053],[-79.39114,43.66237],[-79.3915,43.66359],[-79.39314,43.66588],[-79.39445,43.66844],[-79.39491,43.66874],[-79.39589,43.66886],[-79.40337,43.6675],[-79.40381,43.66751],[-79.40437,43.66777],[-79.40467,43.66813],[-79.40962,43.68052],[-79.41022,43.68188],[-79.41053,43.68223],[-79.41104,43.68257],[-79.41193,43.68282],[-79.41433,43.68281],[-79.41505,43.68299],[-79.41537,43.68335],[-79.41646,43.68592],[-79.41743,43.68753],[-79.41849,43.68884],[-79.41941,43.68946],[-79.42171,43.69025],[-79.42766,43.69142],[-79.42879,43.69191],[-79.43134,43.69323],[-79.43452,43.69611],[-79.4353,43.69711],[-79.43633,43.69904],[-79.43869,43.70535],[-79.44206,43.71052],[-79.44318,43.71287],[-79.4481,43.72561],[-79.44918,43.73137],[-79.45135,43.73712],[-79.45262,43.73847],[-79.45733,43.74163],[-79.45982,43.74346],[-79.46032,43.74402],[-79.46113,43.7456],[-79.46247,43.74993],[-79.46313,43.75159],[-79.46365,43.75266],[-79.46416,43.75327],[-79.46486,43.75378],[-79.46615,43.75426],[-79.47106,43.75489],[-79.47337,43.7547],[-79.48051,43.75316],[-79.48243,43.75304],[-79.48382,43.75317],[-79.48515,43.7535],[-79.48745,43.75463],[-79.48865,43.75575],[-79.48939,43.75697],[-79.49255,43.7693],[-79.49295,43.77021],[-79.49375,43.77131],[-79.49519,43.77249],[-79.49738,43.77349],[-79.51872,43.77949],[-79.51973,43.77983],[-79.52113,43.78063],[-79.52234,43.78197],[-79.52562,43.78837],[-79.52647,43.79062],[-79.52813,43.79677]]},"properties":{"agency":"TTC","agency_id":"ttc","route_name":"1","route_long_name":"Line 1 (Yonge-University)","route_type":"Subway","color":"#C23030","transit_category":"ttc_subway"}},{"type":"Feature","geometry":{"type":"LineString","coordinates":[[-79.5354,43.63781],[-79.53386,43.63913],[-79.52912,43.64397],[-79.52774,43.64465],[-79.52282,43.64574],[-79.51733,43.64673],[-79.51072,43.64825],[-79.50804,43.6487],[-79.49952,43.65069],[-79.49749,43.65059],[-79.49588,43.65021],[-79.49097,43.64847],[-79.48851,43.64834],[-79.48744,43.64844],[-79.4864,43.64876],[-79.48483,43.6497],[-79.4809,43.65082],[-79.45747,43.65597],[-79.44476,43.65905],[-79.4395,43.65941],[-79.43413,43.66045],[-79.42807,43.66197],[-79.41653,43.66445],[-79.41417,43.66516],[-79.38999,43.67017],[-79.38771,43.67092],[-79.38376,43.67106],[-79.37782,43.67203],[-79.37399,43.67225],[-79.37176,43.67281],[-79.36693,43.67462],[-79.36039,43.67592],[-79.35804,43.67723],[-79.3383,43.68106],[-79.30907,43.68733],[-79.30262,43.68881],[-79.29954,43.68971],[-79.29527,43.69221],[-79.28372,43.69685],[-79.28275,43.69749],[-79.28199,43.69825],[-79.2814,43.69918],[-79.28109,43.7001],[-79.27983,43.70782],[-79.27852,43.71455],[-79.27759,43.71705],[-79.27477,43.72316],[-79.27429,43.72385],[-79.26782,43.73087],[-79.26714,43.73137],[-79.26453,43.73224]]},"properties":{"agency":"TTC","agency_id":"ttc","route_name":"2","route_long_name":"Line 2 (Bloor - Danforth)","route_type":"Subway","color":"#C23030","transit_category":"ttc_subway"}},{"type":"Feature","geometry":{"type":"LineString","coordinates":[[-79.41114,43.76145],[-79.36845,43.77098],[-79.36444,43.77139],[-79.36128,43.77197],[-79.34724,43.77505]]},"properties":{"agency":"TTC","agency_id":"ttc","route_name":"4","route_long_name":"Line 4 (Sheppard)","route_type":"Subway","color":"#C23030","transit_category":"ttc_subway"}},{"type":"Feature","geometry":{"type":"LineString","coordinates":[[-79.26484,43.73297],[-79.30199,43.72474],[-79.30542,43.72481],[-79.31555,43.72626],[-79.31951,43.72591],[-79.33036,43.72309],[-79.35496,43.71562],[-79.43503,43.69899],[-79.4629,43.69288],[-79.46538,43.69194],[-79.46944,43.69143],[-79.48783,43.68731]]},"properties":{"agency":"TTC","agency_id":"ttc","route_name":"5","route_long_name":"Line 5 Eglinton","route_type":"Streetcar","color":"#888888","transit_category":"ttc_other"}},{"type":"Feature","geometry":{"type":"LineString","coordinates":[[-79.60136,43.72994],[-79.6032,43.73413],[-79.59052,43.73712],[-79.58881,43.74203],[-79.58747,43.74307],[-79.57959,43.74363],[-79.55878,43.74856],[-79.49492,43.76218],[-79.49189,43.76332],[-79.49072,43.76322]]},"properties":{"agency":"TTC","agency_id":"ttc","route_name":"6","route_long_name":"Line 6 Finch West","route_type":"Streetcar","color":"#888888","transit_category":"ttc_other"}},{"type":"Feature","geometry":{"type":"LineString","coordinates":[[-79.37716,43.64395],[-79.37738,43.64426],[-79.37689,43.64436],[-79.3773,43.64423],[-79.37671,43.64393],[-79.38283,43.64091],[-79.38679,43.63972],[-79.39717,43.63797],[-79.40257,43.63807],[-79.41264,43.63736],[-79.43107,43.63255],[-79.43483,43.63309],[-79.44424,43.63709],[-79.44858,43.63829],[-79.4557,43.63903],[-79.46075,43.63854],[-79.46441,43.63759],[-79.46927,43.63558],[-79.47567,43.63192],[-79.48057,43.62828],[-79.483,43.62729],[-79.50547,43.62202],[-79.53853,43.61557],[-79.54679,43.61438],[-79.54922,43.61366],[-79.55188,43.61215],[-79.60244,43.56601],[-79.60535,43.56304],[-79.61294,43.55297],[-79.62314,43.54694],[-79.67277,43.50161],[-79.67382,43.49959],[-79.67403,43.49662],[-79.67264,43.47579],[-79.67423,43.47126],[-79.67766,43.46721],[-79.80574,43.3505],[-79.81056,43.34732],[-79.82659,43.34012],[-79.83432,43.33608],[-79.83863,43.33277],[-79.86195,43.31052],[-79.86862,43.30567],[-79.88077,43.29817],[-79.89199,43.29411],[-79.8963,43.29014],[-79.89724,43.28824],[-79.89698,43.28617],[-79.89278,43.28182],[-79.89225,43.28035],[-79.893,43.27626],[-79.8926,43.27107],[-79.89344,43.26188],[-79.89439,43.26038],[-79.89576,43.25947],[-79.90168,43.258],[-79.90599,43.25636],[-79.90716,43.25672],[-79.90703,43.25843],[-79.89246,43.26061],[-79.86965,43.25536],[-79.87063,43.25312],[-79.87008,43.2531]]},"properties":{"agency":"GO Transit","agency_id":"go_transit","route_name":"16","route_long_name":"Hamilton / Toronto Express","route_type":"Bus","color":"#5C8A4D","transit_category":"go_transit"}},{"type":"Feature","geometry":{"type":"LineString","coordinates":[[-79.54155,43.84727],[-79.54197,43.84737],[-79.54122,43.84754],[-79.54107,43.84715],[-79.54224,43.84721],[-79.54309,43.84828],[-79.54199,43.84875],[-79.54142,43.84809],[-79.54958,43.84688],[-79.55045,43.84738],[-79.54989,43.84783],[-79.54917,43.8475],[-79.5479,43.84289],[-79.54523,43.81545],[-79.54101,43.79604],[-79.54086,43.79397],[-79.54183,43.79148],[-79.5415,43.79078],[-79.52447,43.79401],[-79.52389,43.79113],[-79.52397,43.78766],[-79.5223,43.78388],[-79.52346,43.78332],[-79.52295,43.78217],[-79.52394,43.78305],[-79.52569,43.78292],[-79.52365,43.78343],[-79.52266,43.78196],[-79.52148,43.78227],[-79.52357,43.78691],[-79.52723,43.78642],[-79.5305,43.78496],[-79.5349,43.7838],[-79.55778,43.77889],[-79.5635,43.77706],[-79.58554,43.76805],[-79.60185,43.76226],[-79.63468,43.75405],[-79.63766,43.75291],[-79.64045,43.75114],[-79.65011,43.74302],[-79.66961,43.73107],[-79.67285,43.72827],[-79.67513,43.72386],[-79.67571,43.7147],[-79.67638,43.71186],[-79.67766,43.70927],[-79.68246,43.70245],[-79.68522,43.70102],[-79.68812,43.70318],[-79.68911,43.70238],[-79.69207,43.70178],[-79.69307,43.70262],[-79.712,43.68545],[-79.71307,43.68509],[-79.71348,43.68572],[-79.7128,43.68599],[-79.7118,43.68546],[-79.70848,43.68231],[-79.70354,43.67219],[-79.70087,43.66914],[-79.63447,43.61994],[-79.63217,43.61655],[-79.63228,43.61329],[-79.63349,43.61129],[-79.64029,43.60486],[-79.6427,43.60299],[-79.64617,43.60182],[-79.6427,43.59925],[-79.64264,43.59866],[-79.6471,43.59431],[-79.64911,43.59546],[-79.64621,43.59793],[-79.6451,43.59798],[-79.64394,43.59727],[-79.64078,43.59907],[-79.63991,43.59868],[-79.63992,43.59819],[-79.64079,43.59813],[-79.64458,43.60082],[-79.64538,43.60157],[-79.64527,43.60216],[-79.64458,43.60233],[-79.64401,43.60186],[-79.64496,43.60047],[-79.66908,43.57781],[-79.68071,43.56488],[-79.68469,43.56176],[-79.69384,43.55629],[-79.69809,43.55562],[-79.70029,43.55377],[-79.69935,43.55291],[-79.70177,43.55112],[-79.69935,43.55291],[-79.70018,43.55366],[-79.6988,43.5549],[-79.69806,43.55417],[-79.69837,43.55325],[-79.71679,43.53708],[-79.72636,43.52723],[-79.73117,43.52417],[-79.73532,43.51956],[-79.74314,43.513],[-79.74614,43.51091],[-79.74947,43.51008],[-79.74561,43.50707],[-79.74539,43.50616],[-79.74431,43.50596],[-79.7483,43.50931],[-79.74853,43.51022],[-79.74768,43.51037],[-79.74739,43.50976],[-79.75562,43.50237],[-79.7578,43.49958],[-79.75915,43.49667],[-79.76077,43.49017],[-79.76237,43.48753],[-79.77843,43.47537],[-79.78176,43.47193],[-79.78366,43.46898],[-79.78487,43.46604],[-79.7865,43.45567],[-79.78789,43.45027],[-79.78934,43.44787],[-79.79256,43.44597],[-79.79202,43.44577],[-79.79162,43.44647],[-79.79078,43.44501],[-79.79367,43.43974],[-79.79913,43.43394],[-79.82689,43.40951],[-79.83051,43.40475],[-79.83288,43.39979],[-79.83409,43.39438],[-79.83408,43.38574],[-79.83575,43.3837],[-79.83569,43.38296],[-79.83473,43.38227],[-79.82715,43.38916],[-79.82804,43.38975],[-79.82896,43.38967],[-79.82807,43.38911],[-79.82922,43.38818],[-79.83005,43.38876],[-79.8291,43.38961],[-79.82831,43.38981],[-79.8273,43.38927],[-79.83376,43.38335],[-79.83479,43.3828],[-79.83557,43.38333],[-79.83471,43.38378],[-79.83375,43.38294],[-79.83259,43.37249],[-79.83114,43.34138],[-79.83182,43.33804],[-79.83371,43.33594],[-79.83858,43.33273],[-79.86195,43.31052],[-79.86862,43.30567],[-79.88077,43.29817],[-79.89199,43.29411],[-79.8963,43.29014],[-79.89724,43.28824],[-79.89698,43.28617],[-79.89278,43.28182],[-79.89225,43.28035],[-79.893,43.27626],[-79.8926,43.27107],[-79.89333,43.26249],[-79.89401,43.26079],[-79.89576,43.25947],[-79.90646,43.25635],[-79.90728,43.25698],[-79.90707,43.25852],[-79.91139,43.25802],[-79.92173,43.25795],[-79.92311,43.25935],[-79.92333,43.26236],[-79.92315,43.2614],[-79.92266,43.2618],[-79.92333,43.26339],[-79.92559,43.26321],[-79.92536,43.2627],[-79.92395,43.26256],[-79.92326,43.25934],[-79.92224,43.25763],[-79.9117,43.25792],[-79.89246,43.26061],[-79.86965,43.25536],[-79.87063,43.25312],[-79.87008,43.2531]]},"properties":{"agency":"GO Transit","agency_id":"go_transit","route_name":"47","route_long_name":"Hamilton / Hwy 407 Terminal","route_type":"Bus","color":"#5C8A4D","transit_category":"go_transit"}},{"type":"Feature","geometry":{"type":"LineString","coordinates":[[-79.31453,43.85202],[-79.3076,43.85341],[-79.30816,43.85114],[-79.30896,43.85044],[-79.32484,43.8465],[-79.3414,43.84323],[-79.38162,43.83719],[-79.39247,43.83692],[-79.41246,43.83885],[-79.41812,43.83831],[-79.42494,43.83637],[-79.42905,43.83646],[-79.42931,43.83916],[-79.42654,43.83917],[-79.42562,43.84047],[-79.4251,43.83998],[-79.42527,43.83949],[-79.42597,43.84029],[-79.42648,43.83928],[-79.4298,43.83927],[-79.42963,43.83512],[-79.43062,43.834],[-79.43245,43.83312],[-79.46319,43.82559],[-79.46921,43.82329],[-79.47478,43.82026],[-79.47771,43.81762],[-79.4794,43.81486],[-79.48055,43.80608],[-79.48255,43.80155],[-79.48635,43.79765],[-79.49209,43.79436],[-79.49682,43.79274],[-79.51504,43.78831],[-79.52377,43.78688],[-79.5223,43.78388],[-79.52346,43.78332],[-79.52284,43.78226],[-79.52394,43.78305],[-79.52569,43.78292],[-79.52365,43.78343],[-79.52266,43.78196],[-79.52165,43.78222],[-79.52357,43.78691],[-79.52701,43.78648],[-79.53409,43.78399],[-79.56023,43.77818],[-79.58554,43.76805],[-79.60368,43.76169],[-79.61129,43.75987],[-79.6156,43.75999],[-79.61685,43.75963],[-79.60905,43.74718],[-79.6016,43.73045],[-79.60443,43.73002],[-79.60783,43.73123],[-79.60977,43.73296],[-79.60983,43.73415],[-79.6203,43.73535],[-79.62773,43.73416],[-79.62875,43.73423],[-79.62898,43.73473],[-79.62838,43.73502],[-79.62776,43.7346],[-79.62593,43.72839],[-79.61447,43.70832],[-79.60949,43.69805],[-79.60955,43.69644],[-79.6113,43.69309],[-79.61343,43.68673],[-79.61494,43.68433],[-79.61301,43.68229],[-79.61175,43.68179],[-79.61055,43.68207],[-79.60845,43.68372],[-79.60559,43.68364],[-79.60274,43.68446],[-79.59555,43.68199],[-79.59393,43.68023],[-79.59334,43.67781],[-79.59326,43.67645],[-79.59462,43.67561],[-79.59474,43.67443],[-79.59059,43.66738],[-79.58871,43.66579],[-79.58925,43.66482],[-79.59146,43.66319],[-79.59326,43.66104],[-79.60621,43.64937],[-79.6087,43.6466],[-79.61378,43.64247],[-79.61376,43.64118],[-79.60724,43.63713],[-79.60688,43.63575],[-79.60885,43.63476],[-79.61694,43.6282],[-79.62983,43.61548],[-79.6312,43.61223],[-79.64222,43.60181],[-79.64281,43.60021],[-79.64164,43.59884],[-79.64427,43.59718],[-79.6471,43.59431],[-79.64928,43.59557],[-79.65754,43.58764],[-79.65884,43.58622],[-79.6591,43.58525],[-79.66101,43.58655],[-79.66096,43.58743],[-79.65995,43.58744],[-79.65977,43.5868],[-79.67027,43.5766],[-79.68121,43.56444],[-79.69808,43.55313],[-79.71679,43.53708],[-79.72636,43.52723],[-79.73117,43.52417],[-79.73532,43.51956],[-79.74314,43.513],[-79.74614,43.51091],[-79.74947,43.51008],[-79.74561,43.50707],[-79.74539,43.50616],[-79.74431,43.50596],[-79.7483,43.50931],[-79.74853,43.51022],[-79.74768,43.51037],[-79.74739,43.50976],[-79.75562,43.50237],[-79.7578,43.49958],[-79.75915,43.49667],[-79.76077,43.49017],[-79.76237,43.48753],[-79.77843,43.47537],[-79.78289,43.47031],[-79.78503,43.46545],[-79.7865,43.45567],[-79.78803,43.44984],[-79.79069,43.44409],[-79.79367,43.43974],[-79.79913,43.43394],[-79.82525,43.41114],[-79.82953,43.40624],[-79.83188,43.40221],[-79.83341,43.3981],[-79.83423,43.39259],[-79.83408,43.38574],[-79.83584,43.38347],[-79.83473,43.38227],[-79.82715,43.38916],[-79.82804,43.38975],[-79.82896,43.38967],[-79.82807,43.38911],[-79.82922,43.38818],[-79.83005,43.38876],[-79.8291,43.38961],[-79.82831,43.38981],[-79.8273,43.38927],[-79.83376,43.38335],[-79.83479,43.3828],[-79.83557,43.38333],[-79.83471,43.38378],[-79.83375,43.38294],[-79.83259,43.37249],[-79.83114,43.34138],[-79.83182,43.33804],[-79.83371,43.33594],[-79.83858,43.33273],[-79.86195,43.31052],[-79.86862,43.30567],[-79.88077,43.29817],[-79.89199,43.29411],[-79.8963,43.29014],[-79.89724,43.28824],[-79.89698,43.28617],[-79.89278,43.28182],[-79.89225,43.28035],[-79.893,43.27626],[-79.8926,43.27107],[-79.89344,43.26188],[-79.89439,43.26038],[-79.89576,43.25947],[-79.90168,43.258],[-79.90599,43.25636],[-79.90689,43.2565],[-79.90728,43.25716],[-79.90703,43.25843],[-79.89246,43.26061],[-79.86965,43.25536],[-79.87063,43.25312],[-79.87008,43.2531]]},"properties":{"agency":"GO Transit","agency_id":"go_transit","route_name":"40","route_long_name":"Hamilton / Richmond Hill","route_type":"Bus","color":"#5C8A4D","transit_category":"go_transit"}},{"type":"Feature","geometry":{"type":"LineString","coordinates":[[-79.37716,43.64395],[-79.37738,43.64426],[-79.37689,43.64436],[-79.3773,43.64423],[-79.37671,43.64393],[-79.38283,43.64091],[-79.38679,43.63972],[-79.39717,43.63797],[-79.40257,43.63807],[-79.41264,43.63736],[-79.43107,43.63255],[-79.43483,43.63309],[-79.44424,43.63709],[-79.44858,43.63829],[-79.4557,43.63903],[-79.46075,43.63854],[-79.46441,43.63759],[-79.46927,43.63558],[-79.47567,43.63192],[-79.48057,43.62828],[-79.483,43.62729],[-79.50547,43.62202],[-79.53853,43.61557],[-79.54679,43.61438],[-79.54922,43.61366],[-79.55188,43.61215],[-79.59659,43.57133],[-79.60078,43.56873],[-79.58394,43.5568],[-79.58469,43.55611],[-79.58578,43.55674],[-79.58746,43.5556],[-79.58765,43.55509],[-79.58651,43.55441],[-79.58394,43.5568],[-79.6007,43.5688],[-79.60244,43.56601],[-79.60535,43.56304],[-79.61294,43.55297],[-79.62257,43.54742],[-79.64443,43.52771],[-79.64984,43.52559],[-79.63233,43.51273],[-79.63325,43.51274],[-79.63222,43.51282],[-79.64749,43.52406],[-79.64859,43.52518],[-79.64814,43.52578],[-79.64734,43.52532],[-79.64827,43.52407],[-79.67277,43.50161],[-79.67382,43.49959],[-79.67403,43.49662],[-79.67258,43.47858],[-79.67279,43.47495],[-79.67414,43.47142],[-79.67639,43.46846],[-79.68127,43.46409],[-79.68243,43.46339],[-79.68407,43.46317],[-79.68476,43.46251],[-79.68143,43.45721],[-79.68377,43.45634],[-79.6827,43.4557],[-79.6814,43.45636],[-79.68179,43.45665],[-79.68276,43.4557],[-79.68377,43.45634],[-79.68125,43.45726],[-79.68395,43.46184],[-79.68427,43.46258],[-79.68396,43.463],[-79.68309,43.46259],[-79.68411,43.46123],[-79.72135,43.42765],[-79.7234,43.42618],[-79.72667,43.42519],[-79.72525,43.42377],[-79.72195,43.42188],[-79.72624,43.41766],[-79.72465,43.41675],[-79.72399,43.41561],[-79.72465,43.41675],[-79.72624,43.41766],[-79.7328,43.41135],[-79.73331,43.40953],[-79.73628,43.40664],[-79.73815,43.40792],[-79.74083,43.41128],[-79.74069,43.41185],[-79.7398,43.41193],[-79.7395,43.41125],[-79.74243,43.40824],[-79.76791,43.38493],[-79.77015,43.38324],[-79.77259,43.38248],[-79.77333,43.3818],[-79.76229,43.37357],[-79.75953,43.37603],[-79.75792,43.37806],[-79.76041,43.37943],[-79.75792,43.37806],[-79.7622,43.37364],[-79.77227,43.38133],[-79.77252,43.38231],[-79.77154,43.38198],[-79.77266,43.38056],[-79.80679,43.34966],[-79.81056,43.34732],[-79.81802,43.34391],[-79.82047,43.34309],[-79.82245,43.34327],[-79.8237,43.34265],[-79.81774,43.3385],[-79.81267,43.33588],[-79.80879,43.33926],[-79.80958,43.33991],[-79.80904,43.34058],[-79.80967,43.34069],[-79.80973,43.34022],[-79.80879,43.33926],[-79.81454,43.33423],[-79.81862,43.32995],[-79.82372,43.32818],[-79.82527,43.32845],[-79.82777,43.33243],[-79.82834,43.33712],[-79.82976,43.33995],[-79.8293,43.34065],[-79.82808,43.34049],[-79.828,43.33966],[-79.83432,43.33608],[-79.83779,43.33348],[-79.85629,43.31578],[-79.86066,43.31261],[-79.85889,43.31139],[-79.85746,43.31326],[-79.85674,43.31269],[-79.85595,43.31301],[-79.856,43.31333],[-79.85682,43.31273],[-79.85746,43.31326],[-79.85889,43.31139],[-79.86205,43.31361],[-79.86275,43.31279],[-79.86214,43.31148],[-79.86241,43.31071],[-79.86917,43.30531],[-79.88129,43.29789],[-79.89245,43.29379],[-79.8963,43.29014],[-79.89728,43.28766],[-79.89662,43.28555],[-79.89314,43.28225],[-79.89227,43.28053],[-79.893,43.27626],[-79.89261,43.27078],[-79.89353,43.26163],[-79.89576,43.25947],[-79.90168,43.258],[-79.90599,43.25636],[-79.90728,43.25698],[-79.90703,43.25843],[-79.89246,43.26061],[-79.86965,43.25536],[-79.87063,43.25312],[-79.86801,43.25238],[-79.86321,43.26342],[-79.86581,43.26412],[-79.86514,43.26563],[-79.866,43.26608]]},"properties":{"agency":"GO Transit","agency_id":"go_transit","route_name":"18","route_long_name":"Lakeshore West","route_type":"Bus","color":"#5C8A4D","transit_category":"go_transit"}},{"type":"Feature","geometry":{"type":"LineString","coordinates":[[-79.85595,43.31301],[-79.856,43.31333],[-79.85682,43.31273],[-79.85746,43.31326],[-79.85889,43.31139],[-79.86205,43.31361],[-79.86275,43.31279],[-79.86214,43.31148],[-79.86241,43.31071],[-79.86862,43.30567],[-79.88129,43.29789],[-79.89199,43.29411],[-79.89643,43.28997],[-79.89724,43.28824],[-79.89698,43.28617],[-79.89278,43.28182],[-79.89225,43.28035],[-79.893,43.27626],[-79.8926,43.27107],[-79.89333,43.26249],[-79.89439,43.26038],[-79.89576,43.25947],[-79.90646,43.25635],[-79.90728,43.25698],[-79.90707,43.25852],[-79.91139,43.25802],[-79.92173,43.25795],[-79.92311,43.25935],[-79.92333,43.26236],[-79.92315,43.2614],[-79.92266,43.2618],[-79.92333,43.26339],[-79.92559,43.26321],[-79.92536,43.2627],[-79.92395,43.26256],[-79.92326,43.25934],[-79.92224,43.25763],[-79.91182,43.25791],[-79.90243,43.25913],[-79.90143,43.25639],[-79.90292,43.25373],[-79.90901,43.25594],[-79.91071,43.2546],[-79.91429,43.25314],[-79.91775,43.24938],[-79.91977,43.24829],[-79.93676,43.24576],[-79.94659,43.24234],[-79.94857,43.24003],[-79.94873,43.236],[-79.94974,43.23363],[-79.95647,43.22637],[-79.96821,43.21208],[-79.97081,43.2099],[-79.97469,43.20772],[-79.98013,43.20606],[-79.99096,43.20467],[-80.00354,43.20498],[-80.01104,43.20751],[-80.01513,43.20835],[-80.02218,43.20805],[-80.06988,43.19399],[-80.07706,43.1933],[-80.09097,43.19414],[-80.0962,43.19363],[-80.09945,43.19254],[-80.11233,43.18641],[-80.18211,43.16857],[-80.23421,43.16693],[-80.24071,43.16608],[-80.24427,43.16703],[-80.23446,43.14207],[-80.24225,43.14014],[-80.24498,43.14064],[-80.2589,43.13972],[-80.25903,43.14062],[-80.26595,43.14015],[-80.26573,43.13836],[-80.25878,43.13883],[-80.26028,43.13716],[-80.25986,43.13519],[-80.26059,43.13357],[-80.25217,43.12159],[-80.25191,43.12111],[-80.25222,43.12102],[-80.25191,43.12111],[-80.24862,43.11485],[-80.24369,43.10768],[-80.24317,43.10628],[-80.24357,43.1047],[-80.25177,43.0931],[-80.26036,43.07967],[-80.13954,43.03559],[-80.13871,43.03628],[-80.139,43.03638],[-80.13047,43.04951],[-80.12859,43.05142],[-80.12717,43.05468],[-80.11803,43.06875],[-80.0,43.0254],[-79.99787,43.02727],[-79.99817,43.0279],[-80.00107,43.02839],[-80.00203,43.02944],[-80.00317,43.0296],[-80.00726,43.02845],[-80.00747,43.02812],[-79.99611,43.02395],[-80.032,42.98394],[-80.03628,42.97676],[-80.03764,42.97727],[-80.03798,42.97673],[-80.0374,42.97671]]},"properties":{"agency":"GO Transit","agency_id":"go_transit","route_name":"15","route_long_name":"Brantford / Aldershot","route_type":"Bus","color":"#5C8A4D","transit_category":"go_transit"}},{"type":"Feature","geometry":{"type":"LineString","coordinates":[[-79.37716,43.64395],[-79.37738,43.64426],[-79.37689,43.64436],[-79.3773,43.64423],[-79.37671,43.64393],[-79.38101,43.64172],[-79.38073,43.64102],[-79.37746,43.64212],[-79.37748,43.64327],[-79.37304,43.64507],[-79.3637,43.64706],[-79.3572,43.64897],[-79.3522,43.64898],[-79.34853,43.6508],[-79.34817,43.65204],[-79.34857,43.65298],[-79.35394,43.65851],[-79.3572,43.66932],[-79.36065,43.67373],[-79.36175,43.67641],[-79.36246,43.68173],[-79.36103,43.68517],[-79.3604,43.68921],[-79.35836,43.69222],[-79.35198,43.69731],[-79.34969,43.69786],[-79.34422,43.69732],[-79.34194,43.69758],[-79.33342,43.7021],[-79.33216,43.70355],[-79.33084,43.70803],[-79.32595,43.71203],[-79.325,43.71413],[-79.32545,43.71587],[-79.32841,43.71926],[-79.32994,43.72247],[-79.33051,43.72964],[-79.33203,43.7371],[-79.33217,43.74222],[-79.33379,43.75233],[-79.33678,43.76304],[-79.33725,43.76773],[-79.33857,43.7716],[-79.34656,43.80906],[-79.34843,43.81148],[-79.35576,43.81478],[-79.35924,43.81772],[-79.36476,43.83114],[-79.36516,43.8338],[-79.36464,43.83643],[-79.36283,43.83819],[-79.35668,43.84055],[-79.33944,43.84323],[-79.31373,43.8487],[-79.31077,43.84912],[-79.30805,43.84866],[-79.30686,43.84902],[-79.30789,43.85126],[-79.30746,43.85337],[-79.30857,43.85358],[-79.31453,43.85202],[-79.30879,43.85346],[-79.30746,43.85337],[-79.30286,43.85888],[-79.3027,43.86025],[-79.30361,43.86265],[-79.29186,43.86538],[-79.29302,43.86803],[-79.29289,43.86876],[-79.28951,43.87017],[-79.28759,43.87233],[-79.27259,43.87635],[-79.27159,43.87728],[-79.26527,43.87875],[-79.26314,43.88082],[-79.26158,43.88126],[-79.26583,43.90019],[-79.2635,43.90069],[-79.26586,43.90031],[-79.26597,43.90068],[-79.27341,43.93251],[-79.27777,43.94383],[-79.27841,43.95213],[-79.27916,43.95659],[-79.28084,43.96133],[-79.28076,43.96374],[-79.23119,43.97485],[-79.23467,43.98975],[-79.23686,43.98917],[-79.23694,43.98981],[-79.23746,43.9899],[-79.23772,43.98899],[-79.23467,43.98975],[-79.23905,44.00879],[-79.23896,44.01054],[-79.2379,44.0126],[-79.23782,44.01402],[-79.17037,44.05138],[-79.15693,44.05488],[-79.15488,44.05598],[-79.15384,44.05771],[-79.15322,44.06029],[-79.16052,44.077],[-79.16083,44.07843],[-79.16048,44.07971],[-79.1595,44.08089],[-79.1578,44.08184],[-79.138,44.08642],[-79.13445,44.0886],[-79.12599,44.10088],[-79.12547,44.10334],[-79.12279,44.108],[-79.12233,44.11075],[-79.12446,44.11022],[-79.12521,44.10956]]},"properties":{"agency":"GO Transit","agency_id":"go_transit","route_name":"71","route_long_name":"Stouffville","route_type":"Bus","color":"#5C8A4D","transit_category":"go_transit"}},{"type":"Feature","geometry":{"type":"LineString","coordinates":[[-79.12521,44.10956],[-79.12546,44.10891],[-79.12252,44.10955],[-79.12279,44.108],[-79.12547,44.10334],[-79.12589,44.10108],[-79.13528,44.08791],[-79.13865,44.08624],[-79.1578,44.08184],[-79.1595,44.08089],[-79.16048,44.07971],[-79.16083,44.07843],[-79.16052,44.077],[-79.15322,44.06029],[-79.15384,44.05771],[-79.15488,44.05598],[-79.15693,44.05488],[-79.17037,44.05138],[-79.23819,44.014],[-79.23786,44.01277],[-79.23896,44.01054],[-79.23905,44.00879],[-79.23467,43.98975],[-79.23686,43.98917],[-79.23694,43.98981],[-79.23746,43.9899],[-79.23772,43.98899],[-79.23467,43.98975],[-79.23119,43.97485],[-79.28092,43.96383],[-79.28084,43.96133],[-79.27918,43.95625],[-79.27841,43.95213],[-79.27777,43.94383],[-79.27416,43.935],[-79.26837,43.91121],[-79.26726,43.90447],[-79.26604,43.90015],[-79.2635,43.90069],[-79.26607,43.90026],[-79.26158,43.88126],[-79.26314,43.88082],[-79.26527,43.87875],[-79.27159,43.87728],[-79.27259,43.87635],[-79.28814,43.87206],[-79.28951,43.87017],[-79.29289,43.86876],[-79.29304,43.86761],[-79.29191,43.86549],[-79.3038,43.86273],[-79.3027,43.86025],[-79.30286,43.85888],[-79.3076,43.85341],[-79.30857,43.85358],[-79.31453,43.85202]]},"properties":{"agency":"GO Transit","agency_id":"go_transit","route_name":"70","route_long_name":"Uxbridge / Mount Joy","route_type":"Bus","color":"#5C8A4D","transit_category":"go_transit"}},{"type":"Feature","geometry":{"type":"LineString","coordinates":[[-79.68926,44.37441],[-79.68985,44.37418],[-79.68891,44.37402],[-79.68871,44.37499],[-79.69031,44.37466],[-79.69207,44.37212],[-79.69053,44.37155],[-79.68582,44.37106],[-79.67762,44.37162],[-79.66802,44.36982],[-79.66283,44.36665],[-79.6552,44.36056],[-79.64938,44.35757],[-79.63008,44.35048],[-79.6295,44.35128],[-79.62831,44.35091],[-79.62785,44.35149],[-79.62888,44.35186],[-79.63008,44.35048],[-79.62738,44.34847],[-79.62448,44.34419],[-79.61626,44.31288],[-79.61349,44.29933],[-79.59393,44.22367],[-79.58857,44.21146],[-79.56482,44.11428],[-79.55799,44.11583],[-79.55613,44.11568],[-79.55556,44.11641],[-79.5571,44.11787],[-79.55777,44.11775],[-79.55729,44.11587],[-79.54559,44.11324],[-79.52304,44.10716],[-79.51891,44.10495],[-79.51795,44.10583],[-79.5149,44.10501],[-79.51362,44.10539],[-79.5013,44.10216],[-79.49723,44.1002],[-79.49155,44.10144],[-79.48942,44.09241],[-79.49244,44.08725],[-79.48728,44.083],[-79.48782,44.08241],[-79.48667,44.08031],[-79.4849,44.07282],[-79.46792,44.07679],[-79.45786,44.07871],[-79.45767,44.07818],[-79.45667,44.07823],[-79.45602,44.07873],[-79.45767,44.07818],[-79.45791,44.07886],[-79.46037,44.07837],[-79.45865,44.07111],[-79.45983,44.06843],[-79.45987,44.06623],[-79.46269,44.06464],[-79.46318,44.0634],[-79.46115,44.05907],[-79.45423,44.06063],[-79.45342,44.05699],[-79.45293,44.04948],[-79.45341,44.04744],[-79.44391,44.00509],[-79.45679,44.00203],[-79.45588,43.99897],[-79.45848,43.99842],[-79.45911,44.00026],[-79.45941,43.99978]]},"properties":{"agency":"GO Transit","agency_id":"go_transit","route_name":"68","route_long_name":"Barrie / Newmarket","route_type":"Bus","color":"#5C8A4D","transit_category":"go_transit"}},{"type":"Feature","geometry":{"type":"LineString","coordinates":[[-79.41512,43.78218],[-79.41441,43.78242],[-79.41422,43.78208],[-79.41608,43.78163],[-79.416,43.78085],[-79.40928,43.75488],[-79.40937,43.75366],[-79.41544,43.74924],[-79.41882,43.74556],[-79.43717,43.73433],[-79.44045,43.73266],[-79.44634,43.73091],[-79.44997,43.73014],[-79.45049,43.73032],[-79.45045,43.73082],[-79.44939,43.73055],[-79.44894,43.72792],[-79.44945,43.72756],[-79.44846,43.72498],[-79.44929,43.7248],[-79.44945,43.72532],[-79.44665,43.72621],[-79.4478,43.7278],[-79.44636,43.73018],[-79.44737,43.73144],[-79.44908,43.7317],[-79.45804,43.72826],[-79.478,43.72391],[-79.48049,43.72454],[-79.4817,43.72438],[-79.48174,43.7234],[-79.48233,43.72295],[-79.49047,43.72071],[-79.49712,43.7198],[-79.50257,43.71835],[-79.52657,43.71558],[-79.55137,43.70974],[-79.55521,43.70785],[-79.56901,43.6925],[-79.57813,43.67643],[-79.58081,43.67363],[-79.58346,43.67228],[-79.58678,43.67195],[-79.58921,43.67313],[-79.59104,43.67699],[-79.59372,43.6763],[-79.59462,43.67561],[-79.59468,43.6743],[-79.59064,43.66746],[-79.58874,43.666],[-79.58925,43.66482],[-79.59146,43.66319],[-79.59326,43.66104],[-79.60621,43.64937],[-79.6087,43.6466],[-79.6139,43.64228],[-79.61365,43.64108],[-79.60724,43.63713],[-79.60688,43.63575],[-79.60885,43.63476],[-79.61694,43.6282],[-79.62983,43.61548],[-79.6312,43.61223],[-79.64222,43.60181],[-79.64281,43.60021],[-79.64164,43.59884],[-79.64427,43.59718],[-79.6471,43.59431],[-79.64752,43.59469]]},"properties":{"agency":"GO Transit","agency_id":"go_transit","route_name":"19","route_long_name":"Mississauga / North York","route_type":"Bus","color":"#5C8A4D","transit_category":"go_transit"}},{"type":"Feature","geometry":{"type":"LineString","coordinates":[[-79.45667,44.07823],[-79.45602,44.07873],[-79.45767,44.07818],[-79.45791,44.07886],[-79.46037,44.07837],[-79.45865,44.07111],[-79.45983,44.06843],[-79.45987,44.06623],[-79.46269,44.06464],[-79.46318,44.0634],[-79.46115,44.05907],[-79.45423,44.06063],[-79.45342,44.05699],[-79.45293,44.04948],[-79.45341,44.04744],[-79.44391,44.00509],[-79.45679,44.00203],[-79.45588,43.99897],[-79.45848,43.99842],[-79.45911,44.00026],[-79.45941,43.99978],[-79.45866,43.99946],[-79.45638,44.00027],[-79.45679,44.00203],[-79.46756,43.99966],[-79.45467,43.94455],[-79.50137,43.93483],[-79.5282,43.92871],[-79.52308,43.91008],[-79.52362,43.90391],[-79.51378,43.86101],[-79.50493,43.86297],[-79.50385,43.86045],[-79.50646,43.85984],[-79.50009,43.86132],[-79.49894,43.85856],[-79.51043,43.8559],[-79.51237,43.85487],[-79.50811,43.83637],[-79.50061,43.83894],[-79.50028,43.83861],[-79.49892,43.83889],[-79.50028,43.83861],[-79.50067,43.83904],[-79.5066,43.83681],[-79.53915,43.82937],[-79.54656,43.82819],[-79.54767,43.82816],[-79.54812,43.82869],[-79.54699,43.82894],[-79.54636,43.82695],[-79.54464,43.81267],[-79.52363,43.72367],[-79.52032,43.71745],[-79.52183,43.7165],[-79.54514,43.71178],[-79.55235,43.70966],[-79.55505,43.70826],[-79.56998,43.69118],[-79.57902,43.67644],[-79.57936,43.67434],[-79.57838,43.6724],[-79.57538,43.66999],[-79.57374,43.66802],[-79.56955,43.65809],[-79.56252,43.64339],[-79.55708,43.62856],[-79.55132,43.61495],[-79.5506,43.61411],[-79.54909,43.6135],[-79.50505,43.62192],[-79.48284,43.62712],[-79.48029,43.62821],[-79.4754,43.63193],[-79.46895,43.63558],[-79.4637,43.63768],[-79.46024,43.6385],[-79.45478,43.63888],[-79.44828,43.6381],[-79.44373,43.63675],[-79.43476,43.63293],[-79.43119,43.63241],[-79.41234,43.63728],[-79.39725,43.63784],[-79.38436,43.63991],[-79.37655,43.6424],[-79.37552,43.64317],[-79.37584,43.64439],[-79.37716,43.64395]]},"properties":{"agency":"GO Transit","agency_id":"go_transit","route_name":"65","route_long_name":"Newmarket / Toronto","route_type":"Bus","color":"#5C8A4D","transit_category":"go_transit"}},{"type":"Feature","geometry":{"type":"LineString","coordinates":[[-78.88572,43.87103],[-78.88749,43.87053],[-78.88814,43.87279],[-78.89069,43.87217],[-78.89284,43.8713],[-78.8962,43.8689],[-78.90344,43.86596],[-78.90506,43.86948],[-78.90508,43.87023],[-78.90446,43.87049],[-78.90412,43.8698],[-78.90582,43.86917],[-78.92186,43.86579],[-78.93286,43.86632],[-78.93354,43.86668],[-78.93366,43.86805],[-78.93695,43.86749],[-78.93597,43.86492],[-78.93698,43.86496],[-78.9376,43.86588],[-78.93793,43.86508],[-78.93753,43.86506],[-78.93796,43.86558],[-78.9376,43.86588],[-78.93698,43.86496],[-78.93577,43.86482],[-78.93675,43.86741],[-78.93387,43.86794],[-78.93411,43.86658],[-78.93612,43.86631],[-78.95431,43.86734],[-78.95895,43.86713],[-78.97653,43.86433],[-78.99768,43.85879],[-79.03199,43.85089],[-79.03735,43.85012],[-79.04081,43.85069],[-79.04029,43.84833],[-79.03929,43.84661],[-79.0409,43.8461],[-79.04131,43.84694],[-79.04105,43.84755],[-79.04136,43.84732],[-79.0409,43.8461],[-79.03915,43.84666],[-79.04048,43.84951],[-79.04036,43.85026],[-79.03977,43.8505],[-79.03915,43.85017],[-79.03926,43.84976],[-79.04113,43.84908],[-79.05312,43.84669],[-79.05728,43.8452],[-79.10607,43.82253],[-79.12095,43.81261],[-79.13918,43.80178],[-79.14468,43.79789],[-79.14994,43.79594],[-79.15295,43.79582],[-79.15595,43.79634],[-79.16381,43.79928],[-79.16556,43.80118],[-79.16694,43.80112],[-79.1711,43.80899],[-79.17312,43.81152],[-79.17247,43.81602],[-79.17289,43.81758],[-79.1734,43.81826],[-79.17587,43.81826],[-79.17933,43.81907],[-79.17997,43.82021],[-79.1792,43.81878],[-79.17476,43.81826],[-79.17312,43.81646],[-79.1728,43.81522],[-79.17312,43.81152],[-79.1711,43.80899],[-79.16975,43.80627],[-79.16765,43.80174],[-79.16794,43.80092],[-79.21593,43.79395],[-79.22073,43.79225],[-79.22833,43.78816],[-79.23448,43.78606],[-79.25037,43.78236],[-79.2526,43.78213],[-79.25427,43.78287],[-79.25554,43.78272],[-79.25388,43.77857],[-79.2538,43.77716],[-79.25445,43.77709],[-79.25522,43.77841],[-79.25642,43.77889],[-79.26064,43.7781],[-79.26191,43.77586],[-79.26326,43.77531],[-79.26239,43.77333],[-79.26104,43.77363],[-79.26088,43.77486],[-79.26191,43.77586],[-79.26309,43.77534],[-79.26485,43.77973],[-79.26494,43.78037],[-79.2645,43.7807],[-79.26385,43.7805],[-79.26389,43.78002],[-79.26559,43.77946],[-79.31257,43.76883],[-79.33295,43.76845],[-79.37774,43.76554],[-79.39421,43.76186],[-79.3985,43.76004],[-79.4056,43.75582],[-79.40835,43.75533],[-79.40923,43.75578],[-79.40962,43.75661],[-79.41591,43.78196]]},"properties":{"agency":"GO Transit","agency_id":"go_transit","route_name":"96","route_long_name":"Oshawa / Finch Express","route_type":"Bus","color":"#5C8A4D","transit_category":"go_transit"}},{"type":"Feature","geometry":{"type":"LineString","coordinates":[[-79.54155,43.84727],[-79.54197,43.84737],[-79.54122,43.84754],[-79.54107,43.84715],[-79.54224,43.84721],[-79.54309,43.84828],[-79.54199,43.84875],[-79.54142,43.84809],[-79.54958,43.84688],[-79.55045,43.84738],[-79.54989,43.84783],[-79.54917,43.8475],[-79.5479,43.84289],[-79.54523,43.81545],[-79.54101,43.79604],[-79.54086,43.79397],[-79.54183,43.79148],[-79.5415,43.79078],[-79.52447,43.79401],[-79.52389,43.79113],[-79.52397,43.78766],[-79.5223,43.78388],[-79.52346,43.78332],[-79.52295,43.78217],[-79.52394,43.78305],[-79.52569,43.78292],[-79.52365,43.78343],[-79.52266,43.78196],[-79.52148,43.78227],[-79.52205,43.78466],[-79.5207,43.78616],[-79.49458,43.79305],[-79.48972,43.79507],[-79.4857,43.79767],[-79.48261,43.8008],[-79.48076,43.80403],[-79.47998,43.80681],[-79.47948,43.81301],[-79.47844,43.81591],[-79.47618,43.81862],[-79.47283,43.82112],[-79.4665,43.82408],[-79.46034,43.82607],[-79.43534,43.83181],[-79.42817,43.83247],[-79.42939,43.83907],[-79.42654,43.83917],[-79.42562,43.84047],[-79.4251,43.83998],[-79.42527,43.83949],[-79.42597,43.84029],[-79.42648,43.83928],[-79.4298,43.83927],[-79.42868,43.83391],[-79.42882,43.83293],[-79.42969,43.83248],[-79.43034,43.83276],[-79.43015,43.83332],[-79.42459,43.83582],[-79.42022,43.83741],[-79.41582,43.8383],[-79.41022,43.83846],[-79.39251,43.83657],[-79.38165,43.83686],[-79.34061,43.84302],[-79.31373,43.8487],[-79.31077,43.84912],[-79.30775,43.84871],[-79.30686,43.84902],[-79.30789,43.85126],[-79.30746,43.85337],[-79.30857,43.85358],[-79.31453,43.85202],[-79.3076,43.85341],[-79.30805,43.85143],[-79.30741,43.84933],[-79.30792,43.84887],[-79.30873,43.84949],[-79.30718,43.85021],[-79.26966,43.85847],[-79.25421,43.86442],[-79.24412,43.86767],[-79.23721,43.86923],[-79.23439,43.86879],[-79.23284,43.86909],[-79.23524,43.88069],[-79.23208,43.88155],[-79.23132,43.87998],[-79.23165,43.87993],[-79.23208,43.88155],[-79.23524,43.88069],[-79.23345,43.87281],[-79.23342,43.86948],[-79.23408,43.86895],[-79.23467,43.86917],[-79.23465,43.8697],[-79.23268,43.87039],[-79.20417,43.87655],[-79.19862,43.87861],[-79.19481,43.88092],[-79.19231,43.88308],[-79.18295,43.89381],[-79.17997,43.8958],[-79.17655,43.8973],[-79.10792,43.91331],[-79.09971,43.91619],[-79.09625,43.91689],[-79.09536,43.91557],[-79.09506,43.91379],[-79.0961,43.91365],[-79.09642,43.91282],[-79.09775,43.91273],[-79.09766,43.9123],[-79.09538,43.91205],[-79.09484,43.91435],[-79.09625,43.9176],[-79.09613,43.91895],[-79.09379,43.92211],[-79.08682,43.92905],[-79.08216,43.93232],[-79.06831,43.93839],[-79.02022,43.94971],[-79.01328,43.95061],[-78.98436,43.95121],[-78.96391,43.94723],[-78.9615,43.94617],[-78.95948,43.94625],[-78.95887,43.94403],[-78.9604,43.94383],[-78.96067,43.94502],[-78.95961,43.94515],[-78.95935,43.94396],[-78.95872,43.94408],[-78.95915,43.94622],[-78.95842,43.94718],[-78.94616,43.94924],[-78.94075,43.95084],[-78.91105,43.9683],[-78.90903,43.96896],[-78.90564,43.96921],[-78.89661,43.9488],[-78.8955,43.94744],[-78.89258,43.94539],[-78.89412,43.94405],[-78.89591,43.94329],[-78.89503,43.9433],[-78.89247,43.94532],[-78.88164,43.93789],[-78.88054,43.93666],[-78.86584,43.90252],[-78.86581,43.90181],[-78.86755,43.90096],[-78.86234,43.89005],[-78.88017,43.88607],[-78.87608,43.87622],[-78.87521,43.87494],[-78.87426,43.87555],[-78.87427,43.87629],[-78.88814,43.87279],[-78.88749,43.87053],[-78.88572,43.87103]]},"properties":{"agency":"GO Transit","agency_id":"go_transit","route_name":"52","route_long_name":"Oshawa / Hwy 407 Terminal","route_type":"Bus","color":"#5C8A4D","transit_category":"go_transit"}},{"type":"Feature","geometry":{"type":"LineString","coordinates":[[-78.88572,43.87103],[-78.88749,43.87053],[-78.88814,43.87279],[-78.87506,43.87606],[-78.87438,43.87605],[-78.87426,43.87555],[-78.87509,43.87498],[-78.87573,43.87586],[-78.88017,43.88607],[-78.86036,43.89051],[-78.86404,43.89844],[-78.88434,43.89387],[-78.88857,43.89196],[-79.02654,43.86127],[-79.06845,43.85141],[-79.081,43.84331],[-79.09683,43.83096],[-79.10148,43.82532],[-79.11093,43.82228],[-79.11598,43.81891],[-79.12591,43.81107],[-79.1312,43.8086],[-79.13552,43.80526],[-79.1457,43.79956],[-79.14987,43.79671],[-79.15514,43.79629],[-79.16597,43.79977],[-79.17172,43.8004],[-79.21593,43.79395],[-79.22073,43.79225],[-79.22833,43.78816],[-79.23448,43.78606],[-79.25037,43.78236],[-79.2526,43.78213],[-79.25427,43.78287],[-79.25554,43.78272],[-79.25388,43.77857],[-79.2538,43.77716],[-79.25445,43.77709],[-79.25522,43.77841],[-79.25642,43.77889],[-79.26064,43.7781],[-79.26191,43.77586],[-79.26326,43.77531],[-79.26239,43.77333],[-79.26104,43.77363],[-79.26088,43.77486],[-79.26191,43.77586],[-79.26309,43.77534],[-79.26485,43.77973],[-79.26494,43.78037],[-79.2644,43.78071],[-79.26385,43.7805],[-79.26389,43.78002],[-79.26559,43.77946],[-79.3123,43.76868],[-79.34279,43.76777],[-79.37291,43.76605],[-79.37774,43.76554],[-79.39396,43.76194],[-79.3985,43.76004],[-79.4056,43.75582],[-79.40892,43.7548],[-79.40694,43.74508],[-79.40618,43.74519],[-79.40699,43.74533],[-79.40797,43.74977],[-79.4085,43.75469],[-79.40804,43.75515],[-79.40746,43.75491],[-79.40766,43.75441],[-79.41544,43.74924],[-79.41862,43.7457],[-79.43717,43.73433],[-79.44045,43.73266],[-79.44634,43.73091],[-79.44997,43.73014],[-79.45049,43.73032],[-79.45045,43.73082],[-79.44939,43.73055],[-79.44894,43.72792],[-79.44945,43.72756],[-79.44845,43.72521],[-79.44884,43.72494]]},"properties":{"agency":"GO Transit","agency_id":"go_transit","route_name":"92","route_long_name":"Oshawa / Yorkdale","route_type":"Bus","color":"#5C8A4D","transit_category":"go_transit"}},{"type":"Feature","geometry":{"type":"LineString","coordinates":[[-79.40648,43.7451],[-79.40624,43.74542],[-79.40699,43.74533],[-79.40801,43.74999],[-79.4085,43.75469],[-79.40798,43.75516],[-79.40746,43.75491],[-79.40766,43.75441],[-79.41544,43.74924],[-79.41862,43.7457],[-79.43717,43.73433],[-79.44045,43.73266],[-79.44634,43.73091],[-79.44997,43.73014],[-79.45049,43.73032],[-79.45045,43.73082],[-79.44939,43.73055],[-79.44894,43.72792],[-79.44945,43.72756],[-79.44846,43.72498],[-79.44929,43.7248],[-79.44945,43.72532],[-79.44665,43.72621],[-79.4478,43.7278],[-79.44636,43.73018],[-79.44737,43.73144],[-79.44908,43.7317],[-79.45804,43.72826],[-79.478,43.72391],[-79.48049,43.72454],[-79.4817,43.72438],[-79.48174,43.7234],[-79.48233,43.72295],[-79.49047,43.72071],[-79.49712,43.7198],[-79.50257,43.71835],[-79.52563,43.71576],[-79.55306,43.70915],[-79.55602,43.70705],[-79.56871,43.69289],[-79.57207,43.6877],[-79.57856,43.6757],[-79.58218,43.67237],[-79.61137,43.66139],[-79.62502,43.65404],[-79.63302,43.65038],[-79.64323,43.64647],[-79.65236,43.64404],[-79.6566,43.64198],[-79.65906,43.64137],[-79.66257,43.64174],[-79.66549,43.64334],[-79.68511,43.65789],[-79.68722,43.65984],[-79.68777,43.662],[-79.6887,43.66276],[-79.69415,43.65706],[-79.70298,43.64902],[-79.70731,43.65026],[-79.71023,43.65235],[-79.7129,43.65111],[-79.78689,43.70593],[-79.81414,43.68134],[-79.81813,43.67528],[-79.82201,43.67336],[-79.82311,43.67435],[-79.82168,43.67483],[-79.82307,43.67455],[-79.82245,43.67318],[-79.82385,43.67238],[-79.83068,43.6661],[-79.83611,43.66026],[-79.84701,43.65016],[-79.85007,43.64842],[-79.85803,43.64691],[-79.86505,43.6459],[-79.86878,43.64793],[-79.87114,43.64854],[-79.90364,43.6503],[-79.91702,43.66043],[-79.92134,43.65642],[-79.92021,43.65577],[-79.91764,43.65624],[-79.91493,43.65883],[-79.9105,43.65546],[-79.91573,43.65091],[-79.9287,43.65156],[-79.93585,43.65676],[-79.93721,43.65704],[-79.93873,43.65653],[-79.94553,43.65051],[-79.94735,43.64985],[-79.94954,43.64991],[-79.95165,43.65089],[-79.97902,43.67129],[-79.98403,43.67333],[-79.98726,43.67335],[-79.9891,43.67251],[-79.99349,43.66873],[-80.03179,43.63418],[-80.03579,43.63463],[-80.04149,43.6297],[-80.0459,43.63302],[-80.04703,43.63332],[-80.08589,43.62811],[-80.08725,43.62739],[-80.11431,43.60324],[-80.11617,43.6022],[-80.11895,43.60195],[-80.12133,43.6028],[-80.13664,43.61354],[-80.13896,43.61462],[-80.13978,43.61569],[-80.14419,43.61884],[-80.14646,43.61687],[-80.15264,43.60983],[-80.16104,43.60667],[-80.16963,43.59914],[-80.18393,43.58328],[-80.18577,43.57976],[-80.21851,43.55584],[-80.22827,43.55553],[-80.23276,43.55474],[-80.24204,43.54774],[-80.24325,43.54783],[-80.24447,43.54668],[-80.25042,43.54363],[-80.24859,43.5421],[-80.24355,43.54023],[-80.22652,43.52771],[-80.22427,43.52941],[-80.22549,43.5303],[-80.22594,43.52998],[-80.22528,43.5294]]},"properties":{"agency":"GO Transit","agency_id":"go_transit","route_name":"33","route_long_name":"Guelph / North York","route_type":"Bus","color":"#5C8A4D","transit_category":"go_transit"}},{"type":"Feature","geometry":{"type":"LineString","coordinates":[[-80.24649,43.54488],[-80.24559,43.54559],[-80.24579,43.54598],[-80.25042,43.54363],[-80.24859,43.5421],[-80.24355,43.54023],[-80.22652,43.52771],[-80.22427,43.52941],[-80.22547,43.5303],[-80.22594,43.52998],[-80.22472,43.52908],[-80.22652,43.52771],[-80.22592,43.52719],[-80.21749,43.52442],[-80.20827,43.51993],[-80.20011,43.51421],[-80.19676,43.51141],[-80.19434,43.50491],[-80.19159,43.50206],[-80.1601,43.47916],[-80.15432,43.47399],[-80.14474,43.46926],[-80.14149,43.46636],[-80.14176,43.4662],[-80.13539,43.46101],[-80.13468,43.4615],[-80.13361,43.46036],[-80.1337,43.4609],[-80.13468,43.4615],[-80.13539,43.46101],[-80.13409,43.45998],[-80.12405,43.45294],[-80.12367,43.45217],[-80.12434,43.4518],[-80.1253,43.45183],[-80.12562,43.45228],[-80.11706,43.45627],[-80.06482,43.47096],[-80.0594,43.47193],[-80.03714,43.47308],[-80.00741,43.48113],[-80.00258,43.48304],[-79.98217,43.49404],[-79.9792,43.49477],[-79.96734,43.49588],[-79.96392,43.49677],[-79.96013,43.49937],[-79.95252,43.50915],[-79.95036,43.51131],[-79.9312,43.52331],[-79.92673,43.52446],[-79.90789,43.52667],[-79.9046,43.52648],[-79.90294,43.5275],[-79.90413,43.52799],[-79.90335,43.52719],[-79.90204,43.52918],[-79.90083,43.52993],[-79.88687,43.53626],[-79.88235,43.53749],[-79.86907,43.5395],[-79.86245,43.54201],[-79.85901,43.54443],[-79.81596,43.583],[-79.81379,43.58454],[-79.81216,43.58507],[-79.80941,43.58481],[-79.80615,43.58291],[-79.77081,43.55705],[-79.76261,43.55191],[-79.75604,43.54626],[-79.74587,43.53884],[-79.73538,43.53293],[-79.73236,43.53044],[-79.72811,43.5292],[-79.72514,43.52768],[-79.72412,43.52685],[-79.72476,43.52601],[-79.72588,43.52628],[-79.72586,43.52709],[-79.71686,43.53669],[-79.71216,43.54055],[-79.70899,43.5413],[-79.70786,43.54206],[-79.71121,43.54454],[-79.71149,43.54432],[-79.71229,43.54357],[-79.71122,43.54285],[-79.71396,43.54075],[-79.69998,43.55232],[-79.69933,43.55309],[-79.70018,43.55366],[-79.6988,43.5549],[-79.69483,43.55306],[-79.69446,43.55506],[-79.68413,43.56185],[-79.68055,43.56477],[-79.66996,43.57649],[-79.6623,43.58333],[-79.65921,43.58447],[-79.65789,43.58726],[-79.64911,43.59546],[-79.6471,43.59431],[-79.64382,43.59737],[-79.64154,43.59877],[-79.64281,43.60021],[-79.64222,43.60181],[-79.6312,43.61223],[-79.62983,43.61548],[-79.61694,43.6282],[-79.60885,43.63476],[-79.60688,43.63575],[-79.60724,43.63713],[-79.61376,43.64118],[-79.61378,43.64247],[-79.6087,43.6466],[-79.60621,43.64937],[-79.59326,43.66104],[-79.58874,43.66529],[-79.58781,43.66677],[-79.58655,43.66701],[-79.58553,43.66904],[-79.58095,43.67032],[-79.57428,43.67113],[-79.5738,43.67071],[-79.57364,43.66661],[-79.5614,43.63987],[-79.56016,43.63388],[-79.55841,43.6301],[-79.55929,43.62864],[-79.55913,43.62812],[-79.54669,43.63113],[-79.54344,43.63283],[-79.53999,43.63609],[-79.53921,43.63523],[-79.53844,43.63569]]},"properties":{"agency":"GO Transit","agency_id":"go_transit","route_name":"29","route_long_name":"Guelph / Mississauga","route_type":"Bus","color":"#5C8A4D","transit_category":"go_transit"}},{"type":"Feature","geometry":{"type":"LineString","coordinates":[[-79.37716,43.64395],[-79.37738,43.64426],[-79.37689,43.64436],[-79.3773,43.64423],[-79.37671,43.64393],[-79.38283,43.64091],[-79.38679,43.63972],[-79.39717,43.63797],[-79.40257,43.63807],[-79.41264,43.63736],[-79.43107,43.63255],[-79.43483,43.63309],[-79.44424,43.63709],[-79.44858,43.63829],[-79.4548,43.63901],[-79.46029,43.63862],[-79.46441,43.63759],[-79.46927,43.63558],[-79.47567,43.63192],[-79.48057,43.62828],[-79.483,43.62729],[-79.50428,43.62227],[-79.53723,43.61583],[-79.5483,43.61467],[-79.55053,43.61566],[-79.55255,43.61885],[-79.55694,43.62886],[-79.5632,43.64555],[-79.56913,43.65776],[-79.57445,43.67029],[-79.57602,43.67171],[-79.57802,43.67236],[-79.58722,43.67159],[-79.58947,43.67219],[-79.59091,43.67327],[-79.59205,43.67545],[-79.59339,43.68092],[-79.59507,43.68252],[-79.59945,43.68485],[-79.60167,43.68749],[-79.60583,43.69524],[-79.61742,43.71402],[-79.61848,43.7163],[-79.61818,43.71812],[-79.61861,43.71901],[-79.6277,43.7162],[-79.63031,43.71493],[-79.63949,43.70677],[-79.63796,43.70589],[-79.63783,43.70515],[-79.63725,43.70522],[-79.63949,43.70677],[-79.64069,43.70587],[-79.64242,43.70375],[-79.6635,43.6851],[-79.68812,43.70318],[-79.68911,43.70238],[-79.69207,43.70178],[-79.69307,43.70262],[-79.69656,43.69905],[-79.70137,43.69517],[-79.73329,43.66629],[-79.78689,43.70593],[-79.81414,43.68134],[-79.81813,43.67528],[-79.82201,43.67336],[-79.82311,43.67435],[-79.82168,43.67483],[-79.82307,43.67455],[-79.82245,43.67318],[-79.82385,43.67238],[-79.83068,43.6661],[-79.83638,43.66],[-79.84701,43.65016],[-79.851,43.64816],[-79.86505,43.6459],[-79.86878,43.64793],[-79.87114,43.64854],[-79.90364,43.6503],[-79.91702,43.66043],[-79.92134,43.65642],[-79.92021,43.65577],[-79.91764,43.65624],[-79.91493,43.65883],[-79.9105,43.65546],[-79.91573,43.65091],[-79.9287,43.65156],[-79.93585,43.65676],[-79.93721,43.65704],[-79.93873,43.65653],[-79.94553,43.65051],[-79.94735,43.64985],[-79.94929,43.64986],[-79.95165,43.65089],[-79.97902,43.67129],[-79.98367,43.67323],[-79.98645,43.6735],[-79.9889,43.67265],[-79.99265,43.66946],[-80.03179,43.63418],[-80.03579,43.63463],[-80.04149,43.6297],[-80.0459,43.63302],[-80.04703,43.63332],[-80.08589,43.62811],[-80.08725,43.62739],[-80.11431,43.60324],[-80.11617,43.6022],[-80.11895,43.60195],[-80.12133,43.6028],[-80.13664,43.61354],[-80.13896,43.61462],[-80.13978,43.61569],[-80.14419,43.61884],[-80.14646,43.61687],[-80.15264,43.60983],[-80.16104,43.60667],[-80.16963,43.59914],[-80.18393,43.58328],[-80.18577,43.57976],[-80.21851,43.55584],[-80.22827,43.55553],[-80.23276,43.55474],[-80.24204,43.54774],[-80.24325,43.54783],[-80.24447,43.54668],[-80.25042,43.54363],[-80.24859,43.5421],[-80.24355,43.54023],[-80.22652,43.52771],[-80.22427,43.52941],[-80.22549,43.5303],[-80.22594,43.52998],[-80.22528,43.5294]]},"properties":{"agency":"GO Transit","agency_id":"go_transit","route_name":"31","route_long_name":"Guelph / Toronto","route_type":"Bus","color":"#5C8A4D","transit_category":"go_transit"}},{"type":"Feature","geometry":{"type":"LineString","coordinates":[[-79.41512,43.78218],[-79.41441,43.78242],[-79.41422,43.78208],[-79.41608,43.78163],[-79.416,43.78085],[-79.40928,43.75488],[-79.40937,43.75366],[-79.41544,43.74924],[-79.41882,43.74556],[-79.43717,43.73433],[-79.44045,43.73266],[-79.44634,43.73091],[-79.44997,43.73014],[-79.45049,43.73032],[-79.45045,43.73082],[-79.44939,43.73055],[-79.44894,43.72792],[-79.44945,43.72756],[-79.44845,43.72521],[-79.44929,43.7248],[-79.4493,43.72547],[-79.44714,43.72582],[-79.44661,43.72635],[-79.4478,43.7278],[-79.44636,43.73018],[-79.4467,43.73093],[-79.44811,43.73167],[-79.45017,43.73141],[-79.45716,43.72846],[-79.47549,43.72436],[-79.47835,43.72388],[-79.48042,43.72453],[-79.4817,43.72438],[-79.48174,43.7234],[-79.48233,43.72295],[-79.49299,43.72023],[-79.49833,43.71991],[-79.50312,43.71861],[-79.51268,43.71742],[-79.51589,43.71748],[-79.52,43.71906],[-79.52219,43.72136],[-79.52322,43.72384],[-79.53408,43.76965],[-79.53558,43.7809],[-79.53675,43.7824],[-79.53926,43.7833],[-79.54143,43.78311],[-79.56251,43.77742],[-79.58554,43.76805],[-79.60259,43.76202],[-79.63468,43.75405],[-79.63856,43.75243],[-79.65011,43.74302],[-79.66961,43.73107],[-79.67328,43.72771],[-79.67513,43.72386],[-79.67576,43.71425],[-79.67674,43.71094],[-79.6906,43.68917],[-79.6945,43.67819],[-79.69648,43.67418],[-79.70239,43.66665],[-79.71072,43.65877],[-79.72004,43.65113],[-79.73459,43.64299],[-79.74165,43.63768],[-79.75015,43.62833],[-79.75785,43.62127],[-79.76028,43.61965],[-79.76309,43.61958],[-79.76405,43.61895],[-79.75519,43.61222],[-79.75313,43.61375],[-79.75113,43.61437],[-79.74882,43.61104],[-79.74758,43.61019],[-79.7482,43.60864],[-79.75001,43.60703],[-79.75154,43.6079],[-79.75059,43.60878],[-79.74123,43.60186],[-79.73972,43.59999],[-79.7391,43.59844],[-79.73904,43.59647],[-79.74111,43.59059],[-79.74291,43.59068],[-79.75112,43.59495],[-79.7561,43.59533],[-79.75545,43.59738],[-79.75451,43.5975],[-79.75513,43.5979],[-79.75602,43.59612],[-79.75601,43.59021],[-79.75657,43.58841],[-79.75772,43.58713],[-79.76365,43.58288],[-79.77115,43.5882],[-79.7845,43.57681],[-79.85102,43.51636],[-79.86337,43.52588],[-79.86407,43.52619],[-79.86653,43.52408],[-79.86803,43.52435],[-79.86727,43.5238]]},"properties":{"agency":"GO Transit","agency_id":"go_transit","route_name":"27","route_long_name":"Milton / North York","route_type":"Bus","color":"#5C8A4D","transit_category":"go_transit"}},{"type":"Feature","geometry":{"type":"LineString","coordinates":[[-79.08455,43.83099],[-79.08474,43.83059],[-79.08379,43.83102],[-79.0832,43.82962],[-79.08733,43.82882],[-79.08838,43.83036],[-79.09047,43.83581],[-79.09683,43.83096],[-79.10148,43.82532],[-79.11093,43.82228],[-79.11129,43.82204],[-79.11022,43.82126],[-79.11009,43.82052],[-79.11403,43.81735],[-79.1388,43.80223],[-79.14468,43.79789],[-79.14824,43.7963],[-79.15405,43.79593],[-79.16597,43.79977],[-79.17172,43.8004],[-79.21593,43.79395],[-79.22073,43.79225],[-79.22833,43.78816],[-79.23448,43.78606],[-79.25037,43.78236],[-79.2526,43.78213],[-79.25427,43.78287],[-79.25554,43.78272],[-79.25388,43.77857],[-79.2538,43.77716],[-79.25445,43.77709],[-79.25522,43.77841],[-79.25642,43.77889],[-79.26064,43.7781],[-79.26191,43.77586],[-79.26326,43.77531],[-79.26239,43.77333],[-79.26104,43.77363],[-79.26088,43.77486],[-79.26191,43.77586],[-79.26309,43.77534],[-79.26485,43.77973],[-79.26494,43.78037],[-79.2644,43.78071],[-79.26385,43.7805],[-79.26389,43.78002],[-79.26559,43.77946],[-79.31257,43.76883],[-79.33295,43.76845],[-79.37774,43.76554],[-79.39462,43.76172],[-79.3985,43.76004],[-79.40529,43.75597],[-79.40733,43.75543],[-79.40856,43.75535],[-79.40923,43.75578],[-79.41048,43.76004],[-79.41215,43.7596],[-79.41315,43.76104],[-79.41102,43.76149],[-79.4092,43.75451],[-79.40965,43.75326],[-79.41544,43.74924],[-79.41882,43.74556],[-79.43717,43.73433],[-79.44045,43.73266],[-79.44634,43.73091],[-79.44997,43.73014],[-79.45049,43.73032],[-79.45045,43.73082],[-79.44939,43.73055],[-79.44894,43.72792],[-79.44945,43.72756],[-79.44846,43.72498],[-79.44929,43.7248],[-79.44945,43.72532],[-79.44665,43.72621],[-79.4478,43.7278],[-79.44636,43.73018],[-79.44737,43.73144],[-79.44908,43.7317],[-79.45804,43.72826],[-79.478,43.72391],[-79.48049,43.72454],[-79.4817,43.72438],[-79.48174,43.7234],[-79.48233,43.72295],[-79.49121,43.72055],[-79.49833,43.71991],[-79.50512,43.7183],[-79.52509,43.71609],[-79.54514,43.71178],[-79.55474,43.70901],[-79.55772,43.70594],[-79.56218,43.70502],[-79.56799,43.70126],[-79.57427,43.69911],[-79.57811,43.69855],[-79.58477,43.69852],[-79.5945,43.69678],[-79.60526,43.69734],[-79.60807,43.69693],[-79.61002,43.69574],[-79.61117,43.69421],[-79.61338,43.68686],[-79.61488,43.6842],[-79.61301,43.68229],[-79.61175,43.68179],[-79.61055,43.68207],[-79.60845,43.68372],[-79.60559,43.68364],[-79.60274,43.68446],[-79.59555,43.68199],[-79.59393,43.68023],[-79.59334,43.67781],[-79.59326,43.67645],[-79.59462,43.67561],[-79.59474,43.67443],[-79.59059,43.66738],[-79.58871,43.66579],[-79.58925,43.66482],[-79.59146,43.66319],[-79.59326,43.66104],[-79.60621,43.64937],[-79.6087,43.6466],[-79.61388,43.64233],[-79.61365,43.64108],[-79.60724,43.63713],[-79.60688,43.63575],[-79.60885,43.63476],[-79.61694,43.6282],[-79.62983,43.61548],[-79.6312,43.61223],[-79.64222,43.60181],[-79.64281,43.60021],[-79.64164,43.59884],[-79.64427,43.59718],[-79.6471,43.59431],[-79.64752,43.59469]]},"properties":{"agency":"GO Transit","agency_id":"go_transit","route_name":"94","route_long_name":"Pickering / Square One","route_type":"Bus","color":"#5C8A4D","transit_category":"go_transit"}},{"type":"Feature","geometry":{"type":"LineString","coordinates":[[-79.86727,43.5238],[-79.86652,43.52386],[-79.86417,43.52608],[-79.85091,43.51628],[-79.8502,43.5168],[-79.78275,43.57825],[-79.77092,43.58815],[-79.78414,43.59752],[-79.78896,43.59301],[-79.78827,43.5925],[-79.78814,43.59146],[-79.78767,43.5917],[-79.78848,43.59204],[-79.78827,43.5925],[-79.78896,43.59301],[-79.78412,43.59728],[-79.76367,43.58274],[-79.7581,43.5868],[-79.75657,43.58841],[-79.75601,43.58989],[-79.75602,43.59612],[-79.75545,43.59738],[-79.75451,43.5975],[-79.755,43.59788],[-79.7561,43.59533],[-79.75091,43.59488],[-79.74152,43.59016],[-79.74254,43.58689],[-79.74216,43.58494],[-79.73064,43.57639],[-79.72735,43.57293],[-79.72265,43.56982],[-79.71906,43.57279],[-79.71753,43.57517],[-79.71417,43.57816],[-79.71041,43.57547],[-79.70931,43.57537],[-79.70935,43.5758],[-79.71041,43.57547],[-79.71417,43.57816],[-79.71753,43.57517],[-79.71906,43.57279],[-79.72289,43.56982],[-79.71996,43.56842],[-79.70664,43.55878],[-79.68525,43.57779],[-79.68229,43.57581],[-79.67738,43.57428],[-79.67527,43.5721],[-79.67173,43.56985],[-79.66893,43.5695],[-79.66898,43.56847],[-79.6681,43.5682],[-79.66851,43.56747],[-79.66813,43.56729],[-79.6681,43.5682],[-79.66898,43.56847],[-79.66867,43.57145],[-79.66154,43.5786],[-79.65825,43.58045],[-79.65364,43.58433],[-79.6522,43.58905],[-79.64882,43.59276],[-79.65072,43.59395],[-79.64911,43.59546],[-79.6471,43.59431],[-79.65151,43.58982],[-79.64439,43.58475],[-79.64189,43.58388],[-79.63746,43.58397],[-79.63365,43.58173],[-79.62764,43.58093],[-79.62423,43.57911],[-79.62334,43.58017],[-79.62543,43.5815],[-79.62385,43.58275],[-79.62337,43.58224],[-79.62142,43.58373],[-79.60342,43.57116],[-79.59919,43.56736],[-79.59975,43.56668],[-79.60034,43.56739],[-79.59777,43.57005],[-79.55257,43.61132],[-79.54875,43.61364],[-79.50544,43.62184],[-79.48284,43.62712],[-79.48029,43.62821],[-79.4754,43.63193],[-79.46895,43.63558],[-79.4637,43.63768],[-79.46024,43.6385],[-79.45478,43.63888],[-79.44828,43.6381],[-79.44373,43.63675],[-79.43476,43.63293],[-79.43119,43.63241],[-79.41234,43.63728],[-79.39725,43.63784],[-79.38436,43.63991],[-79.37655,43.6424],[-79.37552,43.64317],[-79.37584,43.64439],[-79.37716,43.64395]]},"properties":{"agency":"GO Transit","agency_id":"go_transit","route_name":"21","route_long_name":"Milton","route_type":"Bus","color":"#5C8A4D","transit_category":"go_transit"}},{"type":"Feature","geometry":{"type":"LineString","coordinates":[[-80.53918,43.47457],[-80.5384,43.47491],[-80.53626,43.47206],[-80.51726,43.47893],[-80.50437,43.48494],[-80.50163,43.48523],[-80.49944,43.4824],[-80.49615,43.47598],[-80.49383,43.47398],[-80.48949,43.47299],[-80.48054,43.47392],[-80.478,43.47325],[-80.47577,43.47178],[-80.47135,43.46394],[-80.47151,43.4588],[-80.47092,43.45682],[-80.46217,43.44768],[-80.45696,43.44346],[-80.45622,43.44091],[-80.45691,43.43774],[-80.4556,43.43597],[-80.44129,43.43107],[-80.43409,43.42574],[-80.42066,43.42195],[-80.4139,43.41897],[-80.40726,43.41534],[-80.39782,43.41273],[-80.38685,43.40844],[-80.37929,43.40385],[-80.37653,43.40312],[-80.37258,43.40418],[-80.36778,43.40643],[-80.35893,43.41165],[-80.3546,43.41306],[-80.30105,43.41507],[-80.28651,43.41934],[-80.26844,43.42678],[-80.23884,43.43595],[-80.1663,43.44964],[-80.13817,43.4494],[-80.13312,43.44994],[-80.12815,43.45141],[-80.11677,43.45636],[-80.0639,43.47119],[-80.0594,43.47193],[-80.03714,43.47308],[-80.00682,43.4813],[-80.00258,43.48304],[-79.98217,43.49404],[-79.97944,43.49474],[-79.96645,43.49602],[-79.96272,43.49735],[-79.96013,43.49937],[-79.95252,43.50915],[-79.95036,43.51131],[-79.93064,43.52355],[-79.92744,43.52437],[-79.90835,43.52672],[-79.88622,43.53649],[-79.88235,43.53749],[-79.86907,43.5395],[-79.8627,43.54187],[-79.85901,43.54443],[-79.80354,43.59418],[-79.7981,43.59782],[-79.79471,43.5991],[-79.79019,43.60004],[-79.75561,43.60272],[-79.74821,43.60418],[-79.74603,43.60393],[-79.74509,43.60429],[-79.74474,43.60455],[-79.75041,43.60889],[-79.7481,43.60916],[-79.74764,43.60985],[-79.74933,43.6118],[-79.75244,43.61041],[-79.7593,43.61542],[-79.76056,43.61689],[-79.76033,43.61806],[-79.75022,43.62778],[-79.74181,43.63703],[-79.73412,43.64286],[-79.72336,43.64859],[-79.7188,43.65161],[-79.70721,43.66138],[-79.70037,43.66823],[-79.69518,43.67549],[-79.69182,43.68425],[-79.68927,43.68634],[-79.70086,43.69537],[-79.69647,43.69892],[-79.69293,43.70255],[-79.6926,43.70235],[-79.6932,43.70155],[-79.68818,43.7026],[-79.69207,43.70178],[-79.6926,43.70235],[-79.69322,43.70156],[-79.68911,43.70238],[-79.68822,43.70311],[-79.68306,43.69929],[-79.68264,43.69835],[-79.68371,43.6985],[-79.68317,43.70002],[-79.67706,43.70949],[-79.67583,43.71211],[-79.67524,43.71506],[-79.67481,43.72326],[-79.67399,43.72579],[-79.67267,43.72783],[-79.66893,43.73105],[-79.65023,43.74253],[-79.6388,43.75188],[-79.63433,43.7538],[-79.60157,43.76197],[-79.58428,43.76819],[-79.56296,43.77684],[-79.55669,43.7788],[-79.53132,43.78401],[-79.52263,43.78454],[-79.5223,43.78388],[-79.52314,43.78366],[-79.5234,43.78305]]},"properties":{"agency":"GO Transit","agency_id":"go_transit","route_name":"30","route_long_name":"Kitchener / Bramalea","route_type":"Bus","color":"#5C8A4D","transit_category":"go_transit"}},{"type":"Feature","geometry":{"type":"LineString","coordinates":[[-79.40648,43.7451],[-79.40624,43.74542],[-79.40699,43.74533],[-79.40801,43.74999],[-79.4085,43.75469],[-79.40798,43.75516],[-79.40746,43.75491],[-79.40766,43.75441],[-79.41544,43.74924],[-79.41862,43.7457],[-79.43717,43.73433],[-79.44045,43.73266],[-79.44634,43.73091],[-79.44997,43.73014],[-79.45049,43.73032],[-79.45045,43.73082],[-79.44939,43.73055],[-79.44894,43.72792],[-79.44945,43.72756],[-79.44846,43.72498],[-79.44929,43.7248],[-79.44945,43.72532],[-79.44665,43.72621],[-79.4478,43.7278],[-79.44636,43.73018],[-79.44737,43.73144],[-79.44908,43.7317],[-79.45804,43.72826],[-79.478,43.72391],[-79.48049,43.72454],[-79.4817,43.72438],[-79.48174,43.7234],[-79.48233,43.72295],[-79.49121,43.72055],[-79.49833,43.71991],[-79.50512,43.7183],[-79.52509,43.71609],[-79.54494,43.71183],[-79.55474,43.70901],[-79.55772,43.70594],[-79.56251,43.70488],[-79.5669,43.70186],[-79.57182,43.69974],[-79.57766,43.69859],[-79.58477,43.69852],[-79.59419,43.6968],[-79.59792,43.69674],[-79.60459,43.69763],[-79.608,43.69932],[-79.60959,43.70116],[-79.62563,43.72854],[-79.62951,43.74535],[-79.63021,43.75212],[-79.63125,43.75353],[-79.63348,43.75445],[-79.63597,43.75432],[-79.63812,43.75329],[-79.65011,43.74302],[-79.66961,43.73107],[-79.67217,43.72901],[-79.67413,43.7264],[-79.67513,43.72386],[-79.67576,43.71425],[-79.67674,43.71094],[-79.68215,43.70276],[-79.68522,43.70102],[-79.68812,43.70318],[-79.68911,43.70238],[-79.69207,43.70178],[-79.6926,43.70235],[-79.69322,43.70156],[-79.68911,43.70238],[-79.68812,43.70318],[-79.69238,43.70573],[-79.71123,43.71983],[-79.71546,43.71681],[-79.71919,43.71904],[-79.71985,43.71919],[-79.72051,43.71871]]},"properties":{"agency":"GO Transit","agency_id":"go_transit","route_name":"36","route_long_name":"Brampton / North York Express","route_type":"Bus","color":"#5C8A4D","transit_category":"go_transit"}},{"type":"Feature","geometry":{"type":"LineString","coordinates":[[-79.53844,43.63569],[-79.53753,43.63613],[-79.53901,43.63486],[-79.54013,43.63615],[-79.54344,43.63283],[-79.54669,43.63113],[-79.55476,43.62942],[-79.55618,43.62957],[-79.55846,43.63373],[-79.5649,43.64975],[-79.5731,43.66812],[-79.57329,43.66958],[-79.57271,43.67202],[-79.57228,43.67244],[-79.57151,43.6722],[-79.57131,43.6719],[-79.57258,43.67152],[-79.58112,43.67039],[-79.58643,43.66889],[-79.58913,43.66491],[-79.59146,43.66319],[-79.59326,43.66104],[-79.60621,43.64937],[-79.6087,43.6466],[-79.61388,43.64233],[-79.61365,43.64108],[-79.60724,43.63713],[-79.60688,43.63575],[-79.60885,43.63476],[-79.61694,43.6282],[-79.62983,43.61548],[-79.6312,43.61223],[-79.64222,43.60181],[-79.64281,43.60021],[-79.64164,43.59884],[-79.64427,43.59718],[-79.6471,43.59431],[-79.64911,43.59546],[-79.64621,43.59793],[-79.6451,43.59798],[-79.64394,43.59727],[-79.64078,43.59907],[-79.63991,43.59868],[-79.63992,43.59819],[-79.64079,43.59813],[-79.64458,43.60082],[-79.64538,43.60157],[-79.64527,43.60216],[-79.64458,43.60233],[-79.64401,43.60186],[-79.64496,43.60047],[-79.66908,43.57781],[-79.68053,43.56504],[-79.68419,43.56209],[-79.69135,43.55762],[-79.69444,43.55602],[-79.69809,43.55562],[-79.70029,43.55377],[-79.69935,43.55291],[-79.71396,43.54075],[-79.71122,43.54285],[-79.71229,43.54357],[-79.71149,43.54432],[-79.71064,43.54362],[-79.71081,43.54275],[-79.7217,43.53267],[-79.72489,43.53066],[-79.72786,43.53043],[-79.7313,43.53148],[-79.74569,43.53911],[-79.75596,43.54661],[-79.76274,43.55241],[-79.77069,43.55736],[-79.78971,43.57168],[-79.80705,43.58402],[-79.80928,43.58622],[-79.81017,43.58908],[-79.80927,43.59191],[-79.80717,43.59364],[-79.80591,43.59309],[-79.80679,43.59152],[-79.82532,43.57492],[-79.82792,43.57308],[-79.83025,43.57299],[-79.83132,43.57245],[-79.83452,43.57475],[-79.86849,43.54438],[-79.86508,43.54258],[-79.86489,43.54176],[-79.86548,43.54108],[-79.86977,43.53952],[-79.88493,43.53705],[-79.90206,43.52976],[-79.90648,43.52958],[-79.90687,43.52908],[-79.90386,43.52682],[-79.90294,43.5275],[-79.90399,43.5281],[-79.90335,43.52719],[-79.90372,43.52691],[-79.90564,43.5283],[-79.90611,43.52913],[-79.90543,43.52956],[-79.90431,43.52945],[-79.90414,43.52886],[-79.90944,43.52666],[-79.92754,43.52453],[-79.93096,43.52362],[-79.95024,43.51165],[-79.95296,43.50893],[-79.96036,43.49941],[-79.9629,43.49746],[-79.96701,43.49609],[-79.97972,43.49488],[-79.98232,43.49419],[-80.00595,43.48177],[-80.03723,43.47324],[-80.05898,43.47209],[-80.06378,43.47139],[-80.11649,43.45663],[-80.12163,43.45477],[-80.12591,43.45455],[-80.12701,43.45489],[-80.13373,43.45979],[-80.13318,43.46044],[-80.13468,43.4615],[-80.13539,43.46101],[-80.12558,43.45389],[-80.12449,43.45457],[-80.12347,43.45449],[-80.1233,43.45401],[-80.12977,43.45101],[-80.13563,43.44974],[-80.16291,43.45004],[-80.16705,43.44971],[-80.24002,43.43586],[-80.26898,43.42679],[-80.28709,43.41929],[-80.30054,43.41535],[-80.3208,43.41436],[-80.32448,43.41457],[-80.32651,43.41576],[-80.32799,43.41551],[-80.32807,43.4129],[-80.32673,43.41286],[-80.32479,43.41159],[-80.32333,43.41182],[-80.32245,43.40904],[-80.32801,43.4081],[-80.32832,43.40991],[-80.32787,43.41424],[-80.32752,43.41536],[-80.32646,43.4156],[-80.32589,43.41509],[-80.32613,43.41452],[-80.32846,43.41411],[-80.35169,43.41369],[-80.35591,43.41311],[-80.35937,43.41186],[-80.36918,43.40638],[-80.37535,43.40417],[-80.37824,43.40399],[-80.37996,43.40455],[-80.38587,43.40821],[-80.39272,43.41131],[-80.39254,43.41197],[-80.39163,43.412],[-80.39135,43.41131],[-80.39261,43.40929],[-80.39361,43.40969],[-80.39305,43.4104],[-80.39238,43.41019],[-80.39268,43.40959],[-80.39361,43.40969],[-80.39252,43.40916],[-80.3908,43.41186],[-80.39212,43.41224],[-80.39481,43.41198],[-80.4059,43.41515],[-80.42052,43.42212],[-80.43407,43.42596],[-80.44038,43.43084],[-80.4506,43.43438],[-80.45551,43.43657],[-80.45614,43.43797],[-80.45573,43.4414],[-80.45648,43.44329],[-80.46223,43.44804],[-80.47076,43.45693],[-80.47128,43.45862],[-80.47115,43.46399],[-80.47569,43.472],[-80.47741,43.47326],[-80.48,43.47407],[-80.49004,43.47321],[-80.49449,43.47464],[-80.49613,43.47645],[-80.50181,43.48714],[-80.50162,43.48795],[-80.50052,43.48818],[-80.49976,43.48741],[-80.50071,43.48646],[-80.50906,43.48299],[-80.51679,43.47913],[-80.53626,43.47206],[-80.53992,43.47698],[-80.54202,43.47623],[-80.54027,43.47451]]},"properties":{"agency":"GO Transit","agency_id":"go_transit","route_name":"25","route_long_name":"Waterloo / Mississauga","route_type":"Bus","color":"#5C8A4D","transit_category":"go_transit"}},{"type":"Feature","geometry":{"type":"LineString","coordinates":[[-78.88572,43.87103],[-78.88749,43.87053],[-78.88814,43.87279],[-78.85575,43.8804],[-78.85744,43.88408],[-78.84772,43.88645],[-78.84599,43.88263],[-78.84881,43.882],[-78.84899,43.88285],[-78.84734,43.88343],[-78.83274,43.88664],[-78.82583,43.88702],[-78.81857,43.88616],[-78.81041,43.88334],[-78.79981,43.87699],[-78.79598,43.87584],[-78.79125,43.87536],[-78.7699,43.87787],[-78.76318,43.87793],[-78.76687,43.88627],[-78.77009,43.88553],[-78.76687,43.88627],[-78.76318,43.87793],[-78.75929,43.87879],[-78.74805,43.87965],[-78.72891,43.88311],[-78.70963,43.88564],[-78.70428,43.88734],[-78.69204,43.89312],[-78.69095,43.8933],[-78.69001,43.89275],[-78.68886,43.89324],[-78.69059,43.89759],[-78.69178,43.89936],[-78.69285,43.90049],[-78.69738,43.90264],[-78.69904,43.90422],[-78.702,43.91123],[-78.70771,43.90978],[-78.70671,43.90743],[-78.70503,43.90771],[-78.70446,43.9081],[-78.70637,43.90989],[-78.69685,43.91271],[-78.69194,43.91289],[-78.68106,43.91038],[-78.67038,43.91242],[-78.66533,43.91242],[-78.65754,43.91114],[-78.64915,43.91248],[-78.62194,43.91304],[-78.61192,43.91224],[-78.61215,43.91301],[-78.61311,43.91263],[-78.61215,43.91301],[-78.61192,43.91224],[-78.61365,43.91246],[-78.61338,43.91385],[-78.60103,43.92568],[-78.59959,43.92794],[-78.59888,43.93071],[-78.59936,43.93401],[-78.60556,43.94821],[-78.60637,43.95242],[-78.61053,43.96185],[-78.61089,43.96507],[-78.60995,43.97161],[-78.61106,43.97626],[-78.61482,43.98542],[-78.61467,43.98739],[-78.61392,43.98917],[-78.60562,43.99873],[-78.60485,44.00153],[-78.6104,44.01545],[-78.61105,44.0191],[-78.61462,44.02757],[-78.61453,44.02947],[-78.61323,44.03236],[-78.61332,44.03438],[-78.61983,44.05037],[-78.62379,44.05617],[-78.62386,44.05787],[-78.62307,44.05959],[-78.62143,44.06105],[-78.62043,44.06077],[-78.62081,44.06022],[-78.62164,44.06038],[-78.62544,44.06399],[-78.626,44.06376],[-78.62602,44.06448],[-78.62171,44.06034],[-78.6206,44.06024],[-78.62033,44.06073],[-78.62075,44.06173],[-78.61983,44.06299],[-78.59879,44.08412],[-78.58222,44.09288],[-78.56813,44.1067],[-78.53431,44.13079],[-78.50842,44.14354],[-78.48417,44.16144],[-78.47538,44.16933],[-78.47019,44.17726],[-78.46674,44.18122],[-78.46504,44.18261],[-78.4618,44.1834],[-78.46367,44.18784],[-78.46466,44.18747],[-78.46491,44.18705],[-78.46363,44.18777],[-78.46184,44.18349],[-78.46334,44.18327],[-78.464,44.184],[-78.4445,44.20575],[-78.44156,44.20732],[-78.39157,44.22462],[-78.35577,44.25076],[-78.35299,44.25416],[-78.35011,44.26023],[-78.34753,44.26373],[-78.34777,44.26589],[-78.34743,44.26685],[-78.35089,44.2663],[-78.35082,44.26729],[-78.34916,44.26798],[-78.34957,44.26868],[-78.34936,44.27102],[-78.34648,44.27175],[-78.34529,44.2695],[-78.34052,44.27396],[-78.34043,44.27494],[-78.3438,44.2823],[-78.3175,44.28888],[-78.31906,44.29248],[-78.31972,44.30078],[-78.31881,44.30092],[-78.31884,44.30473],[-78.32327,44.30452],[-78.323,44.30065],[-78.31881,44.30092],[-78.3196,44.31597],[-78.31065,44.3182],[-78.30966,44.32364],[-78.3101,44.32717],[-78.30834,44.33122],[-78.30908,44.33762],[-78.30597,44.34117],[-78.30529,44.34261],[-78.30559,44.34427],[-78.30493,44.34544],[-78.30299,44.34642],[-78.29925,44.35012],[-78.29781,44.35091],[-78.29653,44.3513],[-78.29548,44.35016],[-78.29379,44.34959],[-78.29102,44.34995],[-78.29051,44.35071],[-78.2908,44.35186],[-78.28652,44.35317],[-78.286,44.35527],[-78.2869,44.35658],[-78.28666,44.3576],[-78.28702,44.357]]},"properties":{"agency":"GO Transit","agency_id":"go_transit","route_name":"88","route_long_name":"Peterborough / Oshawa","route_type":"Bus","color":"#5C8A4D","transit_category":"go_transit"}},{"type":"Feature","geometry":{"type":"LineString","coordinates":[[-78.88572,43.87103],[-78.88749,43.87053],[-78.88814,43.87279],[-78.89069,43.87217],[-78.89284,43.8713],[-78.8962,43.8689],[-78.90344,43.86596],[-78.90506,43.86948],[-78.90508,43.87023],[-78.90446,43.87049],[-78.90412,43.8698],[-78.90582,43.86917],[-78.92186,43.86579],[-78.93286,43.86632],[-78.93354,43.86668],[-78.93366,43.86805],[-78.93695,43.86749],[-78.93597,43.86492],[-78.93698,43.86496],[-78.9376,43.86588],[-78.93793,43.86508],[-78.93753,43.86506],[-78.93796,43.86558],[-78.9376,43.86588],[-78.93698,43.86496],[-78.93577,43.86482],[-78.93675,43.86741],[-78.93387,43.86794],[-78.93411,43.86658],[-78.93612,43.86631],[-78.95431,43.86734],[-78.95895,43.86713],[-78.97653,43.86433],[-78.99768,43.85879],[-79.03199,43.85089],[-79.03735,43.85012],[-79.04081,43.85069],[-79.04029,43.84833],[-79.03929,43.84661],[-79.04023,43.84624],[-79.0409,43.8461],[-79.04132,43.84699],[-79.04101,43.84752],[-79.04136,43.84738],[-79.0409,43.8461],[-79.03915,43.84666],[-79.04048,43.84951],[-79.04036,43.85026],[-79.03967,43.85049],[-79.03926,43.84976],[-79.04087,43.84916],[-79.05473,43.84627],[-79.06549,43.84142],[-79.06821,43.84054],[-79.07105,43.84046],[-79.06815,43.83301],[-79.0832,43.82962],[-79.08417,43.83109],[-79.08474,43.83059],[-79.08384,43.83107],[-79.0832,43.82962],[-79.08733,43.82882],[-79.0885,43.83063],[-79.08842,43.83205],[-79.08764,43.83161],[-79.08907,43.83067],[-79.10682,43.8225],[-79.12113,43.81276],[-79.1388,43.80223],[-79.14468,43.79789],[-79.14914,43.79608],[-79.15514,43.79613],[-79.1681,43.80022],[-79.17352,43.80006],[-79.21519,43.7938],[-79.22012,43.79225],[-79.22934,43.78754],[-79.24027,43.78428],[-79.27409,43.77745],[-79.3113,43.76884],[-79.33037,43.76819],[-79.33264,43.76836],[-79.33642,43.76958],[-79.33783,43.7694],[-79.33858,43.76862],[-79.33857,43.7673],[-79.33418,43.75298],[-79.33237,43.74243],[-79.33223,43.73699],[-79.33079,43.72954],[-79.33032,43.72288],[-79.32904,43.71982],[-79.32582,43.71549],[-79.32566,43.71321],[-79.32663,43.71168],[-79.33092,43.70818],[-79.33228,43.70365],[-79.33379,43.70202],[-79.33772,43.7003],[-79.34197,43.69773],[-79.34427,43.6975],[-79.34929,43.69812],[-79.35237,43.69734],[-79.35838,43.69239],[-79.36061,43.68909],[-79.36122,43.68509],[-79.36261,43.68171],[-79.36189,43.67639],[-79.36093,43.67392],[-79.35732,43.66922],[-79.35402,43.65842],[-79.34898,43.65328],[-79.3486,43.65219],[-79.34893,43.65095],[-79.35173,43.64925],[-79.35733,43.6491],[-79.37411,43.64507],[-79.37716,43.64395]]},"properties":{"agency":"GO Transit","agency_id":"go_transit","route_name":"90","route_long_name":"Lakeshore East","route_type":"Bus","color":"#5C8A4D","transit_category":"go_transit"}},{"type":"Feature","geometry":{"type":"LineString","coordinates":[[-79.0637,43.10846],[-79.08596,43.10851],[-79.0853,43.09624],[-79.10962,43.0958],[-79.11461,43.09687],[-79.11767,43.09845],[-79.11885,43.10018],[-79.11961,43.10489],[-79.12051,43.12029],[-79.12249,43.12548],[-79.14365,43.14745],[-79.14749,43.15053],[-79.15096,43.15233],[-79.16195,43.15654],[-79.16247,43.1571],[-79.16257,43.15827],[-79.16346,43.15871],[-79.1664,43.15444],[-79.16785,43.1536],[-79.16767,43.15072],[-79.1656,43.15098],[-79.16654,43.15249],[-79.16692,43.15227],[-79.1669,43.15073],[-79.16767,43.15072],[-79.16784,43.15348],[-79.16612,43.15461],[-79.16346,43.15871],[-79.16432,43.15893],[-79.16618,43.15819],[-79.1685,43.1587],[-79.18951,43.16686],[-79.19229,43.16731],[-79.20453,43.16742],[-79.20861,43.16786],[-79.22993,43.17301],[-79.2481,43.17657],[-79.25166,43.17754],[-79.25262,43.17844],[-79.25177,43.17915],[-79.24965,43.17898],[-79.24898,43.17713],[-79.2467,43.17651],[-79.24609,43.17819],[-79.24516,43.17886],[-79.24563,43.17922],[-79.25177,43.17915],[-79.25323,43.17776],[-79.26706,43.17979],[-79.27717,43.17733],[-79.27983,43.17717],[-79.31709,43.18024],[-79.35569,43.17939],[-79.363,43.18075],[-79.3751,43.18546],[-79.38243,43.1867],[-79.39552,43.18658],[-79.47046,43.18896],[-79.47375,43.1893],[-79.4765,43.1903],[-79.47708,43.19011],[-79.47696,43.18644],[-79.4758,43.18658],[-79.47482,43.18766],[-79.47611,43.18812],[-79.47482,43.18766],[-79.4757,43.18664],[-79.47683,43.18644],[-79.47692,43.18946],[-79.4761,43.19014],[-79.47569,43.18977],[-79.47601,43.18937],[-79.47841,43.18921],[-79.52092,43.18962],[-79.53096,43.19145],[-79.58831,43.2054],[-79.59233,43.20664],[-79.59453,43.20828],[-79.59551,43.20801],[-79.59513,43.20454],[-79.59685,43.20455],[-79.59513,43.20454],[-79.59525,43.20777],[-79.59427,43.20805],[-79.59417,43.20744],[-79.59485,43.20728],[-79.60586,43.20965],[-79.74275,43.24278],[-79.75423,43.2458],[-79.75464,43.24633],[-79.75416,43.24703],[-79.75579,43.24834],[-79.75798,43.24324],[-79.75998,43.24317],[-79.76031,43.24218],[-79.75975,43.24212],[-79.75998,43.24317],[-79.75797,43.24271],[-79.75603,43.24778],[-79.75543,43.24806],[-79.75472,43.24762],[-79.75448,43.24703],[-79.7549,43.24655],[-79.75643,43.24623],[-79.75844,43.24672],[-79.76024,43.24785],[-79.77058,43.26207],[-79.78564,43.27784],[-79.80565,43.3137],[-79.8212,43.32392],[-79.82315,43.3259],[-79.82362,43.32821],[-79.81821,43.33028],[-79.81454,43.33423],[-79.80879,43.33926],[-79.80958,43.33991],[-79.80911,43.3407],[-79.80967,43.34069],[-79.80973,43.34022],[-79.80879,43.33926],[-79.81228,43.33628],[-79.8131,43.33617],[-79.81848,43.33901],[-79.85218,43.36307],[-79.85575,43.36376],[-79.82715,43.38916],[-79.82872,43.38976],[-79.82808,43.38916],[-79.82851,43.38874]]},"properties":{"agency":"GO Transit","agency_id":"go_transit","route_name":"12","route_long_name":"Niagara Falls / Burlington","route_type":"Bus","color":"#5C8A4D","transit_category":"go_transit"}},{"type":"Feature","geometry":{"type":"LineString","coordinates":[[-79.08455,43.83099],[-79.08474,43.83059],[-79.08379,43.83102],[-79.0832,43.82962],[-79.08733,43.82882],[-79.08838,43.83036],[-79.09047,43.83581],[-79.09683,43.83096],[-79.10148,43.82532],[-79.11104,43.82221],[-79.11129,43.82204],[-79.11022,43.82126],[-79.11009,43.82052],[-79.11403,43.81735],[-79.13924,43.80212],[-79.14471,43.7981],[-79.14868,43.79636],[-79.15263,43.79269],[-79.17014,43.78142],[-79.1813,43.78341],[-79.18491,43.78496],[-79.18544,43.78417],[-79.18471,43.78486],[-79.19434,43.78928],[-79.19698,43.79658],[-79.19714,43.79762],[-79.19663,43.79791],[-79.19608,43.79773],[-79.19607,43.79723],[-79.19791,43.79668],[-79.2171,43.79366],[-79.2212,43.79203],[-79.22761,43.78847],[-79.23223,43.78693],[-79.23595,43.78748],[-79.23695,43.78957],[-79.23416,43.79014],[-79.23184,43.78388],[-79.2298,43.7843],[-79.22881,43.78498],[-79.22977,43.78645],[-79.23152,43.78573],[-79.23088,43.78414],[-79.23184,43.78395],[-79.23218,43.78292],[-79.23431,43.78166],[-79.24384,43.78015],[-79.24507,43.78093],[-79.25546,43.77858],[-79.25696,43.77892],[-79.26037,43.77822],[-79.26126,43.77753],[-79.26191,43.77586],[-79.26326,43.77531],[-79.26239,43.77333],[-79.26104,43.77363],[-79.26088,43.77486],[-79.26139,43.77552],[-79.26191,43.77586],[-79.26309,43.77534],[-79.26485,43.77973],[-79.26494,43.78037],[-79.2644,43.78071],[-79.26385,43.7805],[-79.26389,43.78002],[-79.26559,43.77946],[-79.30933,43.76946],[-79.31498,43.76862],[-79.31725,43.76881],[-79.31912,43.76973],[-79.32025,43.76953],[-79.32144,43.77197],[-79.32517,43.77087],[-79.3309,43.7705],[-79.3321,43.77344],[-79.33121,43.77519],[-79.33768,43.77589],[-79.3377,43.77711],[-79.33948,43.77817],[-79.34666,43.80933],[-79.34871,43.81167],[-79.35576,43.81478],[-79.35919,43.81765],[-79.3642,43.82927],[-79.36557,43.83559],[-79.36652,43.83732],[-79.3678,43.83841],[-79.36975,43.83917],[-79.372,43.83931],[-79.38162,43.83719],[-79.39054,43.83687],[-79.41305,43.83884],[-79.41812,43.83831],[-79.42494,43.83637],[-79.42905,43.83646],[-79.42937,43.8391],[-79.42654,43.83917],[-79.42562,43.84047],[-79.42515,43.83951],[-79.42597,43.84029],[-79.42648,43.83928],[-79.4298,43.83927],[-79.42963,43.83512],[-79.43062,43.834],[-79.43245,43.83312],[-79.46256,43.82578],[-79.46921,43.82329],[-79.47447,43.82048],[-79.47771,43.81762],[-79.4794,43.81486],[-79.48055,43.80608],[-79.48255,43.80155],[-79.48635,43.79765],[-79.49191,43.79444],[-79.49682,43.79274],[-79.51504,43.78831],[-79.52377,43.78688],[-79.5223,43.78388],[-79.52346,43.78332],[-79.52284,43.78226],[-79.52394,43.78305],[-79.52569,43.78292],[-79.52365,43.78343],[-79.52266,43.78196],[-79.52165,43.78222],[-79.52357,43.78691],[-79.52723,43.78642],[-79.5305,43.78496],[-79.5349,43.7838],[-79.55778,43.77889],[-79.5635,43.77706],[-79.58554,43.76805],[-79.60259,43.76202],[-79.6359,43.75366],[-79.63986,43.7516],[-79.65133,43.74219],[-79.6702,43.73066],[-79.67285,43.72827],[-79.6748,43.72498],[-79.67613,43.71258],[-79.67766,43.70927],[-79.68215,43.70276],[-79.68522,43.70102],[-79.68812,43.70318],[-79.68911,43.70238],[-79.69207,43.70178],[-79.69307,43.70262],[-79.712,43.68545],[-79.71286,43.68507],[-79.71351,43.68543],[-79.71323,43.68593],[-79.71231,43.6858],[-79.70864,43.68252],[-79.70354,43.67219],[-79.70087,43.66914],[-79.63447,43.61994],[-79.63217,43.61655],[-79.63196,43.61451],[-79.63245,43.61287],[-79.63407,43.61069],[-79.64029,43.60486],[-79.6427,43.60299],[-79.64617,43.60182],[-79.6427,43.59925],[-79.64264,43.59866],[-79.6471,43.59431],[-79.64911,43.59546],[-79.64621,43.59793],[-79.6451,43.59798],[-79.64394,43.59727],[-79.64078,43.59907],[-79.63991,43.59868],[-79.63992,43.59819],[-79.64079,43.59813],[-79.64458,43.60082],[-79.64538,43.60157],[-79.64527,43.60216],[-79.64458,43.60233],[-79.64401,43.60186],[-79.64496,43.60047],[-79.66908,43.57781],[-79.68071,43.56488],[-79.68469,43.56176],[-79.69384,43.55629],[-79.69809,43.55562],[-79.70029,43.55377],[-79.69935,43.55291],[-79.70177,43.55112],[-79.69935,43.55291],[-79.70018,43.55366],[-79.6988,43.5549],[-79.69806,43.55417],[-79.69837,43.55325],[-79.71679,43.53708],[-79.72636,43.52723],[-79.73117,43.52417],[-79.73532,43.51956],[-79.74314,43.513],[-79.74614,43.51091],[-79.74947,43.51008],[-79.74561,43.50707],[-79.74539,43.50616],[-79.74431,43.50596],[-79.7483,43.50931],[-79.74853,43.51022],[-79.74768,43.51037],[-79.74739,43.50976],[-79.75562,43.50237],[-79.7578,43.49958],[-79.75915,43.49667],[-79.76077,43.49017],[-79.76237,43.48753],[-79.77843,43.47537],[-79.78176,43.47193],[-79.78366,43.46898],[-79.78487,43.46604],[-79.7865,43.45567],[-79.78789,43.45027],[-79.78934,43.44787],[-79.79256,43.44597],[-79.79202,43.44577],[-79.79162,43.44647],[-79.79078,43.44501],[-79.79367,43.43974],[-79.79913,43.43394],[-79.82689,43.40951],[-79.83051,43.40475],[-79.83288,43.39979],[-79.83409,43.39438],[-79.83408,43.38574],[-79.83575,43.3837],[-79.83569,43.38296],[-79.83473,43.38227],[-79.82715,43.38916],[-79.82804,43.38975],[-79.82896,43.38967],[-79.82807,43.38911],[-79.82922,43.38818],[-79.83005,43.38876],[-79.8291,43.38961],[-79.82831,43.38981],[-79.8273,43.38927],[-79.83376,43.38335],[-79.83479,43.3828],[-79.83557,43.38333],[-79.83471,43.38378],[-79.83375,43.38294],[-79.83259,43.37249],[-79.83114,43.34138],[-79.83182,43.33804],[-79.83371,43.33594],[-79.83858,43.33273],[-79.86195,43.31052],[-79.86862,43.30567],[-79.88077,43.29817],[-79.89199,43.29411],[-79.8963,43.29014],[-79.89724,43.28824],[-79.89698,43.28617],[-79.89278,43.28182],[-79.89225,43.28035],[-79.893,43.27626],[-79.8926,43.27107],[-79.89333,43.26249],[-79.89401,43.26079],[-79.89576,43.25947],[-79.90646,43.25635],[-79.90728,43.25698],[-79.90707,43.25852],[-79.91139,43.25802],[-79.92173,43.25795],[-79.92311,43.25935],[-79.92333,43.26236],[-79.92315,43.2614],[-79.92266,43.2618],[-79.92333,43.26339],[-79.92559,43.26321],[-79.92536,43.2627],[-79.92395,43.26256],[-79.92326,43.25934],[-79.92224,43.25763],[-79.9117,43.25792],[-79.89246,43.26061],[-79.86965,43.25536],[-79.87063,43.25312],[-79.87008,43.2531]]},"properties":{"agency":"GO Transit","agency_id":"go_transit","route_name":"41","route_long_name":"Hamilton / Pickering","route_type":"Bus","color":"#5C8A4D","transit_category":"go_transit"}},{"type":"Feature","geometry":{"type":"LineString","coordinates":[[-79.68172,43.456],[-79.6816,43.45669],[-79.68276,43.4557],[-79.68377,43.45634],[-79.68125,43.45726],[-79.68357,43.46131],[-79.68511,43.46302],[-79.69571,43.47065],[-79.6983,43.46935],[-79.69555,43.47053],[-79.74419,43.50613],[-79.74518,43.50528],[-79.74591,43.50537],[-79.74668,43.50602],[-79.74629,43.5066],[-79.74468,43.50574],[-79.74419,43.50613],[-79.74628,43.50785],[-79.74666,43.50882],[-79.74169,43.51397],[-79.73224,43.52154],[-79.72581,43.52738],[-79.71325,43.53992],[-79.69956,43.55131],[-79.69822,43.55202],[-79.69558,43.55236],[-79.69474,43.55326],[-79.69861,43.55507],[-79.70029,43.55377],[-79.69934,43.55293],[-79.70164,43.55102],[-79.69935,43.55291],[-79.70018,43.55366],[-79.6988,43.5549],[-79.69483,43.55306],[-79.69446,43.55506],[-79.68413,43.56185],[-79.68055,43.56477],[-79.66996,43.57649],[-79.6623,43.58333],[-79.65921,43.58447],[-79.65789,43.58726],[-79.64911,43.59546],[-79.6471,43.59431],[-79.64382,43.59737],[-79.64116,43.59898],[-79.64024,43.59893],[-79.63992,43.59819],[-79.64109,43.5983],[-79.6432,43.59986],[-79.6436,43.60087],[-79.63331,43.61104],[-79.6321,43.61281],[-79.63162,43.61485],[-79.63184,43.61653],[-79.63327,43.61912],[-79.6351,43.62091],[-79.64901,43.63165],[-79.65366,43.6359],[-79.66121,43.63995],[-79.70106,43.66987],[-79.70294,43.67217],[-79.70689,43.68069],[-79.70932,43.68447],[-79.70951,43.68623],[-79.71033,43.68681],[-79.69647,43.69892],[-79.69293,43.70255],[-79.6926,43.70235],[-79.6932,43.70155],[-79.68818,43.7026],[-79.69207,43.70178],[-79.6926,43.70235],[-79.69322,43.70156],[-79.68911,43.70238],[-79.68822,43.70311],[-79.68306,43.69929],[-79.68264,43.69835],[-79.68371,43.6985],[-79.68317,43.70002],[-79.67706,43.70949],[-79.67583,43.71211],[-79.67524,43.71506],[-79.67481,43.72326],[-79.67399,43.72579],[-79.67244,43.72811],[-79.66893,43.73105],[-79.65023,43.74253],[-79.63794,43.75238],[-79.63433,43.7538],[-79.60157,43.76197],[-79.58428,43.76819],[-79.56296,43.77684],[-79.55584,43.77902],[-79.53132,43.78401],[-79.52263,43.78454],[-79.5223,43.78388],[-79.52314,43.78366],[-79.5234,43.78305],[-79.52266,43.78196],[-79.52165,43.78222],[-79.52205,43.78466],[-79.5207,43.78616],[-79.49609,43.79261],[-79.4917,43.79413],[-79.48611,43.79735],[-79.48217,43.80141],[-79.48014,43.80599],[-79.47902,43.81467],[-79.47759,43.81714],[-79.47464,43.81991],[-79.46793,43.82351],[-79.46034,43.82607],[-79.43534,43.83181],[-79.42817,43.83247],[-79.42939,43.83907],[-79.42654,43.83917],[-79.42562,43.84047],[-79.4251,43.83998],[-79.42527,43.83949],[-79.42597,43.84029],[-79.42648,43.83928],[-79.4298,43.83927],[-79.42868,43.83391],[-79.42882,43.83293],[-79.42969,43.83248],[-79.43034,43.83276],[-79.43015,43.83332],[-79.42459,43.83582],[-79.42022,43.83741],[-79.41582,43.8383],[-79.41022,43.83846],[-79.39251,43.83657],[-79.38165,43.83686],[-79.34061,43.84302],[-79.31373,43.8487],[-79.31077,43.84912],[-79.30775,43.84871],[-79.30686,43.84902],[-79.30789,43.85126],[-79.30746,43.85337],[-79.30857,43.85358],[-79.31453,43.85202],[-79.3076,43.85341],[-79.30805,43.85143],[-79.30741,43.84933],[-79.30792,43.84887],[-79.30873,43.84949],[-79.30718,43.85021],[-79.26966,43.85847],[-79.25421,43.86442],[-79.24412,43.86767],[-79.23721,43.86923],[-79.23439,43.86879],[-79.23284,43.86909],[-79.23524,43.88069],[-79.23208,43.88155],[-79.23132,43.87998],[-79.23165,43.87993],[-79.23208,43.88155],[-79.23524,43.88069],[-79.23345,43.87281],[-79.23342,43.86948],[-79.23408,43.86895],[-79.23467,43.86917],[-79.23465,43.8697],[-79.23268,43.87039],[-79.20417,43.87655],[-79.19862,43.87861],[-79.19481,43.88092],[-79.19231,43.88308],[-79.18295,43.89381],[-79.17997,43.8958],[-79.17655,43.8973],[-79.10792,43.91331],[-79.09971,43.91619],[-79.09625,43.91689],[-79.09536,43.91557],[-79.09506,43.91379],[-79.0961,43.91365],[-79.09642,43.91282],[-79.09775,43.91273],[-79.09766,43.9123],[-79.09538,43.91205],[-79.09484,43.91435],[-79.09625,43.9176],[-79.09613,43.91895],[-79.09379,43.92211],[-79.08682,43.92905],[-79.08216,43.93232],[-79.06831,43.93839],[-79.02022,43.94971],[-79.01328,43.95061],[-78.98436,43.95121],[-78.96391,43.94723],[-78.9615,43.94617],[-78.95948,43.94625],[-78.95887,43.94403],[-78.9604,43.94383],[-78.96067,43.94502],[-78.95961,43.94515],[-78.95935,43.94396],[-78.95872,43.94408],[-78.95915,43.94622],[-78.95842,43.94718],[-78.94583,43.94931],[-78.93973,43.95128],[-78.91392,43.96672],[-78.90903,43.96896],[-78.90564,43.96921],[-78.89661,43.9488],[-78.8955,43.94744],[-78.89258,43.94539],[-78.89412,43.94405],[-78.89591,43.94329],[-78.89503,43.9433],[-78.89247,43.94532],[-78.88064,43.93684],[-78.86584,43.90252],[-78.86581,43.90181],[-78.86755,43.90096],[-78.86234,43.89005],[-78.88017,43.88607],[-78.87608,43.87622],[-78.87521,43.87494],[-78.87426,43.87555],[-78.87427,43.87629],[-78.88814,43.87279],[-78.88749,43.87053],[-78.88572,43.87103]]},"properties":{"agency":"GO Transit","agency_id":"go_transit","route_name":"56","route_long_name":"Oshawa / Oakville","route_type":"Bus","color":"#5C8A4D","transit_category":"go_transit"}},{"type":"Feature","geometry":{"type":"LineString","coordinates":[[-80.10226,43.93034],[-80.10382,43.92982],[-80.10943,43.92992],[-80.11049,43.92959],[-80.11437,43.92655],[-80.11703,43.92582],[-80.11449,43.91549],[-80.08714,43.92147],[-80.086,43.9184],[-80.09082,43.91374],[-80.0892,43.91289],[-80.09082,43.91374],[-80.086,43.9184],[-80.08714,43.92147],[-80.08304,43.92191],[-80.07433,43.91775],[-79.97071,43.84175],[-79.83633,43.74215],[-79.83273,43.74118],[-79.82956,43.74159],[-79.82349,43.7458],[-79.81528,43.74998],[-79.80656,43.75559],[-79.80197,43.7568],[-79.79742,43.75635],[-79.79319,43.754],[-79.7845,43.74339],[-79.77126,43.73265],[-79.76444,43.7248],[-79.71584,43.68863],[-79.71409,43.68701],[-79.71369,43.68524],[-79.71275,43.68459],[-79.69647,43.69892],[-79.69293,43.70255],[-79.6926,43.70235],[-79.6932,43.70155],[-79.68818,43.7026],[-79.69011,43.70227]]},"properties":{"agency":"GO Transit","agency_id":"go_transit","route_name":"37","route_long_name":"Orangeville / Brampton","route_type":"Bus","color":"#5C8A4D","transit_category":"go_transit"}},{"type":"Feature","geometry":{"type":"LineString","coordinates":[[-80.53918,43.47457],[-80.5384,43.47491],[-80.53626,43.47206],[-80.51726,43.47893],[-80.50906,43.48299],[-80.50437,43.48494],[-80.50201,43.48536],[-80.50102,43.48475],[-80.49944,43.4824],[-80.49615,43.47598],[-80.49383,43.47398],[-80.48949,43.47299],[-80.48054,43.47392],[-80.47678,43.47258],[-80.47512,43.47064],[-80.47143,43.46356],[-80.47176,43.46076],[-80.47443,43.45978],[-80.47546,43.46073],[-80.45739,43.46618],[-80.43144,43.47517],[-80.41978,43.48066],[-80.41801,43.48233],[-80.41599,43.48792],[-80.41367,43.49058],[-80.41164,43.49186],[-80.3467,43.51477],[-80.29852,43.54964],[-80.29776,43.54969],[-80.26906,43.52921],[-80.26579,43.5259],[-80.26423,43.52712],[-80.26038,43.52888],[-80.25719,43.53187],[-80.25135,43.53623],[-80.24592,43.53811],[-80.24461,43.54078],[-80.24859,43.5421],[-80.25042,43.54363],[-80.24811,43.54481],[-80.24768,43.54435],[-80.24649,43.54488],[-80.24559,43.54559],[-80.24579,43.54598],[-80.25042,43.54363],[-80.24859,43.5421],[-80.24355,43.54023],[-80.22652,43.52771],[-80.22427,43.52941],[-80.22547,43.5303],[-80.22594,43.52998],[-80.22472,43.52908],[-80.22652,43.52771],[-80.2251,43.52672],[-80.21721,43.5243],[-80.20606,43.51852],[-80.19706,43.5118],[-80.19434,43.50491],[-80.19159,43.50206],[-80.1601,43.47916],[-80.15432,43.47399],[-80.15002,43.47154],[-80.14501,43.46946],[-80.14149,43.46636],[-80.14176,43.4662],[-80.13539,43.46101],[-80.13468,43.4615],[-80.13361,43.46036],[-80.1337,43.4609],[-80.13468,43.4615],[-80.13539,43.46101],[-80.13409,43.45998],[-80.11006,43.44366],[-80.10508,43.43861],[-80.09869,43.43387],[-80.09541,43.43195],[-80.07198,43.42268],[-80.06287,43.41801],[-80.05562,43.4112],[-80.0495,43.40941],[-80.0474,43.40824],[-80.03406,43.39893],[-80.02816,43.3935],[-80.00078,43.37295],[-79.94233,43.32995],[-79.8987,43.29855],[-79.8942,43.29464],[-79.89258,43.29408],[-79.89106,43.29416],[-79.88131,43.29761],[-79.86289,43.30936],[-79.85938,43.31103],[-79.85746,43.31326],[-79.85671,43.31269],[-79.85587,43.31328],[-79.85682,43.31273],[-79.85746,43.31326],[-79.85889,43.31139],[-79.86205,43.31361],[-79.86275,43.31279],[-79.86214,43.31148],[-79.86241,43.31071],[-79.86862,43.30567],[-79.88129,43.29789],[-79.89199,43.29411],[-79.89643,43.28997],[-79.89724,43.28824],[-79.89698,43.28617],[-79.89278,43.28182],[-79.89225,43.28035],[-79.893,43.27626],[-79.8926,43.27107],[-79.89334,43.26241],[-79.89483,43.26],[-79.90613,43.25634],[-79.90725,43.25688],[-79.90707,43.25852],[-79.92094,43.25779],[-79.92207,43.25812],[-79.92305,43.2592],[-79.92333,43.26236],[-79.92315,43.2614],[-79.92266,43.2618],[-79.92333,43.26339],[-79.92559,43.26321],[-79.92536,43.2627],[-79.92395,43.26256],[-79.92326,43.25934],[-79.92224,43.25763],[-79.9117,43.25792],[-79.89246,43.26061],[-79.86965,43.25536],[-79.87063,43.25312],[-79.87008,43.2531]]},"properties":{"agency":"GO Transit","agency_id":"go_transit","route_name":"17","route_long_name":"Waterloo / Hamilton","route_type":"Bus","color":"#5C8A4D","transit_category":"go_transit"}},{"type":"Feature","geometry":{"type":"LineString","coordinates":[[-79.37716,43.64395],[-79.37738,43.64426],[-79.37689,43.64436],[-79.3773,43.64423],[-79.37671,43.64393],[-79.38101,43.64172],[-79.38073,43.64102],[-79.37746,43.64212],[-79.37748,43.64327],[-79.37304,43.64507],[-79.3637,43.64706],[-79.3572,43.64897],[-79.3522,43.64898],[-79.34853,43.6508],[-79.34817,43.65204],[-79.34857,43.65298],[-79.35394,43.65851],[-79.3572,43.66932],[-79.36065,43.67373],[-79.36175,43.67641],[-79.36246,43.68173],[-79.36103,43.68517],[-79.3604,43.68921],[-79.35836,43.69222],[-79.35198,43.69731],[-79.34969,43.69786],[-79.34422,43.69732],[-79.34194,43.69758],[-79.33342,43.7021],[-79.33216,43.70355],[-79.33084,43.70803],[-79.32595,43.71203],[-79.32518,43.71329],[-79.32501,43.71466],[-79.32555,43.71603],[-79.32867,43.71967],[-79.32994,43.72247],[-79.33051,43.72964],[-79.33203,43.7371],[-79.33217,43.74222],[-79.33379,43.75233],[-79.33678,43.76304],[-79.33725,43.76773],[-79.33857,43.7716],[-79.34656,43.80906],[-79.34843,43.81148],[-79.35576,43.81478],[-79.35924,43.81772],[-79.3642,43.82927],[-79.36539,43.83506],[-79.36652,43.83732],[-79.36857,43.8388],[-79.37135,43.83933],[-79.38102,43.83728],[-79.38669,43.83688],[-79.3945,43.83704],[-79.40215,43.83803],[-79.40488,43.83962],[-79.40636,43.83958],[-79.40778,43.84507],[-79.41032,43.84469],[-79.41308,43.84313],[-79.42318,43.84197],[-79.42247,43.84094],[-79.42096,43.84002],[-79.42037,43.83858],[-79.42504,43.83763],[-79.42661,43.83934],[-79.42948,43.83949],[-79.43055,43.84275],[-79.43721,43.87124],[-79.42461,43.87398],[-79.42524,43.87644],[-79.42662,43.87582],[-79.42524,43.87644],[-79.42659,43.87947],[-79.43071,43.8838],[-79.4319,43.88668],[-79.43227,43.89028],[-79.43137,43.89181],[-79.42251,43.89371],[-79.41981,43.89364],[-79.42866,43.93106],[-79.40752,43.93542],[-79.40101,43.93837],[-79.39593,43.93957],[-79.3973,43.94129],[-79.39853,43.94094],[-79.39816,43.94054],[-79.39697,43.94081],[-79.39593,43.93957],[-79.38898,43.94014],[-79.3882,43.94001],[-79.38803,43.93945],[-79.38898,43.93924],[-79.38956,43.94047],[-79.39201,43.95038],[-79.39262,43.95548],[-79.39228,43.97371],[-79.392,43.97598],[-79.39052,43.97782],[-79.39074,43.97826],[-79.3951,43.97724],[-79.395,43.97668],[-79.39372,43.97582],[-79.39453,43.97497],[-79.39757,43.97512],[-79.39758,43.97554]]},"properties":{"agency":"GO Transit","agency_id":"go_transit","route_name":"61","route_long_name":"Richmond Hill","route_type":"Bus","color":"#5C8A4D","transit_category":"go_transit"}},{"type":"Feature","geometry":{"type":"LineString","coordinates":[[-79.41512,43.78218],[-79.41441,43.78242],[-79.41422,43.78208],[-79.41608,43.78163],[-79.416,43.78085],[-79.4112,43.76161],[-79.40971,43.7564],[-79.40802,43.75252],[-79.40641,43.75304],[-79.4061,43.75427],[-79.40521,43.75509],[-79.39578,43.76065],[-79.39225,43.76188],[-79.38105,43.76422],[-79.37118,43.76564],[-79.34758,43.76658],[-79.34292,43.76649],[-79.33924,43.76561],[-79.33812,43.76585],[-79.33756,43.76654],[-79.34666,43.80933],[-79.34903,43.81188],[-79.35716,43.81565],[-79.35966,43.81843],[-79.36626,43.83426],[-79.37064,43.84701],[-79.37842,43.87846],[-79.3786,43.88081],[-79.37772,43.88315],[-79.37799,43.88371],[-79.3817,43.88287],[-79.38152,43.88248],[-79.38044,43.8828],[-79.38006,43.88161],[-79.38109,43.88145],[-79.38165,43.88279],[-79.37888,43.88335],[-79.37793,43.88281],[-79.37894,43.8824],[-79.37963,43.8835],[-79.39006,43.92659],[-79.38931,43.93892],[-79.39201,43.95038],[-79.39272,43.95902],[-79.39208,43.97564],[-79.39049,43.97771],[-79.39074,43.97826],[-79.3951,43.97724],[-79.395,43.97668],[-79.39372,43.97582],[-79.39453,43.97497],[-79.39783,43.97541],[-79.39738,43.97642],[-79.39431,43.97626],[-79.39398,43.97561],[-79.39372,43.97582],[-79.39505,43.97715],[-79.39179,43.97784],[-79.3912,43.97725],[-79.39222,43.97696],[-79.39279,43.9783],[-79.39452,43.98561],[-79.39591,43.99504],[-79.39771,43.99868],[-79.40283,44.00379],[-79.40459,44.00644],[-79.40572,44.01151],[-79.40546,44.01236],[-79.40431,44.01339],[-79.40448,44.01426],[-79.40888,44.01328],[-79.4086,44.01279],[-79.40743,44.01297],[-79.40727,44.01246],[-79.40775,44.01205],[-79.4088,44.01318],[-79.40596,44.01384],[-79.40494,44.01335],[-79.40522,44.01287],[-79.40595,44.01292],[-79.40656,44.01431],[-79.4103,44.03189],[-79.41654,44.05062],[-79.41944,44.06456],[-79.41945,44.06656],[-79.41807,44.06849],[-79.41823,44.06891],[-79.42267,44.06796],[-79.42245,44.06747],[-79.42141,44.06751],[-79.42202,44.06722],[-79.42261,44.06784],[-79.41932,44.0685],[-79.4186,44.06795],[-79.41969,44.06766],[-79.42038,44.06914],[-79.42119,44.07364],[-79.42139,44.0794],[-79.42401,44.09094],[-79.42354,44.09389],[-79.42044,44.10097],[-79.42026,44.10408],[-79.42109,44.10808],[-79.4227,44.11438],[-79.42415,44.1174],[-79.43155,44.12561],[-79.43421,44.13009],[-79.43614,44.13688],[-79.43632,44.13899],[-79.43539,44.14096],[-79.43574,44.14202],[-79.4405,44.14113],[-79.44031,44.14188],[-79.44105,44.142],[-79.44064,44.14099],[-79.43599,44.14197],[-79.43573,44.14113],[-79.43679,44.14082],[-79.43747,44.14203],[-79.44013,44.15184],[-79.44799,44.17499],[-79.44826,44.17777],[-79.44789,44.1809],[-79.44559,44.18613],[-79.44167,44.19025],[-79.43678,44.19165],[-79.43698,44.19226],[-79.43743,44.19219],[-79.43716,44.19188]]},"properties":{"agency":"GO Transit","agency_id":"go_transit","route_name":"67","route_long_name":"Keswick / North York","route_type":"Bus","color":"#5C8A4D","transit_category":"go_transit"}},{"type":"Feature","geometry":{"type":"LineString","coordinates":[[-79.52445,43.78308],[-79.52569,43.78292],[-79.52365,43.78343],[-79.52266,43.78196],[-79.52148,43.78227],[-79.52357,43.78691],[-79.52723,43.78642],[-79.5305,43.78496],[-79.5349,43.7838],[-79.55778,43.77889],[-79.5635,43.77706],[-79.58554,43.76805],[-79.60259,43.76202],[-79.6359,43.75366],[-79.63986,43.7516],[-79.65087,43.7425],[-79.66743,43.73245],[-79.67192,43.72924],[-79.67399,43.72664],[-79.67513,43.72386],[-79.67571,43.7147],[-79.67638,43.71186],[-79.67766,43.70927],[-79.68215,43.70276],[-79.68522,43.70102],[-79.68812,43.70318],[-79.68911,43.70238],[-79.69207,43.70178],[-79.69307,43.70262],[-79.70129,43.69512],[-79.69286,43.68867],[-79.69214,43.68677],[-79.6948,43.67746],[-79.69668,43.67385],[-79.69946,43.67002],[-79.70441,43.66464],[-79.71223,43.65749],[-79.71448,43.65591],[-79.71806,43.6547],[-79.71181,43.65008],[-79.70959,43.65188],[-79.71023,43.65235],[-79.7129,43.65111],[-79.71683,43.65397],[-79.71737,43.65465],[-79.71714,43.65508],[-79.71629,43.65507],[-79.71614,43.65447],[-79.72004,43.65113],[-79.73459,43.64299],[-79.74165,43.63768],[-79.75015,43.62833],[-79.75785,43.62127],[-79.76028,43.61965],[-79.76309,43.61958],[-79.76405,43.61895],[-79.74024,43.60077],[-79.73918,43.59879],[-79.739,43.5968],[-79.74131,43.59042],[-79.74291,43.59068],[-79.75112,43.59495],[-79.7561,43.59533],[-79.75545,43.59738],[-79.75451,43.5975],[-79.75522,43.59788],[-79.75605,43.59588],[-79.75613,43.58944],[-79.75772,43.58713],[-79.76365,43.58288],[-79.77115,43.5882],[-79.77639,43.58407],[-79.7878,43.57356],[-79.79002,43.57259],[-79.79495,43.57514],[-79.80892,43.58573],[-79.81,43.5878],[-79.81007,43.59004],[-79.80917,43.59206],[-79.80746,43.59356],[-79.8066,43.59362],[-79.80591,43.59309],[-79.80679,43.59152],[-79.86164,43.54272],[-79.86517,43.54091],[-79.86886,43.53972],[-79.88548,43.53689],[-79.90206,43.52976],[-79.90648,43.52958],[-79.90687,43.52908],[-79.90386,43.52682],[-79.90294,43.5275],[-79.90399,43.5281],[-79.90335,43.52719],[-79.90372,43.52691],[-79.90564,43.5283],[-79.90611,43.52913],[-79.90543,43.52956],[-79.90431,43.52945],[-79.90414,43.52886],[-79.90803,43.52699],[-79.92754,43.52453],[-79.93137,43.52344],[-79.95024,43.51165],[-79.95296,43.50893],[-79.96067,43.49908],[-79.96446,43.49675],[-79.96701,43.49609],[-79.98185,43.49435],[-80.00494,43.48215],[-80.03505,43.47372],[-80.03999,43.4729],[-80.05817,43.47214],[-80.06321,43.47152],[-80.11649,43.45663],[-80.12146,43.45481],[-80.12612,43.45456],[-80.13373,43.45979],[-80.13323,43.4605],[-80.13468,43.4615],[-80.13527,43.4611],[-80.13685,43.4623],[-80.14501,43.46946],[-80.15398,43.4739],[-80.1601,43.47916],[-80.19212,43.50269],[-80.19407,43.50507],[-80.19676,43.51141],[-80.1995,43.51403],[-80.20716,43.51929],[-80.21312,43.52246],[-80.2177,43.5245],[-80.22518,43.52692],[-80.22643,43.52779],[-80.22427,43.52941],[-80.22549,43.5303],[-80.22594,43.52998],[-80.22528,43.5294]]},"properties":{"agency":"GO Transit","agency_id":"go_transit","route_name":"48","route_long_name":"Guelph / Hwy 407 Terminal","route_type":"Bus","color":"#5C8A4D","transit_category":"go_transit"}},{"type":"Feature","geometry":{"type":"LineString","coordinates":[[-79.76316,43.73134],[-79.76269,43.73195],[-79.75986,43.73029],[-79.76583,43.72515],[-79.76688,43.72523],[-79.76663,43.72591],[-79.76567,43.72572],[-79.75549,43.718],[-79.75254,43.71517],[-79.75051,43.71659],[-79.75216,43.71699],[-79.75168,43.7163],[-79.75108,43.71696],[-79.75063,43.71668],[-79.75266,43.71525],[-79.74795,43.7124],[-79.71584,43.68863],[-79.71409,43.68701],[-79.71369,43.68524],[-79.71275,43.68459],[-79.69647,43.69892],[-79.69293,43.70255],[-79.6926,43.70235],[-79.6932,43.70155],[-79.68818,43.7026],[-79.69207,43.70178],[-79.6926,43.70235],[-79.69322,43.70156],[-79.68911,43.70238],[-79.68822,43.70311],[-79.68306,43.69929],[-79.68264,43.69835],[-79.68371,43.6985],[-79.68317,43.70002],[-79.67706,43.70949],[-79.67583,43.71211],[-79.67524,43.71506],[-79.67481,43.72326],[-79.67399,43.72579],[-79.67244,43.72811],[-79.66893,43.73105],[-79.65023,43.74253],[-79.63794,43.75238],[-79.63433,43.7538],[-79.60157,43.76197],[-79.58493,43.76794],[-79.55875,43.77822],[-79.5194,43.78681],[-79.49609,43.79261],[-79.4917,43.79413],[-79.4857,43.79767],[-79.48174,43.80208],[-79.48014,43.80599],[-79.47925,43.814],[-79.47728,43.8175],[-79.47283,43.82112],[-79.46341,43.82517],[-79.43534,43.83181],[-79.42835,43.83242],[-79.41751,43.78714],[-79.4163,43.78257],[-79.41512,43.78218]]},"properties":{"agency":"GO Transit","agency_id":"go_transit","route_name":"32","route_long_name":"Brampton Trinity Common / North York","route_type":"Bus","color":"#5C8A4D","transit_category":"go_transit"}},{"type":"Feature","geometry":{"type":"LineString","coordinates":[[-79.24932,43.11814],[-79.24987,43.11675],[-79.24937,43.11597],[-79.24526,43.11641],[-79.22822,43.12231],[-79.22688,43.12229],[-79.22651,43.1213],[-79.22741,43.12092],[-79.22836,43.1214],[-79.22891,43.12241],[-79.22876,43.12376],[-79.22223,43.13024],[-79.221,43.13312],[-79.22077,43.13655],[-79.22141,43.14147],[-79.22403,43.14571],[-79.22697,43.15267],[-79.2285,43.15414],[-79.23338,43.15629],[-79.23579,43.1579],[-79.23933,43.1592],[-79.24024,43.15904],[-79.24127,43.15801],[-79.24431,43.15985],[-79.24322,43.16096],[-79.24287,43.16078],[-79.24394,43.15962],[-79.24127,43.15801],[-79.24343,43.15604],[-79.24315,43.15578],[-79.24418,43.15384],[-79.24624,43.15293],[-79.25173,43.15409],[-79.25489,43.15649],[-79.25745,43.15736],[-79.2749,43.15698],[-79.27831,43.15776],[-79.27998,43.15883],[-79.28127,43.16056],[-79.28148,43.16681],[-79.2845,43.17156],[-79.28505,43.17776],[-79.28699,43.17923],[-79.2952,43.17849],[-79.31788,43.18026],[-79.35654,43.17945],[-79.363,43.18075],[-79.3751,43.18546],[-79.38333,43.18675],[-79.39552,43.18658],[-79.47046,43.18896],[-79.47375,43.1893],[-79.4765,43.1903],[-79.47708,43.19011],[-79.47696,43.18644],[-79.4758,43.18658],[-79.47482,43.18766],[-79.47611,43.18812],[-79.47482,43.18766],[-79.4757,43.18664],[-79.47683,43.18644],[-79.47692,43.18946],[-79.4761,43.19014],[-79.47569,43.18977],[-79.47601,43.18937],[-79.47841,43.18921],[-79.52092,43.18962],[-79.53096,43.19145],[-79.58831,43.2054],[-79.59233,43.20664],[-79.59453,43.20828],[-79.59551,43.20801],[-79.59513,43.20454],[-79.59685,43.20455],[-79.59513,43.20454],[-79.59525,43.20777],[-79.59427,43.20805],[-79.59417,43.20744],[-79.59485,43.20728],[-79.60586,43.20965],[-79.74275,43.24278],[-79.75423,43.2458],[-79.75464,43.24633],[-79.75416,43.24703],[-79.75579,43.24834],[-79.75798,43.24324],[-79.75998,43.24317],[-79.76031,43.24218],[-79.75975,43.24212],[-79.75998,43.24317],[-79.75797,43.24271],[-79.75589,43.24792],[-79.75507,43.24793],[-79.75447,43.24717],[-79.75538,43.24629],[-79.75682,43.24627],[-79.76024,43.24785],[-79.76489,43.25428],[-79.76598,43.25645],[-79.76571,43.25837],[-79.76649,43.25896],[-79.7735,43.25885],[-79.78065,43.25699],[-79.79714,43.25686],[-79.80802,43.25962],[-79.81168,43.26232],[-79.82127,43.2648],[-79.82583,43.26405],[-79.86205,43.27274],[-79.86514,43.26563],[-79.86853,43.26684],[-79.87001,43.26519],[-79.86581,43.26412],[-79.87063,43.25312],[-79.86801,43.25238],[-79.86655,43.25586],[-79.86725,43.25622],[-79.88759,43.26227],[-79.89235,43.26289],[-79.89273,43.27631],[-79.89203,43.2805],[-79.89288,43.28231],[-79.89671,43.2862],[-79.89704,43.28792],[-79.89628,43.2898],[-79.88954,43.29472],[-79.88041,43.29809],[-79.86289,43.30936],[-79.85938,43.31103],[-79.85746,43.31326],[-79.85674,43.31269],[-79.85595,43.31301]]},"properties":{"agency":"GO Transit","agency_id":"go_transit","route_name":"11","route_long_name":"Brock University","route_type":"Bus","color":"#5C8A4D","transit_category":"go_transit"}},{"type":"Feature","geometry":{"type":"LineString","coordinates":[[-79.63783,43.70515],[-79.63721,43.70537],[-79.63933,43.70668],[-79.62989,43.71503],[-79.62101,43.71813],[-79.61905,43.71858],[-79.61841,43.71827],[-79.61858,43.7178],[-79.61922,43.71774],[-79.62027,43.71896],[-79.62576,43.72883],[-79.62639,43.73175],[-79.62538,43.73367],[-79.62556,43.73454],[-79.6319,43.73314],[-79.63364,43.73332],[-79.64728,43.7427],[-79.6422,43.74779],[-79.63919,43.74983],[-79.63935,43.75033],[-79.64081,43.75167],[-79.64302,43.75765],[-79.65879,43.78563],[-79.69563,43.84844],[-79.69679,43.84805],[-79.69746,43.8468],[-79.69674,43.84688],[-79.69715,43.84763],[-79.69581,43.84866],[-79.69676,43.8496],[-79.75423,43.89146]]},"properties":{"agency":"GO Transit","agency_id":"go_transit","route_name":"38","route_long_name":"Bolton / Malton","route_type":"Bus","color":"#5C8A4D","transit_category":"go_transit"}},{"type":"Feature","geometry":{"type":"LineString","coordinates":[[-79.68172,43.456],[-79.6816,43.45669],[-79.68276,43.4557],[-79.68377,43.45634],[-79.68125,43.45726],[-79.68357,43.46131],[-79.68511,43.46302],[-79.69571,43.47065],[-79.6983,43.46935],[-79.69555,43.47053],[-79.74419,43.50613],[-79.74518,43.50528],[-79.74591,43.50537],[-79.74668,43.50602],[-79.74629,43.5066],[-79.74468,43.50574],[-79.74419,43.50613],[-79.75176,43.51187],[-79.75743,43.51801],[-79.80806,43.55529],[-79.85102,43.51636],[-79.86337,43.52588],[-79.86407,43.52619],[-79.86653,43.52408],[-79.86801,43.52421],[-79.86652,43.52386],[-79.86407,43.52619],[-79.87774,43.5362],[-79.8937,43.52184],[-79.89936,43.52379],[-79.90372,43.52691],[-79.90294,43.5275],[-79.90389,43.52813],[-79.90384,43.52748]]},"properties":{"agency":"GO Transit","agency_id":"go_transit","route_name":"22","route_long_name":"Milton / Oakville","route_type":"Bus","color":"#5C8A4D","transit_category":"go_transit"}},{"type":"Feature","geometry":{"type":"LineString","coordinates":[[-79.38032,43.6445],[-79.36896,43.6467],[-79.36071,43.64857],[-79.35608,43.65018],[-79.34851,43.6543],[-79.34702,43.65576],[-79.34635,43.65697],[-79.34606,43.65801],[-79.34561,43.6617],[-79.3453,43.6629],[-79.34493,43.66385],[-79.34389,43.66566],[-79.34249,43.66758],[-79.34132,43.6688],[-79.33924,43.67047],[-79.33615,43.67235],[-79.3025,43.68561],[-79.29973,43.68649],[-79.27834,43.69143],[-79.2758,43.69229],[-79.27234,43.69404],[-79.26947,43.69618],[-79.26729,43.69851],[-79.2594,43.71035],[-79.253,43.72039],[-79.2529,43.72109],[-79.25308,43.72215],[-79.25405,43.72437],[-79.25474,43.72524],[-79.25652,43.72657],[-79.25982,43.72791],[-79.26057,43.72854],[-79.26112,43.72928],[-79.26969,43.74922],[-79.27041,43.75188],[-79.28027,43.77778],[-79.28274,43.78341],[-79.28376,43.78497],[-79.29076,43.80114],[-79.293,43.80453],[-79.30277,43.82576],[-79.30343,43.82663],[-79.31367,43.83727],[-79.31416,43.83816],[-79.31505,43.84092],[-79.31577,43.84486],[-79.3133,43.86211],[-79.31289,43.86294],[-79.31218,43.86375],[-79.31083,43.86459],[-79.30227,43.8682],[-79.30016,43.86937],[-79.29785,43.87105],[-79.29651,43.87171],[-79.28206,43.8757],[-79.26531,43.87977],[-79.26423,43.88034],[-79.26356,43.88095],[-79.26201,43.8839],[-79.26061,43.88542],[-79.26023,43.88664],[-79.26036,43.88751],[-79.26262,43.89428],[-79.26331,43.89688],[-79.2633,43.89805],[-79.26236,43.90538],[-79.26251,43.90684],[-79.26305,43.90849],[-79.26309,43.90976],[-79.26244,43.91121],[-79.26044,43.91342],[-79.25852,43.91592],[-79.25806,43.9173],[-79.25758,43.92089],[-79.25517,43.92491],[-79.25518,43.92595],[-79.25627,43.92825],[-79.25669,43.92982],[-79.2568,43.93059],[-79.25652,43.93168],[-79.25609,43.93241],[-79.25272,43.93583],[-79.25203,43.93749],[-79.25202,43.94336],[-79.25173,43.94733],[-79.25146,43.9484],[-79.2504,43.95066],[-79.25019,43.95151],[-79.25096,43.95861],[-79.25001,43.97319],[-79.24961,43.97597],[-79.24899,43.97712],[-79.24362,43.9833],[-79.24292,43.98384],[-79.24034,43.98521],[-79.2396,43.98593],[-79.23869,43.98795],[-79.2353,43.99389],[-79.2331,43.99707]]},"properties":{"agency":"GO Transit","agency_id":"go_transit","route_name":"ST","route_long_name":"Stouffville","route_type":"Rail","color":"#5C8A4D","transit_category":"go_transit"}},{"type":"Feature","geometry":{"type":"LineString","coordinates":[[-78.8869,43.87021],[-78.90768,43.8631],[-78.91073,43.86237],[-78.91363,43.86202],[-78.91583,43.86193],[-78.91939,43.86214],[-78.93126,43.86373],[-78.94099,43.86534],[-78.95294,43.86661],[-78.95739,43.86673],[-78.96093,43.86628],[-79.02259,43.85244],[-79.0522,43.84606],[-79.05556,43.84507],[-79.05856,43.84379],[-79.07156,43.83758],[-79.07793,43.83488],[-79.09129,43.82856],[-79.09656,43.82637],[-79.10024,43.82421],[-79.10434,43.82228],[-79.10724,43.82071],[-79.11058,43.81812],[-79.11209,43.8164],[-79.1131,43.81491],[-79.11423,43.8124],[-79.11471,43.81029],[-79.11552,43.80042],[-79.11612,43.79816],[-79.11728,43.79582],[-79.12294,43.78802],[-79.1365,43.77348],[-79.1395,43.77089],[-79.14482,43.7675],[-79.14763,43.76592],[-79.14961,43.7652],[-79.16371,43.76162],[-79.2055,43.75344],[-79.20828,43.75247],[-79.21254,43.75066],[-79.21734,43.74938],[-79.21969,43.7485],[-79.22148,43.74739],[-79.22438,43.74479],[-79.22674,43.74295],[-79.22887,43.74147],[-79.24287,43.73268],[-79.24449,43.73146],[-79.24642,43.72962],[-79.24835,43.727],[-79.25428,43.71816],[-79.26723,43.69851],[-79.26999,43.69566],[-79.27183,43.69431],[-79.27575,43.69226],[-79.27829,43.69142],[-79.29747,43.68698],[-79.3015,43.6859],[-79.33539,43.67263],[-79.33789,43.67132],[-79.3403,43.66961],[-79.34199,43.66804],[-79.34307,43.66675],[-79.34436,43.66474],[-79.34519,43.66289],[-79.34551,43.6617],[-79.346,43.65795],[-79.34631,43.65691],[-79.34689,43.65581],[-79.34786,43.65474],[-79.34863,43.65415],[-79.35618,43.65008],[-79.36065,43.64855],[-79.36215,43.6481],[-79.36896,43.64665],[-79.38032,43.6445]]},"properties":{"agency":"GO Transit","agency_id":"go_transit","route_name":"LE","route_long_name":"Lakeshore East","route_type":"Rail","color":"#5C8A4D","transit_category":"go_transit"}},{"type":"Feature","geometry":{"type":"LineString","coordinates":[[-79.37847,43.64489],[-79.39941,43.64062],[-79.40359,43.64009],[-79.42705,43.6338],[-79.42996,43.63336],[-79.43254,43.63338],[-79.43505,43.63376],[-79.43738,43.63447],[-79.44386,43.63722],[-79.44579,43.63785],[-79.44839,43.63853],[-79.45152,43.63901],[-79.45516,43.63927],[-79.45791,43.6392],[-79.46103,43.63879],[-79.46522,43.63765],[-79.471,43.6352],[-79.47338,43.63405],[-79.47461,43.63326],[-79.49337,43.61903],[-79.50002,43.61463],[-79.54349,43.59297],[-79.54692,43.59123],[-79.55047,43.58907],[-79.55441,43.586],[-79.5669,43.57464],[-79.6393,43.50804],[-79.64131,43.50593],[-79.64481,43.50162],[-79.67347,43.46533],[-79.67735,43.46023],[-79.67926,43.45802],[-79.78439,43.35712],[-79.78782,43.35442],[-79.79358,43.35077],[-79.88439,43.29479],[-79.88633,43.29293],[-79.89104,43.28525],[-79.89113,43.284],[-79.89046,43.28019],[-79.88935,43.27775],[-79.88635,43.27338],[-79.88477,43.27177],[-79.883,43.27074],[-79.8784,43.26948],[-79.8751,43.26889],[-79.86943,43.26742],[-79.86469,43.26646],[-79.75992,43.2418]]},"properties":{"agency":"GO Transit","agency_id":"go_transit","route_name":"LW","route_long_name":"Lakeshore West","route_type":"Rail","color":"#5C8A4D","transit_category":"go_transit"}},{"type":"Feature","geometry":{"type":"LineString","coordinates":[[-80.49249,43.45601],[-80.43283,43.47585],[-80.42859,43.47697],[-80.4047,43.4823],[-80.39962,43.48382],[-80.27745,43.53113],[-80.27484,43.53212],[-80.26231,43.53617],[-80.25824,43.5378],[-80.24873,43.54256],[-80.24785,43.54316],[-80.24253,43.54813],[-80.23717,43.55254],[-80.23503,43.55402],[-80.2333,43.55493],[-80.22956,43.55643],[-80.21713,43.55908],[-80.21313,43.56056],[-80.21159,43.56135],[-80.21014,43.56237],[-80.1857,43.58196],[-80.18339,43.58421],[-80.1778,43.59072],[-80.15652,43.61601],[-80.155,43.61735],[-80.1535,43.61835],[-80.15178,43.61919],[-80.14945,43.62001],[-80.14713,43.62045],[-80.04158,43.63422],[-80.03622,43.6342],[-80.03485,43.63402],[-80.00897,43.62798],[-80.00664,43.62776],[-80.00295,43.62806],[-79.9996,43.62893],[-79.98341,43.63572],[-79.97914,43.63733],[-79.93052,43.65309],[-79.83876,43.67185],[-79.69883,43.70009],[-79.68028,43.70367],[-79.67522,43.70408],[-79.66134,43.70441],[-79.54553,43.70671],[-79.53286,43.7069],[-79.53096,43.70681],[-79.52769,43.70636],[-79.52438,43.7055],[-79.52145,43.70433],[-79.47935,43.68343],[-79.47449,43.68071],[-79.46984,43.67712],[-79.46774,43.67509],[-79.44316,43.65016],[-79.44055,43.64821],[-79.43892,43.64733],[-79.42745,43.64181],[-79.426,43.64132],[-79.42295,43.64066],[-79.41081,43.64016],[-79.40458,43.64015],[-79.39944,43.64069],[-79.38032,43.6445]]},"properties":{"agency":"GO Transit","agency_id":"go_transit","route_name":"KI","route_long_name":"Kitchener","route_type":"Rail","color":"#5C8A4D","transit_category":"go_transit"}},{"type":"Feature","geometry":{"type":"LineString","coordinates":[[-79.38032,43.6445],[-79.39546,43.64137],[-79.40162,43.64033],[-79.40576,43.64003],[-79.40833,43.64005],[-79.42297,43.64061],[-79.42702,43.64157],[-79.43849,43.64699],[-79.44154,43.64867],[-79.44283,43.64959],[-79.44432,43.65099],[-79.45829,43.6652],[-79.45967,43.66617],[-79.46139,43.66686],[-79.46329,43.6672],[-79.47463,43.66728],[-79.50747,43.66527],[-79.5094,43.66466],[-79.5108,43.66382],[-79.51661,43.65882],[-79.51769,43.65723],[-79.52023,43.65075],[-79.52114,43.64937],[-79.54387,43.63014],[-79.5621,43.61776],[-79.60026,43.59293],[-79.60276,43.59194],[-79.61545,43.589],[-79.61739,43.58824],[-79.61855,43.58754],[-79.63486,43.57407],[-79.63755,43.57226],[-79.64101,43.57069],[-79.65407,43.56569],[-79.65706,43.56518],[-79.65942,43.5652],[-79.66127,43.5655],[-79.67448,43.56821],[-79.67609,43.56874],[-79.69036,43.57643],[-79.69223,43.57708],[-79.69384,43.57722],[-79.69524,43.57702],[-79.70298,43.57479],[-79.70462,43.5747],[-79.70643,43.57503],[-79.71089,43.57713],[-79.71876,43.58275],[-79.7237,43.58794],[-79.72569,43.5894],[-79.72697,43.59005],[-79.72835,43.59055],[-79.75974,43.59941],[-79.76261,43.59984],[-79.76502,43.59976],[-79.77781,43.59763],[-79.78047,43.59683],[-79.78166,43.59626],[-79.78334,43.59514],[-79.85856,43.52707],[-79.86086,43.52577],[-79.8662,43.5237]]},"properties":{"agency":"GO Transit","agency_id":"go_transit","route_name":"MI","route_long_name":"Milton","route_type":"Rail","color":"#5C8A4D","transit_category":"go_transit"}},{"type":"Feature","geometry":{"type":"LineString","coordinates":[[-79.68642,44.37339],[-79.68499,44.37323],[-79.68284,44.37336],[-79.66953,44.37185],[-79.66373,44.37113],[-79.66076,44.37043],[-79.65586,44.36811],[-79.63158,44.35417],[-79.62596,44.35032],[-79.62521,44.34974],[-79.62451,44.34892],[-79.62405,44.34811],[-79.62143,44.34067],[-79.62059,44.33956],[-79.61979,44.33887],[-79.59013,44.31514],[-79.58888,44.31432],[-79.57675,44.3076],[-79.57532,44.3061],[-79.57394,44.30219],[-79.57269,44.30072],[-79.57171,44.30005],[-79.57065,44.2996],[-79.56286,44.29682],[-79.56157,44.29598],[-79.5603,44.29457],[-79.55978,44.29314],[-79.55578,44.27711],[-79.55598,44.27551],[-79.55827,44.26982],[-79.55852,44.26775],[-79.55815,44.26612],[-79.55554,44.25946],[-79.5553,44.25797],[-79.55686,44.2472],[-79.5565,44.24489],[-79.554,44.23624],[-79.54008,44.215],[-79.5394,44.21361],[-79.53913,44.21197],[-79.53953,44.20473],[-79.54053,44.2016],[-79.54308,44.19542],[-79.54344,44.19403],[-79.54349,44.17636],[-79.54648,44.16623],[-79.55,44.15941],[-79.55038,44.15831],[-79.55396,44.14386],[-79.55401,44.14254],[-79.55302,44.13172],[-79.55303,44.13017],[-79.55358,44.12843],[-79.55742,44.12185],[-79.55763,44.12116],[-79.55768,44.12029],[-79.5574,44.11893],[-79.55664,44.11778],[-79.55524,44.11654],[-79.55364,44.11574],[-79.5004,44.10129],[-79.49937,44.10084],[-79.49801,44.09991],[-79.49394,44.09517],[-79.49281,44.09434],[-79.49129,44.09367],[-79.47912,44.09127],[-79.47344,44.08903],[-79.47237,44.08874],[-79.46082,44.08765],[-79.45988,44.08741],[-79.45836,44.08664],[-79.45749,44.08583],[-79.45699,44.08505],[-79.45463,44.07535],[-79.45456,44.07441],[-79.45508,44.07305],[-79.45751,44.07025],[-79.46079,44.06319],[-79.4609,44.0622],[-79.46047,44.06076],[-79.45772,44.05745],[-79.45477,44.05257],[-79.45427,44.05153],[-79.45416,44.05054],[-79.45787,44.03999],[-79.46414,44.02407],[-79.4644,44.02234],[-79.46387,44.01271],[-79.45626,43.98996],[-79.45597,43.98894],[-79.45607,43.98744],[-79.45691,43.98582],[-79.45841,43.98444],[-79.47008,43.97755],[-79.47138,43.9764],[-79.47192,43.97561],[-79.47226,43.97467],[-79.47286,43.97116],[-79.47432,43.96717],[-79.47466,43.96655],[-79.47566,43.96547],[-79.47893,43.96344],[-79.48557,43.96156],[-79.48681,43.96091],[-79.48789,43.96002],[-79.50062,43.94177],[-79.50193,43.9404],[-79.50329,43.93961],[-79.50464,43.9391],[-79.52548,43.93172],[-79.52703,43.93078],[-79.52808,43.92971],[-79.52878,43.9283],[-79.5289,43.92682],[-79.52746,43.92186],[-79.52627,43.91678],[-79.52441,43.89591],[-79.52476,43.89285],[-79.52413,43.88629],[-79.52385,43.8853],[-79.52286,43.88359],[-79.51636,43.87509],[-79.50848,43.86245],[-79.50717,43.85957],[-79.50626,43.85566],[-79.50056,43.84723],[-79.49964,43.84557],[-79.49909,43.84311],[-79.49501,43.81992],[-79.49404,43.81725],[-79.49049,43.81162],[-79.48954,43.80942],[-79.48925,43.80833],[-79.48565,43.78937],[-79.48457,43.78469],[-79.46891,43.70647],[-79.46554,43.69422],[-79.46492,43.69265],[-79.46315,43.68957],[-79.46168,43.68411],[-79.46103,43.68284],[-79.45596,43.67509],[-79.45494,43.67405],[-79.453,43.67268],[-79.45201,43.67178],[-79.45011,43.6694],[-79.44953,43.66839],[-79.44224,43.65061],[-79.44075,43.64865],[-79.43905,43.64749],[-79.4275,43.6419],[-79.42594,43.64137],[-79.42283,43.64072],[-79.40962,43.64018],[-79.40406,43.64022],[-79.39996,43.64065],[-79.38032,43.6445]]},"properties":{"agency":"GO Transit","agency_id":"go_transit","route_name":"BR","route_long_name":"Barrie","route_type":"Rail","color":"#5C8A4D","transit_category":"go_transit"}},{"type":"Feature","geometry":{"type":"LineString","coordinates":[[-79.3973,43.97595],[-79.3976,43.97261],[-79.39739,43.97138],[-79.39447,43.96668],[-79.39418,43.96554],[-79.39437,43.96482],[-79.39479,43.96417],[-79.3996,43.95901],[-79.40037,43.95751],[-79.40032,43.94521],[-79.40007,43.94414],[-79.39766,43.93806],[-79.39756,43.93726],[-79.39778,43.93651],[-79.3982,43.93579],[-79.39886,43.93518],[-79.39974,43.9347],[-79.4038,43.93331],[-79.40519,43.93256],[-79.40595,43.93162],[-79.40732,43.92909],[-79.40866,43.92798],[-79.41279,43.92517],[-79.417,43.91972],[-79.41792,43.91874],[-79.4258,43.91232],[-79.42698,43.91101],[-79.42794,43.90913],[-79.4344,43.88899],[-79.43445,43.88696],[-79.43413,43.88568],[-79.43367,43.88467],[-79.42977,43.879],[-79.42762,43.87685],[-79.42689,43.87592],[-79.42508,43.86908],[-79.42513,43.86781],[-79.42838,43.85645],[-79.4287,43.85434],[-79.42905,43.8503],[-79.42778,43.84426],[-79.42738,43.84325],[-79.4267,43.84228],[-79.42131,43.83608],[-79.41334,43.82862],[-79.41198,43.82781],[-79.41055,43.82729],[-79.40214,43.82555],[-79.40033,43.82482],[-79.39904,43.82406],[-79.39783,43.82309],[-79.38466,43.81036],[-79.37782,43.80453],[-79.37656,43.80323],[-79.37401,43.7996],[-79.37349,43.79862],[-79.36714,43.78094],[-79.36703,43.77848],[-79.36857,43.77468],[-79.36877,43.77367],[-79.36814,43.77038],[-79.3675,43.76913],[-79.34899,43.74563],[-79.34814,43.74482],[-79.34694,43.74401],[-79.3448,43.74314],[-79.34269,43.74276],[-79.3387,43.74259],[-79.33744,43.74221],[-79.33654,43.74143],[-79.33445,43.73858],[-79.33411,43.73786],[-79.33384,43.73584],[-79.33302,43.73478],[-79.3323,43.73441],[-79.32934,43.73356],[-79.3282,43.73308],[-79.32548,43.73119],[-79.32223,43.73046],[-79.32156,43.7302],[-79.32104,43.72979],[-79.32059,43.72899],[-79.32056,43.72843],[-79.32265,43.72391],[-79.32291,43.72267],[-79.32263,43.72146],[-79.31995,43.71587],[-79.31968,43.71485],[-79.31988,43.71249],[-79.32,43.71209],[-79.32056,43.71138],[-79.32155,43.7109],[-79.32557,43.70954],[-79.33409,43.70524],[-79.34199,43.69961],[-79.34353,43.6992],[-79.34438,43.69916],[-79.34525,43.69924],[-79.34864,43.70018],[-79.35069,43.70004],[-79.35268,43.69952],[-79.35459,43.69868],[-79.35633,43.69748],[-79.35695,43.69688],[-79.35974,43.69345],[-79.36115,43.69043],[-79.36261,43.68873],[-79.36281,43.68789],[-79.36211,43.6857],[-79.36242,43.68468],[-79.36311,43.68402],[-79.36692,43.68194],[-79.36753,43.68106],[-79.36763,43.68023],[-79.36727,43.67939],[-79.36497,43.67649],[-79.36411,43.67466],[-79.36296,43.67296],[-79.36183,43.67183],[-79.35859,43.66918],[-79.3581,43.66859],[-79.35471,43.65793],[-79.354,43.65712],[-79.35121,43.65463],[-79.35093,43.65399],[-79.35107,43.6533],[-79.35153,43.65278],[-79.35565,43.6505],[-79.35717,43.64983],[-79.36113,43.64849],[-79.36843,43.64686],[-79.38032,43.6445]]},"properties":{"agency":"GO Transit","agency_id":"go_transit","route_name":"RH","route_long_name":"Richmond Hill","route_type":"Rail","color":"#5C8A4D","transit_category":"go_transit"}},{"type":"Feature","geometry":{"type":"LineString","coordinates":[[-79.53819,43.63551],[-79.53905,43.63492],[-79.5401,43.63613],[-79.53712,43.63956],[-79.5347,43.64016],[-79.52626,43.6199],[-79.52632,43.61835],[-79.5381,43.61561],[-79.5473,43.61429],[-79.55134,43.61256],[-79.60427,43.56421],[-79.61293,43.55303],[-79.62313,43.54696],[-79.64445,43.52771],[-79.64978,43.52565],[-79.65708,43.53054],[-79.65563,43.53162],[-79.65339,43.53243],[-79.65155,43.53183],[-79.65136,43.52849],[-79.65315,43.52672],[-79.65334,43.52553],[-79.65254,43.52455],[-79.65032,43.52399],[-79.65035,43.52271],[-79.65251,43.52047],[-79.65585,43.52237],[-79.65758,43.52232],[-79.65768,43.52126],[-79.66228,43.51701],[-79.66377,43.5143],[-79.66511,43.51362],[-79.66689,43.51391],[-79.67091,43.51685],[-79.67389,43.51428],[-79.67018,43.51275],[-79.67022,43.51089],[-79.67089,43.50897],[-79.67318,43.50929],[-79.67522,43.51017],[-79.67428,43.51118],[-79.67389,43.51428],[-79.67235,43.51571]]},"properties":{"agency":"MiWay","agency_id":"miway","route_name":"71","route_long_name":"Sheridan","route_type":"Bus","color":"#8C7356","transit_category":"miway"}},{"type":"Feature","geometry":{"type":"LineString","coordinates":[[-79.64081,43.72157],[-79.64048,43.72194],[-79.64477,43.71845],[-79.64805,43.71168],[-79.65038,43.70968],[-79.62401,43.69015],[-79.61139,43.68618],[-79.60689,43.68592],[-79.60777,43.68374],[-79.60483,43.68349],[-79.60203,43.6853],[-79.60287,43.6859],[-79.60947,43.68563],[-79.61419,43.68669],[-79.61573,43.68626],[-79.61624,43.68564],[-79.61608,43.68467],[-79.61241,43.68183],[-79.61053,43.68185],[-79.60908,43.68348],[-79.60777,43.68374],[-79.60689,43.68592],[-79.59557,43.68678],[-79.59107,43.67691],[-79.59413,43.67605],[-79.59471,43.6746],[-79.5904,43.66727],[-79.5886,43.66581],[-79.58932,43.66513],[-79.58907,43.66475],[-79.59292,43.66193],[-79.5885,43.66536],[-79.58906,43.66537],[-79.59165,43.66312],[-79.59287,43.66373],[-79.59586,43.66098],[-79.59838,43.6628],[-79.60411,43.65756],[-79.6067,43.65588],[-79.60979,43.65256],[-79.61144,43.65208],[-79.61626,43.65191],[-79.61879,43.65069],[-79.62115,43.64864],[-79.61714,43.6461],[-79.6155,43.64233],[-79.61455,43.64131],[-79.6504,43.60902],[-79.64717,43.60571],[-79.64908,43.60405],[-79.64249,43.59896],[-79.64647,43.59494],[-79.64616,43.59468],[-79.64657,43.59432]]},"properties":{"agency":"MiWay","agency_id":"miway","route_name":"7","route_long_name":"Airport","route_type":"Bus","color":"#8C7356","transit_category":"miway"}},{"type":"Feature","geometry":{"type":"LineString","coordinates":[[-79.55831,43.60988],[-79.55955,43.61035],[-79.56038,43.60949],[-79.56268,43.61233],[-79.56864,43.60884],[-79.57485,43.60298],[-79.57101,43.60023],[-79.56937,43.59736],[-79.56424,43.59376],[-79.56481,43.59322],[-79.5658,43.59384],[-79.56529,43.59443],[-79.56937,43.59736],[-79.5699,43.59821],[-79.57043,43.59805],[-79.57067,43.59764],[-79.56984,43.59684],[-79.56996,43.59606],[-79.58049,43.58633],[-79.58225,43.5853],[-79.58554,43.58546],[-79.58602,43.58512],[-79.58623,43.58466],[-79.58478,43.58387],[-79.58446,43.58319],[-79.58627,43.58107],[-79.58922,43.5839],[-79.59075,43.58467],[-79.5911,43.58372],[-79.59306,43.58202],[-79.59692,43.57957],[-79.59179,43.57597],[-79.59594,43.57221],[-79.60987,43.58215],[-79.61266,43.58012],[-79.61424,43.57873],[-79.60762,43.57412],[-79.6106,43.57151],[-79.61368,43.57367],[-79.62142,43.57044],[-79.62632,43.56657],[-79.62711,43.56565],[-79.6282,43.56251],[-79.63134,43.55976],[-79.6324,43.56005],[-79.63292,43.55966],[-79.62884,43.55588],[-79.63292,43.55966],[-79.6324,43.56005],[-79.63134,43.55976],[-79.62774,43.56324],[-79.6301,43.56407],[-79.63585,43.56807],[-79.63237,43.5708],[-79.63043,43.57502],[-79.627,43.5767],[-79.62205,43.5813],[-79.62334,43.58211],[-79.62481,43.58102],[-79.6255,43.58144],[-79.62461,43.58221]]},"properties":{"agency":"MiWay","agency_id":"miway","route_name":"4","route_long_name":"North Service Road","route_type":"Bus","color":"#8C7356","transit_category":"miway"}},{"type":"Feature","geometry":{"type":"LineString","coordinates":[[-79.6329,43.51279],[-79.6333,43.51288],[-79.63227,43.51279],[-79.64818,43.52452],[-79.67031,43.53971],[-79.67377,43.54083],[-79.67435,43.53954],[-79.67554,43.53919],[-79.67882,43.54124],[-79.68255,43.54144],[-79.68333,43.54189],[-79.68267,43.54251],[-79.68572,43.54476],[-79.69129,43.5429],[-79.69613,43.54615],[-79.70093,43.54778],[-79.70816,43.55272],[-79.71165,43.5537],[-79.71755,43.55771],[-79.71446,43.56033],[-79.71077,43.56181],[-79.70906,43.56053],[-79.70997,43.55987],[-79.71175,43.56084],[-79.71406,43.55982],[-79.71467,43.56018],[-79.71755,43.55771],[-79.72011,43.55938],[-79.72218,43.56203],[-79.73038,43.56694],[-79.7337,43.57111],[-79.74032,43.57689],[-79.74468,43.57827],[-79.74827,43.58045],[-79.75041,43.57704],[-79.75264,43.57698],[-79.75336,43.57755],[-79.754,43.57942],[-79.75214,43.58154],[-79.75888,43.58631],[-79.76052,43.5851],[-79.75894,43.5838]]},"properties":{"agency":"MiWay","agency_id":"miway","route_name":"13","route_long_name":"Glen Erin","route_type":"Bus","color":"#8C7356","transit_category":"miway"}},{"type":"Feature","geometry":{"type":"LineString","coordinates":[[-79.68386,43.54334],[-79.68267,43.54251],[-79.68333,43.54189],[-79.68152,43.54139],[-79.68165,43.53915],[-79.68287,43.53767],[-79.68577,43.53661],[-79.68432,43.53581],[-79.67986,43.53531],[-79.6784,43.53384],[-79.67292,43.53079],[-79.67699,43.52707],[-79.6742,43.52526],[-79.67543,43.52202],[-79.67418,43.52075],[-79.67075,43.52164],[-79.6658,43.5258],[-79.66387,43.52581],[-79.6622,43.5249],[-79.66026,43.52773],[-79.65771,43.53002],[-79.65563,43.53162],[-79.65311,43.53247],[-79.65192,43.53219],[-79.65148,43.5316],[-79.65135,43.52853],[-79.65242,43.52744],[-79.64093,43.51919],[-79.64226,43.51804],[-79.64308,43.51591],[-79.6487,43.51117],[-79.6501,43.50937],[-79.65537,43.50759],[-79.65788,43.5054],[-79.65124,43.50056],[-79.64256,43.50857],[-79.63965,43.50943],[-79.6368,43.51387],[-79.6348,43.51471],[-79.63227,43.51279],[-79.63326,43.51278],[-79.63227,43.51279],[-79.62252,43.50547],[-79.61983,43.50796],[-79.6248,43.511],[-79.62727,43.51348],[-79.62995,43.51105],[-79.63227,43.51279],[-79.63319,43.51273]]},"properties":{"agency":"MiWay","agency_id":"miway","route_name":"29","route_long_name":"Park Royal","route_type":"Bus","color":"#8C7356","transit_category":"miway"}},{"type":"Feature","geometry":{"type":"LineString","coordinates":[[-79.68432,43.54368],[-79.68572,43.54476],[-79.68327,43.54644],[-79.67987,43.54412],[-79.68143,43.54267],[-79.68177,43.53885],[-79.68287,43.53767],[-79.68698,43.53615],[-79.6934,43.53028],[-79.69483,43.52958],[-79.69295,43.52855],[-79.69611,43.5249],[-79.69629,43.52309],[-79.69133,43.52331],[-79.68887,43.5222],[-79.69052,43.52052],[-79.69058,43.51849],[-79.69681,43.51866],[-79.70011,43.52096],[-79.70458,43.52321],[-79.70235,43.52498],[-79.70471,43.5259],[-79.70679,43.52855],[-79.70797,43.52928],[-79.71148,43.52612],[-79.71555,43.52864],[-79.71723,43.53217],[-79.71359,43.53515],[-79.70694,43.53812],[-79.70565,43.53696],[-79.70547,43.53542],[-79.70384,43.53297],[-79.70011,43.53627],[-79.7112,43.54444],[-79.7123,43.54345],[-79.71154,43.543],[-79.71451,43.54024],[-79.71488,43.54044],[-79.71415,43.5406],[-79.71201,43.54257]]},"properties":{"agency":"MiWay","agency_id":"miway","route_name":"36","route_long_name":"Ridgeway","route_type":"Bus","color":"#8C7356","transit_category":"miway"}},{"type":"Feature","geometry":{"type":"LineString","coordinates":[[-79.59227,43.6633],[-79.59413,43.66513],[-79.5904,43.66576],[-79.58811,43.66817],[-79.58657,43.66824],[-79.58768,43.66612],[-79.58997,43.66684],[-79.59331,43.6722],[-79.59497,43.6715],[-79.59636,43.66919],[-79.59808,43.66835],[-79.60082,43.66817],[-79.60257,43.66721],[-79.60376,43.66548],[-79.6145,43.66069],[-79.62144,43.65675],[-79.62326,43.65658],[-79.6239,43.6571],[-79.62408,43.65883],[-79.62628,43.66058],[-79.62638,43.66195],[-79.62833,43.66356],[-79.6287,43.66447],[-79.62367,43.66758],[-79.62357,43.66842],[-79.62867,43.67118],[-79.63695,43.67753],[-79.62867,43.67118],[-79.62377,43.66862],[-79.62358,43.66767],[-79.62858,43.66448],[-79.62988,43.66471],[-79.6323,43.66662],[-79.6353,43.66594],[-79.6406,43.66156],[-79.64397,43.66434],[-79.64385,43.66506],[-79.64241,43.66659],[-79.64259,43.66748],[-79.6486,43.67193],[-79.66541,43.65733],[-79.67025,43.65472],[-79.67865,43.65143],[-79.6844,43.64771],[-79.68588,43.64618],[-79.6875,43.64317],[-79.69952,43.63249],[-79.70099,43.62852],[-79.70245,43.62681],[-79.70499,43.62539],[-79.70989,43.62469],[-79.71199,43.6239],[-79.72114,43.631],[-79.72382,43.63487],[-79.73132,43.6391],[-79.73588,43.64095],[-79.74405,43.6413],[-79.74642,43.64179],[-79.74898,43.64293],[-79.75449,43.64679],[-79.74374,43.65644],[-79.74033,43.65404],[-79.73813,43.65533],[-79.73878,43.65546],[-79.73888,43.655],[-79.74054,43.65419]]},"properties":{"agency":"MiWay","agency_id":"miway","route_name":"57","route_long_name":"Courtneypark","route_type":"Bus","color":"#8C7356","transit_category":"miway"}},{"type":"Feature","geometry":{"type":"LineString","coordinates":[[-79.75893,43.58362],[-79.75841,43.58328],[-79.76052,43.5851],[-79.75707,43.58777],[-79.75607,43.58987],[-79.75604,43.59026],[-79.75731,43.59031],[-79.75802,43.59083],[-79.75806,43.59429],[-79.76019,43.59502],[-79.76228,43.59445],[-79.7636,43.59508],[-79.76817,43.59086],[-79.77187,43.59166],[-79.77205,43.59236],[-79.77116,43.59394],[-79.76898,43.59472],[-79.76608,43.59688],[-79.76274,43.59457],[-79.76019,43.59502],[-79.75806,43.59429],[-79.75802,43.59083],[-79.75731,43.59031],[-79.75604,43.59026],[-79.75607,43.58987],[-79.75707,43.58777],[-79.76052,43.5851],[-79.75894,43.5838]]},"properties":{"agency":"MiWay","agency_id":"miway","route_name":"90","route_long_name":"Terragar-Copenhagen Loop","route_type":"Bus","color":"#8C7356","transit_category":"miway"}},{"type":"Feature","geometry":{"type":"LineString","coordinates":[[-79.58726,43.55538],[-79.58755,43.55499],[-79.58411,43.55305],[-79.58175,43.55526],[-79.59068,43.56171],[-79.58285,43.56889],[-79.58043,43.56765],[-79.57979,43.56812],[-79.57315,43.57466],[-79.58011,43.57963],[-79.58334,43.5837],[-79.58746,43.58591],[-79.60939,43.60124],[-79.6143,43.59838],[-79.62114,43.59702],[-79.62358,43.59929],[-79.62988,43.59456],[-79.62998,43.5933],[-79.62843,43.59237],[-79.63056,43.5914],[-79.63339,43.58898],[-79.63492,43.58948],[-79.63784,43.59145],[-79.64325,43.58681],[-79.64881,43.59075],[-79.65026,43.59131],[-79.64647,43.59494],[-79.64616,43.59468],[-79.64657,43.59432]]},"properties":{"agency":"MiWay","agency_id":"miway","route_name":"8","route_long_name":"Cawthra","route_type":"Bus","color":"#8C7356","transit_category":"miway"}},{"type":"Feature","geometry":{"type":"LineString","coordinates":[[-79.6467,43.59378],[-79.64719,43.59428],[-79.65209,43.58913],[-79.65297,43.58588],[-79.65407,43.58389],[-79.65828,43.58044],[-79.66169,43.57849],[-79.66599,43.57374],[-79.66857,43.57162],[-79.66901,43.57052],[-79.66887,43.56757],[-79.66794,43.56712],[-79.66758,43.56808],[-79.66889,43.56852],[-79.66896,43.5695],[-79.67177,43.56987],[-79.67523,43.57209],[-79.67743,43.57431],[-79.68221,43.57578],[-79.68525,43.57792],[-79.69019,43.57312],[-79.70487,43.56057],[-79.70382,43.56021],[-79.7038,43.55829],[-79.70425,43.55763],[-79.70906,43.56053],[-79.70997,43.55987],[-79.71175,43.56084],[-79.71406,43.55982],[-79.71467,43.56018],[-79.71077,43.56181],[-79.71969,43.56839],[-79.7227,43.56985],[-79.72532,43.56823],[-79.73429,43.56036],[-79.73953,43.55947],[-79.74191,43.55808],[-79.74502,43.55323],[-79.74672,43.55186],[-79.73592,43.54328],[-79.73972,43.53987],[-79.74131,43.54104],[-79.742,43.54033],[-79.74248,43.54048],[-79.74208,43.54028]]},"properties":{"agency":"MiWay","agency_id":"miway","route_name":"9","route_long_name":"Rathburn","route_type":"Bus","color":"#8C7356","transit_category":"miway"}},{"type":"Feature","geometry":{"type":"LineString","coordinates":[[-79.75889,43.58387],[-79.76052,43.5851],[-79.76364,43.58281],[-79.75864,43.57922],[-79.76159,43.57518],[-79.76014,43.57438],[-79.75972,43.57299],[-79.75902,43.57235],[-79.755,43.57168],[-79.75433,43.57256],[-79.75214,43.57348],[-79.74992,43.5754],[-79.74853,43.57572],[-79.74712,43.57366],[-79.74444,43.57228],[-79.74292,43.57242],[-79.74195,43.5733],[-79.74103,43.57533],[-79.73735,43.57765],[-79.73665,43.57993],[-79.73595,43.58044],[-79.73333,43.57851],[-79.71484,43.59503],[-79.71025,43.59197],[-79.7079,43.58886],[-79.70483,43.58647],[-79.70321,43.58402],[-79.69889,43.58561],[-79.6939,43.58921],[-79.69076,43.59043],[-79.68136,43.59868],[-79.67948,43.5996],[-79.6753,43.60038],[-79.67306,43.60154],[-79.66993,43.60455],[-79.66907,43.60952],[-79.6624,43.61547],[-79.66041,43.61613],[-79.65547,43.61609],[-79.65148,43.61919],[-79.64819,43.62078],[-79.64053,43.61502],[-79.63982,43.61371],[-79.63957,43.61068],[-79.63873,43.6094],[-79.63334,43.60554],[-79.62858,43.6029],[-79.63257,43.59787],[-79.63433,43.59822],[-79.63649,43.59763],[-79.64011,43.59486],[-79.64393,43.59737],[-79.64647,43.59494],[-79.64616,43.59468],[-79.64658,43.59417],[-79.64571,43.59353],[-79.6467,43.59378]]},"properties":{"agency":"MiWay","agency_id":"miway","route_name":"10","route_long_name":"Bristol","route_type":"Bus","color":"#8C7356","transit_category":"miway"}},{"type":"Feature","geometry":{"type":"LineString","coordinates":[[-79.59227,43.6633],[-79.59287,43.66373],[-79.59586,43.66098],[-79.59838,43.6628],[-79.60411,43.65756],[-79.6067,43.65588],[-79.60963,43.65266],[-79.61144,43.65208],[-79.61562,43.65208],[-79.61825,43.65102],[-79.62181,43.64807],[-79.62474,43.64676],[-79.62782,43.64402],[-79.62965,43.64303],[-79.63897,43.63475],[-79.65949,43.62359],[-79.66685,43.62176],[-79.67507,43.61614],[-79.68257,43.61456],[-79.6957,43.60333],[-79.70108,43.60731],[-79.72249,43.58816],[-79.73412,43.59678],[-79.73325,43.59848],[-79.73332,43.59958],[-79.73451,43.60189],[-79.73649,43.60354],[-79.73874,43.60146],[-79.74184,43.60001],[-79.74275,43.59763],[-79.74417,43.59694],[-79.74711,43.5976],[-79.75044,43.5996],[-79.75887,43.60196],[-79.76491,43.60147],[-79.76887,43.59992],[-79.7715,43.60015],[-79.78215,43.59884],[-79.78408,43.59742],[-79.76364,43.58281],[-79.76052,43.5851],[-79.75894,43.5838]]},"properties":{"agency":"MiWay","agency_id":"miway","route_name":"43","route_long_name":"Matheson","route_type":"Bus","color":"#8C7356","transit_category":"miway"}},{"type":"Feature","geometry":{"type":"LineString","coordinates":[[-79.64637,43.59404],[-79.64571,43.59353],[-79.64719,43.59428],[-79.64393,43.59737],[-79.64011,43.59486],[-79.63845,43.59622],[-79.58175,43.55526],[-79.58228,43.55477],[-79.5858,43.55675],[-79.58747,43.55519]]},"properties":{"agency":"MiWay","agency_id":"miway","route_name":"2","route_long_name":"Hurontario","route_type":"Bus","color":"#8C7356","transit_category":"miway"}},{"type":"Feature","geometry":{"type":"LineString","coordinates":[[-79.64393,43.55641],[-79.64882,43.55171],[-79.65262,43.55389],[-79.65397,43.55635],[-79.64914,43.55791],[-79.64688,43.55807],[-79.6449,43.55954],[-79.64393,43.56128],[-79.64158,43.56322],[-79.64415,43.56496],[-79.64555,43.56512],[-79.64848,43.56399],[-79.65774,43.55881],[-79.6614,43.55902],[-79.6611,43.56072],[-79.66165,43.56202],[-79.66291,43.56296],[-79.66663,43.56421],[-79.6688,43.56314],[-79.66956,43.56382],[-79.66147,43.57082],[-79.65654,43.5672],[-79.65255,43.57013],[-79.64965,43.57115],[-79.6476,43.57281],[-79.64671,43.57446],[-79.64347,43.57699],[-79.6472,43.58062],[-79.63984,43.58725],[-79.64159,43.58823],[-79.64325,43.58681],[-79.64881,43.59075],[-79.65026,43.59131],[-79.64647,43.59494],[-79.64616,43.59468],[-79.64657,43.59432]]},"properties":{"agency":"MiWay","agency_id":"miway","route_name":"6","route_long_name":"Credit Woodlands","route_type":"Bus","color":"#8C7356","transit_category":"miway"}},{"type":"Feature","geometry":{"type":"LineString","coordinates":[[-79.58734,43.55531],[-79.58755,43.55499],[-79.58411,43.55305],[-79.58729,43.55017],[-79.59043,43.55076],[-79.59194,43.54936],[-79.59404,43.55044],[-79.60211,43.55115],[-79.61154,43.54255],[-79.62853,43.53626],[-79.62384,43.53285],[-79.6293,43.53076],[-79.63611,43.52583],[-79.63885,43.52287],[-79.64015,43.51991],[-79.64093,43.51919],[-79.63227,43.51279],[-79.63326,43.51278],[-79.63227,43.51279],[-79.61285,43.49801],[-79.61325,43.49679],[-79.62767,43.48335],[-79.64567,43.49652],[-79.62995,43.51105],[-79.63227,43.51279],[-79.63319,43.51273]]},"properties":{"agency":"MiWay","agency_id":"miway","route_name":"14","route_long_name":"Lorne Park","route_type":"Bus","color":"#8C7356","transit_category":"miway"}},{"type":"Feature","geometry":{"type":"LineString","coordinates":[[-79.64637,43.59404],[-79.64571,43.59353],[-79.64719,43.59428],[-79.64258,43.59862],[-79.64288,43.59952],[-79.68545,43.63045],[-79.71162,43.65008],[-79.70959,43.65189],[-79.71049,43.65213]]},"properties":{"agency":"MiWay","agency_id":"miway","route_name":"17","route_long_name":"Hurontario","route_type":"Bus","color":"#8C7356","transit_category":"miway"}},{"type":"Feature","geometry":{"type":"LineString","coordinates":[[-79.53835,43.63538],[-79.53911,43.63494],[-79.539,43.63531],[-79.5401,43.63613],[-79.54329,43.63298],[-79.54693,43.63104],[-79.55405,43.62954],[-79.55611,43.62954],[-79.55829,43.63334],[-79.56166,43.64265],[-79.56185,43.64389],[-79.5611,43.64508],[-79.56136,43.646],[-79.57707,43.64238],[-79.5831,43.64027],[-79.59084,43.63319],[-79.59381,43.63502],[-79.59775,43.6354],[-79.61253,43.62114],[-79.61423,43.61783],[-79.61932,43.61333],[-79.62089,43.61101],[-79.62517,43.60809],[-79.63078,43.60812],[-79.63254,43.60759],[-79.63603,43.60461],[-79.63774,43.60063],[-79.64368,43.59755],[-79.64647,43.59494],[-79.64616,43.59468],[-79.64657,43.59432]]},"properties":{"agency":"MiWay","agency_id":"miway","route_name":"20","route_long_name":"Rathburn","route_type":"Bus","color":"#8C7356","transit_category":"miway"}},{"type":"Feature","geometry":{"type":"LineString","coordinates":[[-79.63327,43.51291],[-79.63227,43.51279],[-79.62995,43.51105],[-79.58228,43.55477],[-79.5858,43.55675],[-79.58754,43.55513],[-79.58411,43.55305],[-79.54935,43.58579],[-79.54315,43.59218],[-79.54386,43.59175]]},"properties":{"agency":"MiWay","agency_id":"miway","route_name":"23","route_long_name":"Lakeshore","route_type":"Bus","color":"#8C7356","transit_category":"miway"}},{"type":"Feature","geometry":{"type":"LineString","coordinates":[[-79.75861,43.58315],[-79.75843,43.58345],[-79.76052,43.5851],[-79.76364,43.58281],[-79.78408,43.59742],[-79.78894,43.593],[-79.78834,43.59257],[-79.78807,43.59149],[-79.78769,43.59174],[-79.78848,43.59205],[-79.78834,43.59257],[-79.78894,43.593],[-79.78408,43.59742],[-79.79199,43.6036],[-79.79009,43.6042],[-79.78523,43.60272],[-79.77393,43.60354],[-79.7719,43.60399],[-79.7699,43.60529],[-79.76817,43.6041],[-79.76651,43.60386],[-79.76141,43.60472],[-79.75855,43.60657],[-79.7562,43.60513],[-79.75463,43.60505],[-79.75524,43.603],[-79.75677,43.60136],[-79.75044,43.5996],[-79.74711,43.5976],[-79.74417,43.59694],[-79.74275,43.59763],[-79.74171,43.60011],[-79.73874,43.60146],[-79.73562,43.60411],[-79.73183,43.60532],[-79.73023,43.60755],[-79.72761,43.60911],[-79.68284,43.57612],[-79.67755,43.57438],[-79.67523,43.57209],[-79.67177,43.56987],[-79.66638,43.56945],[-79.66248,43.56735],[-79.65813,43.56643],[-79.65486,43.5682],[-79.65255,43.57013],[-79.65016,43.57086],[-79.64874,43.57185],[-79.63615,43.56313],[-79.61945,43.57758],[-79.62423,43.57914],[-79.62205,43.5813],[-79.62334,43.58211],[-79.62481,43.58102],[-79.6255,43.58144],[-79.62473,43.5821]]},"properties":{"agency":"MiWay","agency_id":"miway","route_name":"38","route_long_name":"Creditview","route_type":"Bus","color":"#8C7356","transit_category":"miway"}},{"type":"Feature","geometry":{"type":"LineString","coordinates":[[-79.75859,43.5836],[-79.76052,43.5851],[-79.76542,43.58154],[-79.76813,43.58022],[-79.77297,43.57571],[-79.77338,43.57412],[-79.77273,43.5726],[-79.77108,43.5714],[-79.76896,43.57094],[-79.76678,43.57125],[-79.76517,43.57213],[-79.75968,43.5676],[-79.75777,43.56665],[-79.75724,43.56558],[-79.75774,43.5643],[-79.75249,43.56148],[-79.74931,43.56435],[-79.72964,43.54997],[-79.72766,43.54774],[-79.72597,43.54881],[-79.72316,43.55265],[-79.715,43.55993],[-79.71406,43.55982],[-79.71208,43.56081],[-79.70997,43.55987],[-79.70906,43.56053],[-79.70608,43.55847],[-79.6991,43.55518],[-79.69915,43.5544],[-79.70021,43.55344],[-79.69938,43.55296],[-79.70008,43.55232]]},"properties":{"agency":"MiWay","agency_id":"miway","route_name":"46","route_long_name":"Tenth Line","route_type":"Bus","color":"#8C7356","transit_category":"miway"}},{"type":"Feature","geometry":{"type":"LineString","coordinates":[[-79.71051,43.57554],[-79.70978,43.57559],[-79.70984,43.57624],[-79.71152,43.57617],[-79.71413,43.57819],[-79.71742,43.5753],[-79.71881,43.57307],[-79.72096,43.57111],[-79.72532,43.56823],[-79.73361,43.56086],[-79.74083,43.56619],[-79.75277,43.55601],[-79.74672,43.55186],[-79.75142,43.54843],[-79.75678,43.55241],[-79.7529,43.55589]]},"properties":{"agency":"MiWay","agency_id":"miway","route_name":"49","route_long_name":"McDowell","route_type":"Bus","color":"#8C7356","transit_category":"miway"}},{"type":"Feature","geometry":{"type":"LineString","coordinates":[[-79.74054,43.65419],[-79.74374,43.65644],[-79.74248,43.65758],[-79.73887,43.65539],[-79.74033,43.65404],[-79.71689,43.63658],[-79.69419,43.65687],[-79.6899,43.6617],[-79.68021,43.66973],[-79.63173,43.71363],[-79.64188,43.72106],[-79.64023,43.72168]]},"properties":{"agency":"MiWay","agency_id":"miway","route_name":"18","route_long_name":"Derry","route_type":"Bus","color":"#8C7356","transit_category":"miway"}},{"type":"Feature","geometry":{"type":"LineString","coordinates":[[-79.64023,43.72168],[-79.64086,43.72201],[-79.64188,43.72106],[-79.63173,43.71363],[-79.64108,43.70541],[-79.64245,43.70354],[-79.68348,43.66682],[-79.6899,43.6617],[-79.69505,43.65607],[-79.72011,43.63379],[-79.72351,43.63271],[-79.7297,43.63396],[-79.73238,43.63396],[-79.73733,43.63173],[-79.74213,43.62779],[-79.74302,43.62534],[-79.74168,43.61859],[-79.74274,43.61623],[-79.74476,43.61412],[-79.74202,43.61273],[-79.7395,43.61292],[-79.73831,43.61084],[-79.74137,43.6096],[-79.74387,43.60928],[-79.74676,43.6098],[-79.74924,43.61175],[-79.7504,43.61124],[-79.75444,43.60808],[-79.75481,43.60695],[-79.75466,43.60412],[-79.75538,43.60276],[-79.76587,43.59299],[-79.76177,43.5903],[-79.76048,43.58762],[-79.75888,43.58631],[-79.76052,43.5851],[-79.75894,43.5838]]},"properties":{"agency":"MiWay","agency_id":"miway","route_name":"42","route_long_name":"Derry","route_type":"Bus","color":"#8C7356","transit_category":"miway"}},{"type":"Feature","geometry":{"type":"LineString","coordinates":[[-79.53906,43.63526],[-79.5401,43.63613],[-79.53802,43.63854],[-79.53916,43.63897],[-79.54063,43.64066],[-79.53537,43.64181],[-79.5347,43.64016],[-79.53712,43.63956],[-79.54137,43.63475],[-79.54471,43.63214],[-79.54693,43.63104],[-79.56394,43.62698],[-79.56612,43.62594],[-79.60007,43.5946],[-79.64757,43.55322],[-79.6517,43.54695],[-79.65395,43.5453],[-79.65934,43.54257],[-79.66091,43.54404],[-79.66612,43.54694],[-79.66469,43.5474],[-79.66276,43.5469],[-79.6623,43.54771],[-79.66494,43.54774],[-79.66612,43.54694],[-79.66091,43.54404],[-79.65934,43.54257],[-79.66754,43.53572],[-79.68947,43.51556],[-79.69137,43.51679],[-79.69059,43.51804]]},"properties":{"agency":"MiWay","agency_id":"miway","route_name":"1","route_long_name":"Dundas","route_type":"Bus","color":"#8C7356","transit_category":"miway"}},{"type":"Feature","geometry":{"type":"LineString","coordinates":[[-79.75841,43.58328],[-79.76052,43.5851],[-79.75698,43.58787],[-79.75604,43.59026],[-79.75182,43.5904],[-79.75083,43.58949],[-79.75013,43.5877],[-79.74796,43.58596],[-79.74758,43.58499],[-79.7423,43.58574],[-79.74146,43.58452],[-79.73064,43.57655],[-79.7282,43.57378],[-79.72339,43.57026],[-79.71969,43.56839],[-79.71077,43.56181],[-79.71467,43.56018],[-79.71406,43.55982],[-79.7132,43.56048],[-79.71129,43.56076],[-79.70901,43.55915],[-79.70891,43.55815],[-79.70804,43.55765],[-79.70487,43.56057],[-79.70382,43.56021],[-79.70376,43.55762],[-79.69903,43.55505],[-79.70021,43.55344],[-79.69938,43.55296],[-79.70168,43.55119],[-79.69938,43.55296],[-79.70021,43.55344],[-79.69856,43.55493],[-79.6895,43.55064],[-79.68327,43.54644],[-79.68572,43.54476],[-79.68267,43.54251],[-79.68333,43.54189],[-79.68271,43.5415],[-79.68152,43.54139],[-79.68119,43.54308],[-79.67873,43.54497],[-79.67427,43.54629],[-79.67061,43.5451],[-79.66773,43.54478],[-79.66546,43.54345],[-79.664,43.54354],[-79.66273,43.54491],[-79.66612,43.54694],[-79.66469,43.5474],[-79.66276,43.5469],[-79.66215,43.54748],[-79.66445,43.54781]]},"properties":{"agency":"MiWay","agency_id":"miway","route_name":"48","route_long_name":"Erin Mills","route_type":"Bus","color":"#8C7356","transit_category":"miway"}},{"type":"Feature","geometry":{"type":"LineString","coordinates":[[-79.72916,43.60811],[-79.73038,43.6074],[-79.73183,43.60532],[-79.73562,43.60411],[-79.73874,43.60146],[-79.74171,43.60011],[-79.74275,43.59763],[-79.7443,43.59693],[-79.74711,43.5976],[-79.75044,43.5996],[-79.75677,43.60136],[-79.75524,43.603],[-79.75463,43.60505],[-79.7562,43.60513],[-79.75855,43.60657],[-79.75743,43.61061],[-79.75271,43.61393],[-79.75114,43.61438],[-79.74833,43.61069],[-79.74655,43.60972],[-79.74438,43.6093],[-79.74186,43.60948],[-79.73842,43.61073],[-79.7395,43.61292],[-79.74217,43.61277],[-79.74638,43.61499],[-79.74786,43.61521],[-79.75271,43.61393],[-79.7552,43.61231],[-79.74589,43.60534],[-79.74537,43.60457],[-79.74576,43.60413],[-79.74667,43.60451],[-79.74608,43.60547],[-79.63115,43.65061],[-79.61729,43.65753],[-79.61183,43.65966],[-79.60579,43.66294],[-79.59373,43.66733],[-79.58017,43.67102],[-79.57649,43.67052],[-79.57484,43.66927],[-79.57354,43.66749],[-79.56959,43.6576],[-79.56146,43.64016],[-79.56017,43.63399],[-79.55838,43.63018],[-79.55918,43.62814],[-79.54693,43.63104],[-79.54329,43.63298],[-79.5401,43.63613],[-79.539,43.63531],[-79.53839,43.6358]]},"properties":{"agency":"MiWay","agency_id":"miway","route_name":"108","route_long_name":"Financial Express","route_type":"Bus","color":"#8C7356","transit_category":"miway"}},{"type":"Feature","geometry":{"type":"LineString","coordinates":[[-79.75889,43.58387],[-79.76052,43.5851],[-79.76364,43.58281],[-79.71151,43.54467],[-79.7123,43.54345],[-79.71154,43.543],[-79.71451,43.54024],[-79.71488,43.54044],[-79.71415,43.5406],[-79.70978,43.54461],[-79.70835,43.54517],[-79.69938,43.55296],[-79.70021,43.55344],[-79.69856,43.55493],[-79.69473,43.55313],[-79.69431,43.55518],[-79.68407,43.56191],[-79.67989,43.56525],[-79.66722,43.57915],[-79.66243,43.5832],[-79.65926,43.58441],[-79.65789,43.58729],[-79.65086,43.59394],[-79.64889,43.59272],[-79.64438,43.59701],[-79.64141,43.59892],[-79.64271,43.6001],[-79.64241,43.60143],[-79.63134,43.61211],[-79.62963,43.6156],[-79.61687,43.62822],[-79.61211,43.6322],[-79.60632,43.63579],[-79.60656,43.63663],[-79.61379,43.64109],[-79.61422,43.64211],[-79.59813,43.6572],[-79.58866,43.66503],[-79.58785,43.66669],[-79.58716,43.66658],[-79.58606,43.66855],[-79.58491,43.66941],[-79.58141,43.67029],[-79.57692,43.67071],[-79.57387,43.66811],[-79.57373,43.66687],[-79.57012,43.65834],[-79.56369,43.64562],[-79.56146,43.64016],[-79.56017,43.63399],[-79.55838,43.63018],[-79.55926,43.62868],[-79.5591,43.62808],[-79.54693,43.63104],[-79.54329,43.63298],[-79.5401,43.63613],[-79.539,43.63531],[-79.53772,43.63614],[-79.53866,43.63511]]},"properties":{"agency":"MiWay","agency_id":"miway","route_name":"109","route_long_name":"Meadowvale Express","route_type":"Bus","color":"#8C7356","transit_category":"miway"}},{"type":"Feature","geometry":{"type":"LineString","coordinates":[[-79.53854,43.63521],[-79.53915,43.63496],[-79.539,43.63531],[-79.5401,43.63613],[-79.53712,43.63956],[-79.53249,43.64078],[-79.53198,43.64174],[-79.5323,43.64269],[-79.52344,43.64467],[-79.5251,43.6484],[-79.52456,43.64836],[-79.52408,43.64728],[-79.52489,43.64694],[-79.53306,43.65027],[-79.53978,43.65096],[-79.57707,43.64238],[-79.58333,43.64014],[-79.62173,43.60506],[-79.63784,43.59145],[-79.63911,43.59221],[-79.63873,43.59275],[-79.63908,43.59419],[-79.64393,43.59737],[-79.64965,43.59202],[-79.65026,43.59131],[-79.64881,43.59075],[-79.64325,43.58681],[-79.67452,43.5593],[-79.67503,43.55809],[-79.67459,43.55555],[-79.67696,43.55007],[-79.67781,43.549],[-79.67955,43.54828],[-79.67731,43.5453],[-79.67873,43.54497],[-79.68115,43.54313],[-79.68152,43.54139],[-79.68333,43.54189],[-79.68267,43.54249],[-79.68323,43.54291]]},"properties":{"agency":"MiWay","agency_id":"miway","route_name":"26","route_long_name":"Burnhamthorpe","route_type":"Bus","color":"#8C7356","transit_category":"miway"}},{"type":"Feature","geometry":{"type":"LineString","coordinates":[[-79.64584,43.59371],[-79.64601,43.59336],[-79.64719,43.59428],[-79.65145,43.58986],[-79.65591,43.59325],[-79.66107,43.59535],[-79.74033,43.65404],[-79.7381,43.65525],[-79.74127,43.65683]]},"properties":{"agency":"MiWay","agency_id":"miway","route_name":"66","route_long_name":"McLaughlin","route_type":"Bus","color":"#8C7356","transit_category":"miway"}},{"type":"Feature","geometry":{"type":"LineString","coordinates":[[-79.64613,43.59389],[-79.6459,43.59337],[-79.64719,43.59428],[-79.64993,43.59174],[-79.65237,43.58865],[-79.65288,43.58614],[-79.65388,43.58414],[-79.65571,43.58252],[-79.67112,43.59367],[-79.67976,43.59801],[-79.68451,43.60195],[-79.68668,43.60515],[-79.68887,43.60707],[-79.70782,43.62055],[-79.72087,43.63077],[-79.72333,43.63441],[-79.72451,43.63535],[-79.73132,43.6391],[-79.73588,43.64095],[-79.74405,43.6413],[-79.74642,43.64179],[-79.74898,43.64293],[-79.75449,43.64679],[-79.74248,43.65758],[-79.73982,43.65588],[-79.74127,43.65683]]},"properties":{"agency":"MiWay","agency_id":"miway","route_name":"61","route_long_name":"Mavis","route_type":"Bus","color":"#8C7356","transit_category":"miway"}},{"type":"Feature","geometry":{"type":"LineString","coordinates":[[-79.64767,43.59384],[-79.64393,43.59737],[-79.64528,43.59807],[-79.64663,43.5978],[-79.65737,43.58783],[-79.65868,43.58644],[-79.65916,43.58501],[-79.66065,43.58608],[-79.66116,43.58688],[-79.66098,43.58742],[-79.65976,43.58724],[-79.66019,43.58615],[-79.67017,43.57671],[-79.68042,43.56516],[-79.68475,43.56177],[-79.69137,43.55761],[-79.69445,43.55604],[-79.69793,43.55561],[-79.70021,43.55344],[-79.69938,43.55296],[-79.70168,43.55119],[-79.69938,43.55296],[-79.70021,43.55344],[-79.69856,43.55493],[-79.6895,43.55064],[-79.68327,43.54644],[-79.68572,43.54476],[-79.68267,43.54251],[-79.68333,43.54189],[-79.68238,43.54141],[-79.68152,43.54139],[-79.68119,43.54308],[-79.67878,43.54494],[-79.67427,43.54629],[-79.67061,43.5451],[-79.66773,43.54478],[-79.66546,43.54345],[-79.66403,43.54353],[-79.66273,43.54491],[-79.66612,43.54694],[-79.66469,43.5474],[-79.66276,43.5469],[-79.6623,43.54771],[-79.66494,43.54774],[-79.66612,43.54694],[-79.66273,43.54491],[-79.6643,43.54345],[-79.66557,43.54348],[-79.66749,43.5447],[-79.67061,43.5451],[-79.67376,43.54631],[-79.67845,43.5451],[-79.67987,43.54412],[-79.67599,43.54152],[-79.67009,43.53958],[-79.64818,43.52452],[-79.63227,43.51279],[-79.63322,43.51296],[-79.633,43.51263]]},"properties":{"agency":"MiWay","agency_id":"miway","route_name":"110","route_long_name":"University Express","route_type":"Bus","color":"#8C7356","transit_category":"miway"}},{"type":"Feature","geometry":{"type":"LineString","coordinates":[[-79.5387,43.63555],[-79.53768,43.63609],[-79.53897,43.63491],[-79.5401,43.63613],[-79.54329,43.63298],[-79.54693,43.63104],[-79.56394,43.62698],[-79.56612,43.62594],[-79.60007,43.5946],[-79.64757,43.55322],[-79.6517,43.54695],[-79.65395,43.5453],[-79.65934,43.54257],[-79.66091,43.54404],[-79.66612,43.54694],[-79.66469,43.5474],[-79.66276,43.5469],[-79.6623,43.54771],[-79.66494,43.54774],[-79.66612,43.54694],[-79.66091,43.54404],[-79.65934,43.54257],[-79.66754,43.53572],[-79.68947,43.51556],[-79.69137,43.51679],[-79.69059,43.51804]]},"properties":{"agency":"MiWay","agency_id":"miway","route_name":"101","route_long_name":"Dundas Express","route_type":"Bus","color":"#8C7356","transit_category":"miway"}},{"type":"Feature","geometry":{"type":"LineString","coordinates":[[-79.6285,43.58967],[-79.62635,43.59115],[-79.62977,43.59306],[-79.63,43.59441],[-79.62608,43.59777],[-79.62261,43.59999],[-79.61983,43.60288],[-79.6179,43.60261],[-79.61346,43.59961],[-79.61094,43.59646],[-79.61113,43.59383],[-79.6148,43.59016],[-79.61859,43.58973],[-79.6214,43.5876],[-79.62275,43.58736],[-79.62379,43.58785],[-79.62522,43.59025],[-79.62635,43.59115],[-79.63619,43.58335],[-79.63576,43.58304]]},"properties":{"agency":"MiWay","agency_id":"miway","route_name":"304","route_long_name":"Father Goetz SS","route_type":"Bus","color":"#8C7356","transit_category":"miway"}},{"type":"Feature","geometry":{"type":"LineString","coordinates":[[-79.74379,43.55527],[-79.74502,43.55323],[-79.74672,43.55186],[-79.75277,43.55601],[-79.74582,43.56184],[-79.72921,43.54961],[-79.72599,43.54489],[-79.72206,43.54242],[-79.72438,43.54032],[-79.72224,43.53904],[-79.71529,43.54608]]},"properties":{"agency":"MiWay","agency_id":"miway","route_name":"321","route_long_name":"Stephen Lewis SS","route_type":"Bus","color":"#8C7356","transit_category":"miway"}},{"type":"Feature","geometry":{"type":"LineString","coordinates":[[-79.64689,43.59391],[-79.64719,43.59428],[-79.64368,43.59755],[-79.64112,43.59908],[-79.63985,43.59865],[-79.64008,43.59806],[-79.641,43.59811],[-79.64908,43.60405],[-79.65184,43.59974],[-79.653,43.59927],[-79.65459,43.59944],[-79.65608,43.60037],[-79.6569,43.60207],[-79.66009,43.60429],[-79.66276,43.60467],[-79.66331,43.60287],[-79.66434,43.60184],[-79.6709,43.59754],[-79.67212,43.59734],[-79.67336,43.59779],[-79.67979,43.59157],[-79.68351,43.58965]]},"properties":{"agency":"MiWay","agency_id":"miway","route_name":"315","route_long_name":"Rick Hansen SS","route_type":"Bus","color":"#8C7356","transit_category":"miway"}},{"type":"Feature","geometry":{"type":"LineString","coordinates":[[-79.75861,43.58315],[-79.75843,43.58345],[-79.76052,43.5851],[-79.76364,43.58281],[-79.75864,43.57922],[-79.76159,43.57518],[-79.76014,43.57438],[-79.75972,43.57299],[-79.75902,43.57235],[-79.755,43.57168],[-79.75433,43.57256],[-79.75214,43.57348],[-79.74992,43.5754],[-79.74853,43.57572],[-79.74712,43.57366],[-79.74444,43.57228],[-79.74292,43.57242],[-79.74195,43.5733],[-79.74103,43.57533],[-79.73741,43.57758],[-79.73704,43.57944],[-79.73595,43.58044],[-79.73064,43.57655],[-79.7282,43.57378],[-79.7227,43.56985],[-79.71896,43.57292],[-79.71742,43.5753],[-79.71514,43.57733],[-79.71806,43.5792],[-79.71748,43.5796]]},"properties":{"agency":"MiWay","agency_id":"miway","route_name":"313","route_long_name":"Streetsville SS","route_type":"Bus","color":"#8C7356","transit_category":"miway"}},{"type":"Feature","geometry":{"type":"LineString","coordinates":[[-79.70031,43.589],[-79.712,43.59758],[-79.70108,43.60731],[-79.67979,43.59157],[-79.68351,43.58965]]},"properties":{"agency":"MiWay","agency_id":"miway","route_name":"314","route_long_name":"Rick Hansen SS","route_type":"Bus","color":"#8C7356","transit_category":"miway"}},{"type":"Feature","geometry":{"type":"LineString","coordinates":[[-79.62622,43.62408],[-79.60344,43.6074],[-79.60922,43.60137],[-79.61278,43.59907],[-79.6109,43.59634],[-79.61121,43.59371],[-79.6148,43.59016],[-79.61859,43.58973],[-79.62224,43.58734],[-79.62379,43.58785],[-79.62522,43.59025],[-79.62635,43.59115],[-79.62911,43.58922],[-79.63507,43.59367],[-79.64325,43.58681],[-79.64881,43.59075],[-79.65026,43.59131],[-79.64647,43.59494],[-79.64616,43.59468],[-79.64657,43.59432]]},"properties":{"agency":"MiWay","agency_id":"miway","route_name":"302","route_long_name":"Philip Pocock SS","route_type":"Bus","color":"#8C7356","transit_category":"miway"}},{"type":"Feature","geometry":{"type":"LineString","coordinates":[[-79.53805,43.63563],[-79.53905,43.63492],[-79.5401,43.63613],[-79.53802,43.63854],[-79.53916,43.63897],[-79.54063,43.64066],[-79.57373,43.63269],[-79.57748,43.63098],[-79.58494,43.62563],[-79.59565,43.61596],[-79.60344,43.6074],[-79.62615,43.62402]]},"properties":{"agency":"MiWay","agency_id":"miway","route_name":"307","route_long_name":"Philip Pocock SS","route_type":"Bus","color":"#8C7356","transit_category":"miway"}},{"type":"Feature","geometry":{"type":"LineString","coordinates":[[-79.71767,43.57895],[-79.71514,43.57733],[-79.71182,43.58027],[-79.72249,43.58816],[-79.712,43.59758],[-79.69727,43.58675],[-79.6939,43.58921],[-79.69076,43.59043],[-79.6851,43.59547],[-79.67979,43.59157],[-79.67544,43.5955]]},"properties":{"agency":"MiWay","agency_id":"miway","route_name":"306","route_long_name":"Streetsville SS","route_type":"Bus","color":"#8C7356","transit_category":"miway"}},{"type":"Feature","geometry":{"type":"LineString","coordinates":[[-79.60991,43.57212],[-79.60762,43.57412],[-79.61008,43.57583],[-79.61249,43.57476],[-79.61368,43.57367],[-79.61986,43.57781],[-79.62283,43.5784],[-79.62423,43.57914],[-79.62205,43.5813],[-79.62334,43.58211],[-79.62481,43.58102],[-79.6255,43.58144],[-79.62346,43.5832],[-79.62264,43.5827],[-79.62334,43.58211],[-79.62205,43.5813],[-79.62423,43.57914],[-79.62773,43.58096],[-79.63185,43.58145],[-79.63183,43.57844],[-79.63577,43.57557],[-79.64096,43.57894],[-79.63619,43.58335],[-79.63819,43.58414],[-79.64162,43.58394],[-79.64395,43.58464],[-79.65145,43.58986],[-79.64647,43.59494],[-79.64616,43.59468],[-79.64657,43.59432]]},"properties":{"agency":"MiWay","agency_id":"miway","route_name":"28","route_long_name":"Confederation","route_type":"Bus","color":"#8C7356","transit_category":"miway"}},{"type":"Feature","geometry":{"type":"LineString","coordinates":[[-79.64584,43.59371],[-79.64601,43.59336],[-79.64719,43.59428],[-79.65026,43.59131],[-79.64881,43.59075],[-79.64325,43.58681],[-79.62173,43.60506],[-79.59574,43.62874]]},"properties":{"agency":"MiWay","agency_id":"miway","route_name":"312","route_long_name":"Glenforest SS","route_type":"Bus","color":"#8C7356","transit_category":"miway"}},{"type":"Feature","geometry":{"type":"LineString","coordinates":[[-79.75845,43.58347],[-79.76052,43.5851],[-79.76364,43.58281],[-79.71151,43.54467],[-79.7123,43.54345],[-79.71154,43.543],[-79.71451,43.54024],[-79.71488,43.54044],[-79.71415,43.5406],[-79.71154,43.543],[-79.7123,43.54345],[-79.7112,43.54444],[-79.67213,43.51584],[-79.67091,43.51685],[-79.66678,43.51385],[-79.66474,43.5137],[-79.6637,43.51439],[-79.66228,43.51701],[-79.65768,43.52126],[-79.65758,43.52232],[-79.65585,43.52237],[-79.65251,43.52047],[-79.65041,43.52247],[-79.65032,43.52399],[-79.65241,43.52449],[-79.65319,43.52515],[-79.65324,43.52656],[-79.65242,43.52744],[-79.63227,43.51279],[-79.63319,43.51273]]},"properties":{"agency":"MiWay","agency_id":"miway","route_name":"45","route_long_name":"Winston Churchill","route_type":"Bus","color":"#8C7356","transit_category":"miway"}},{"type":"Feature","geometry":{"type":"LineString","coordinates":[[-79.75892,43.58346],[-79.75839,43.58334],[-79.76052,43.5851],[-79.75749,43.58735],[-79.75631,43.58894],[-79.75608,43.5953],[-79.75092,43.5949],[-79.74312,43.59077],[-79.74114,43.59018],[-79.73906,43.59575],[-79.73888,43.59783],[-79.74255,43.59795],[-79.74218,43.59962],[-79.73874,43.60146],[-79.73562,43.60411],[-79.73231,43.60506],[-79.73083,43.60662],[-79.73027,43.60648],[-79.72947,43.60593],[-79.73075,43.60467],[-79.73091,43.60386],[-79.73038,43.60305],[-79.72757,43.60122],[-79.72714,43.59859],[-79.728,43.59665],[-79.72616,43.59498],[-79.72417,43.5909],[-79.72522,43.59016],[-79.68375,43.55967],[-79.67852,43.55692],[-79.67811,43.55624],[-79.67821,43.55426],[-79.67773,43.55366],[-79.67426,43.5527],[-79.66612,43.54694],[-79.66469,43.5474],[-79.66276,43.5469],[-79.66216,43.5474],[-79.66385,43.5478]]},"properties":{"agency":"MiWay","agency_id":"miway","route_name":"44","route_long_name":"Mississauga Road","route_type":"Bus","color":"#8C7356","transit_category":"miway"}},{"type":"Feature","geometry":{"type":"LineString","coordinates":[[-79.53835,43.63538],[-79.53911,43.63494],[-79.539,43.63531],[-79.5401,43.63613],[-79.54329,43.63298],[-79.54693,43.63104],[-79.55405,43.62954],[-79.55611,43.62954],[-79.55829,43.63334],[-79.56166,43.64265],[-79.56185,43.64389],[-79.5611,43.64508],[-79.56136,43.646],[-79.57707,43.64238],[-79.58333,43.64014],[-79.62173,43.60506],[-79.64367,43.58645],[-79.67452,43.5593],[-79.67503,43.55809],[-79.67456,43.55568],[-79.67563,43.55312],[-79.67392,43.55249],[-79.66612,43.54694],[-79.66469,43.5474],[-79.66276,43.5469],[-79.66216,43.5474],[-79.66385,43.5478]]},"properties":{"agency":"MiWay","agency_id":"miway","route_name":"126","route_long_name":"Burnhamthorpe Express","route_type":"Bus","color":"#8C7356","transit_category":"miway"}},{"type":"Feature","geometry":{"type":"LineString","coordinates":[[-79.53805,43.63563],[-79.53905,43.63492],[-79.5401,43.63613],[-79.53802,43.63854],[-79.53916,43.63897],[-79.54063,43.64066],[-79.56948,43.63396],[-79.57305,43.63296],[-79.57748,43.63098],[-79.58474,43.6258],[-79.59553,43.61607],[-79.60566,43.60466],[-79.60922,43.60137],[-79.61278,43.59907],[-79.61094,43.59646],[-79.61086,43.59449],[-79.61444,43.59043],[-79.61538,43.58995],[-79.61859,43.58973],[-79.62161,43.5875],[-79.62363,43.58771],[-79.62532,43.59036],[-79.62843,43.59237],[-79.63056,43.5914],[-79.63339,43.58898],[-79.63457,43.58932],[-79.63911,43.59221],[-79.63873,43.59275],[-79.63908,43.59419],[-79.64393,43.59737],[-79.64647,43.59494],[-79.64616,43.59468],[-79.64657,43.59432]]},"properties":{"agency":"MiWay","agency_id":"miway","route_name":"3","route_long_name":"Bloor","route_type":"Bus","color":"#8C7356","transit_category":"miway"}},{"type":"Feature","geometry":{"type":"LineString","coordinates":[[-79.67127,43.6187],[-79.67497,43.61618],[-79.67903,43.61541],[-79.67853,43.61324],[-79.68021,43.61207],[-79.68155,43.61275],[-79.6826,43.61454],[-79.68065,43.61517],[-79.68166,43.61858],[-79.68291,43.61954],[-79.68602,43.62056],[-79.69018,43.61686],[-79.69599,43.62117],[-79.69382,43.62254],[-79.6878,43.6245],[-79.68604,43.62467],[-79.68377,43.62405],[-79.67802,43.62065],[-79.67683,43.61888],[-79.67459,43.61952],[-79.6724,43.62105],[-79.6817,43.62819],[-79.68201,43.62951],[-79.68108,43.63054],[-79.62913,43.65148],[-79.614,43.65955],[-79.60689,43.66279],[-79.58817,43.66968],[-79.5801,43.67103],[-79.57669,43.67062],[-79.57387,43.66811],[-79.57373,43.66687],[-79.57012,43.65834],[-79.56369,43.64562],[-79.56146,43.64016],[-79.56017,43.63399],[-79.55838,43.63018],[-79.55918,43.62814],[-79.54693,43.63104],[-79.54329,43.63298],[-79.5401,43.63613],[-79.539,43.63531],[-79.53839,43.6358]]},"properties":{"agency":"MiWay","agency_id":"miway","route_name":"70","route_long_name":"Keaton","route_type":"Bus","color":"#8C7356","transit_category":"miway"}},{"type":"Feature","geometry":{"type":"LineString","coordinates":[[-79.66914,43.62022],[-79.67497,43.61618],[-79.68065,43.61517],[-79.68186,43.61885],[-79.68584,43.62044],[-79.68939,43.62259],[-79.69018,43.62373],[-79.68704,43.62465],[-79.68447,43.62436],[-79.67802,43.62065],[-79.67683,43.61888],[-79.6745,43.61957],[-79.66981,43.6229],[-79.67235,43.62479],[-79.66881,43.62798],[-79.66444,43.62968],[-79.66219,43.63111],[-79.66011,43.62956],[-79.66721,43.62582],[-79.66981,43.6229],[-79.66764,43.6213],[-79.66914,43.62022]]},"properties":{"agency":"MiWay","agency_id":"miway","route_name":"25","route_long_name":"Traders Loop","route_type":"Bus","color":"#8C7356","transit_category":"miway"}},{"type":"Feature","geometry":{"type":"LineString","coordinates":[[-79.57837,43.60826],[-79.57797,43.60807],[-79.5798,43.60942],[-79.58169,43.60777],[-79.57111,43.60032],[-79.56944,43.59743],[-79.56538,43.59449],[-79.56609,43.59423],[-79.56764,43.59509],[-79.56985,43.59481],[-79.57625,43.58949],[-79.55869,43.57697],[-79.54315,43.59218],[-79.54421,43.59132]]},"properties":{"agency":"MiWay","agency_id":"miway","route_name":"31","route_long_name":"Ogden","route_type":"Bus","color":"#8C7356","transit_category":"miway"}},{"type":"Feature","geometry":{"type":"LineString","coordinates":[[-79.53889,43.6354],[-79.53768,43.63609],[-79.53897,43.63491],[-79.5401,43.63613],[-79.54329,43.63298],[-79.54693,43.63104],[-79.55405,43.62954],[-79.55611,43.62954],[-79.55829,43.63334],[-79.56468,43.64983],[-79.56769,43.65552],[-79.57286,43.66768],[-79.57304,43.66979],[-79.5724,43.67179],[-79.57027,43.67338],[-79.56796,43.67398],[-79.56821,43.67344],[-79.57211,43.67158],[-79.58141,43.67029],[-79.5854,43.66919],[-79.58677,43.66796],[-79.58834,43.66495],[-79.60629,43.64863],[-79.73316,43.53495],[-79.74131,43.54104],[-79.742,43.54033],[-79.74248,43.54048],[-79.74208,43.54028]]},"properties":{"agency":"MiWay","agency_id":"miway","route_name":"35","route_long_name":"Eglinton","route_type":"Bus","color":"#8C7356","transit_category":"miway"}},{"type":"Feature","geometry":{"type":"LineString","coordinates":[[-79.71306,43.59836],[-79.71515,43.59989],[-79.71341,43.60149],[-79.71311,43.60371],[-79.71035,43.60621],[-79.70997,43.60874],[-79.70742,43.61199],[-79.67979,43.59157],[-79.67092,43.59995],[-79.66759,43.59714],[-79.66622,43.59494],[-79.65771,43.60252],[-79.65665,43.60183],[-79.65571,43.60006],[-79.65459,43.59944],[-79.65273,43.59931],[-79.65161,43.59999],[-79.64908,43.60405],[-79.64249,43.59896],[-79.64647,43.59494],[-79.64616,43.59468],[-79.64657,43.59432]]},"properties":{"agency":"MiWay","agency_id":"miway","route_name":"68","route_long_name":"Terry Fox","route_type":"Bus","color":"#8C7356","transit_category":"miway"}},{"type":"Feature","geometry":{"type":"LineString","coordinates":[[-79.61479,43.62991],[-79.61215,43.63217],[-79.61296,43.63234],[-79.61464,43.63126],[-79.62453,43.6385],[-79.63083,43.63279],[-79.63334,43.63458],[-79.6362,43.6355],[-79.63722,43.63624],[-79.63292,43.64012],[-79.63826,43.64401],[-79.64401,43.63874],[-79.64807,43.6414],[-79.64755,43.6426],[-79.64137,43.64562],[-79.6399,43.64549],[-79.63833,43.64406]]},"properties":{"agency":"MiWay","agency_id":"miway","route_name":"73","route_long_name":"Kamato","route_type":"Bus","color":"#8C7356","transit_category":"miway"}},{"type":"Feature","geometry":{"type":"LineString","coordinates":[[-79.61479,43.62991],[-79.61215,43.63217],[-79.61296,43.63234],[-79.61464,43.63126],[-79.62072,43.63573],[-79.61455,43.64131],[-79.6155,43.64233],[-79.61714,43.6461],[-79.62115,43.64864],[-79.61861,43.65081],[-79.61516,43.65214],[-79.61542,43.65381],[-79.61706,43.65518],[-79.61708,43.65618],[-79.6087,43.66115],[-79.60197,43.66393],[-79.59989,43.66383],[-79.59586,43.66098],[-79.59287,43.66373],[-79.5918,43.66295],[-79.59292,43.66208],[-79.59261,43.66185],[-79.5885,43.66536],[-79.58906,43.66537],[-79.59165,43.66312],[-79.59227,43.6633]]},"properties":{"agency":"MiWay","agency_id":"miway","route_name":"74","route_long_name":"Explorer","route_type":"Bus","color":"#8C7356","transit_category":"miway"}},{"type":"Feature","geometry":{"type":"LineString","coordinates":[[-79.73367,43.66641],[-79.68545,43.63045],[-79.62911,43.58922],[-79.61008,43.57583],[-79.61249,43.57476],[-79.61368,43.57367],[-79.6106,43.57151],[-79.60991,43.57212]]},"properties":{"agency":"MiWay","agency_id":"miway","route_name":"103","route_long_name":"Hurontario Express","route_type":"Bus","color":"#8C7356","transit_category":"miway"}},{"type":"Feature","geometry":{"type":"LineString","coordinates":[[-79.71234,43.54226],[-79.71154,43.543],[-79.7123,43.54345],[-79.7112,43.54444],[-79.71754,43.54912],[-79.69519,43.56924],[-79.69019,43.57312],[-79.62411,43.63267],[-79.6217,43.6311],[-79.61964,43.63261],[-79.61813,43.63076],[-79.61904,43.62941],[-79.61709,43.62802],[-79.61211,43.6322],[-79.60632,43.63579],[-79.60656,43.63663],[-79.61379,43.64109],[-79.61422,43.64211],[-79.59813,43.6572],[-79.58866,43.66503],[-79.58785,43.66669],[-79.58716,43.66658],[-79.58606,43.66855],[-79.58491,43.66941],[-79.58141,43.67029],[-79.57692,43.67071],[-79.57387,43.66811],[-79.57373,43.66687],[-79.57012,43.65834],[-79.56369,43.64562],[-79.56146,43.64016],[-79.56017,43.63399],[-79.55838,43.63018],[-79.55926,43.62868],[-79.5591,43.62808],[-79.54693,43.63104],[-79.54329,43.63298],[-79.5401,43.63613],[-79.539,43.63531],[-79.53853,43.63569]]},"properties":{"agency":"MiWay","agency_id":"miway","route_name":"135","route_long_name":"Eglinton Express","route_type":"Bus","color":"#8C7356","transit_category":"miway"}},{"type":"Feature","geometry":{"type":"LineString","coordinates":[[-79.62485,43.582],[-79.62346,43.5832],[-79.62264,43.5827],[-79.62334,43.58211],[-79.62205,43.5813],[-79.62015,43.58289],[-79.62911,43.58922],[-79.62635,43.59115],[-79.62959,43.59292],[-79.63015,43.59396],[-79.62641,43.59751],[-79.62358,43.59929],[-79.63873,43.6094],[-79.63961,43.61083],[-79.63991,43.61403],[-79.64092,43.61542],[-79.69112,43.65272],[-79.6995,43.64502],[-79.70104,43.64619],[-79.70254,43.64823],[-79.70745,43.65035],[-79.71014,43.65231],[-79.71049,43.65213]]},"properties":{"agency":"MiWay","agency_id":"miway","route_name":"53","route_long_name":"Kennedy","route_type":"Bus","color":"#8C7356","transit_category":"miway"}},{"type":"Feature","geometry":{"type":"LineString","coordinates":[[-79.75884,43.58322],[-79.7584,43.5834],[-79.76052,43.5851],[-79.76364,43.58281],[-79.77051,43.58776],[-79.77211,43.58622],[-79.77333,43.58634],[-79.78407,43.577],[-79.78024,43.5738],[-79.77726,43.57009],[-79.77417,43.56793],[-79.76923,43.56579],[-79.76249,43.56113],[-79.76566,43.55876],[-79.75991,43.55482],[-79.67382,43.63131],[-79.6679,43.63324],[-79.66633,43.6342],[-79.66219,43.63111],[-79.6589,43.63333],[-79.65599,43.63379],[-79.65404,43.63324],[-79.65208,43.63178],[-79.65155,43.6308],[-79.65175,43.62901],[-79.6514,43.62821],[-79.63897,43.63475],[-79.62965,43.64303],[-79.62782,43.64402],[-79.62474,43.64676],[-79.62181,43.64807],[-79.61861,43.65081],[-79.61562,43.65208],[-79.61144,43.65208],[-79.60968,43.65263],[-79.6067,43.65588],[-79.60411,43.65756],[-79.59627,43.66463],[-79.59413,43.66513],[-79.59382,43.66442],[-79.5918,43.66295],[-79.59285,43.66186],[-79.59099,43.6632]]},"properties":{"agency":"MiWay","agency_id":"miway","route_name":"39","route_long_name":"Britannia","route_type":"Bus","color":"#8C7356","transit_category":"miway"}},{"type":"Feature","geometry":{"type":"LineString","coordinates":[[-79.60556,43.72924],[-79.60431,43.72883],[-79.60555,43.72926],[-79.60493,43.73013],[-79.60795,43.73123],[-79.60916,43.73221],[-79.61101,43.73155],[-79.61355,43.73223],[-79.61638,43.73189],[-79.61793,43.7328],[-79.61823,43.73357],[-79.61883,43.7335],[-79.61996,43.73263],[-79.61979,43.72938],[-79.62176,43.72746],[-79.62212,43.72622],[-79.62582,43.72511],[-79.6303,43.72564],[-79.63904,43.72399],[-79.63997,43.72346],[-79.64086,43.72201],[-79.64012,43.72178],[-79.64188,43.72106],[-79.62931,43.71181],[-79.61943,43.71002],[-79.6153,43.70692],[-79.61444,43.70411],[-79.61318,43.70276],[-79.61419,43.70189],[-79.61423,43.70088],[-79.61141,43.69846],[-79.61911,43.69161],[-79.61382,43.68993],[-79.61486,43.68948],[-79.61651,43.68991],[-79.61653,43.69062],[-79.60654,43.68769],[-79.60529,43.68776],[-79.60387,43.68894],[-79.59771,43.69153],[-79.59107,43.67691],[-79.59413,43.67605],[-79.59471,43.6746],[-79.5904,43.66727],[-79.5886,43.66581],[-79.58932,43.66513],[-79.58907,43.66475],[-79.59813,43.6572],[-79.61422,43.64211],[-79.61379,43.64109],[-79.60656,43.63663],[-79.60632,43.63579],[-79.61211,43.6322],[-79.61687,43.62822],[-79.62922,43.61603],[-79.63134,43.61211],[-79.6421,43.60183],[-79.64275,43.60023],[-79.64141,43.59892],[-79.64438,43.59701],[-79.64647,43.59494],[-79.64616,43.59468],[-79.64657,43.59432]]},"properties":{"agency":"MiWay","agency_id":"miway","route_name":"107","route_long_name":"Malton Express","route_type":"Bus","color":"#8C7356","transit_category":"miway"}},{"type":"Feature","geometry":{"type":"LineString","coordinates":[[-79.57836,43.60843],[-79.5798,43.60942],[-79.58192,43.60757],[-79.58096,43.60665],[-79.58354,43.60522],[-79.58657,43.60691],[-79.59046,43.6034],[-79.58449,43.59933],[-79.59106,43.59355],[-79.59672,43.59764],[-79.59354,43.60054],[-79.60981,43.61188],[-79.63063,43.62726],[-79.63559,43.62908],[-79.69133,43.67042],[-79.69226,43.67165],[-79.69241,43.67274],[-79.69051,43.67661],[-79.69064,43.67831],[-79.7065,43.69037],[-79.69311,43.70244],[-79.69245,43.70163],[-79.68831,43.70255],[-79.69116,43.70189]]},"properties":{"agency":"MiWay","agency_id":"miway","route_name":"51","route_long_name":"Tomken","route_type":"Bus","color":"#8C7356","transit_category":"miway"}},{"type":"Feature","geometry":{"type":"LineString","coordinates":[[-79.64091,43.72147],[-79.64188,43.72106],[-79.63173,43.71363],[-79.62802,43.71602],[-79.61699,43.71942],[-79.61143,43.72062],[-79.6094,43.7205],[-79.59583,43.71734],[-79.58195,43.68841],[-79.57815,43.6778],[-79.5735,43.67265],[-79.57376,43.66696],[-79.56146,43.64016],[-79.56017,43.63399],[-79.55838,43.63018],[-79.55926,43.62823],[-79.54693,43.63104],[-79.54329,43.63298],[-79.5401,43.63613],[-79.539,43.63531],[-79.53839,43.6358]]},"properties":{"agency":"MiWay","agency_id":"miway","route_name":"11","route_long_name":"Westwood","route_type":"Bus","color":"#8C7356","transit_category":"miway"}},{"type":"Feature","geometry":{"type":"LineString","coordinates":[[-79.59962,43.73089],[-79.59645,43.73166],[-79.59355,43.73379],[-79.59496,43.73604],[-79.60581,43.73368],[-79.6209,43.73533],[-79.63157,43.73321],[-79.63379,43.73339],[-79.63512,43.73128],[-79.63939,43.72744],[-79.63752,43.7243],[-79.63997,43.72346],[-79.64086,43.72201],[-79.64014,43.72181],[-79.6404,43.72153]]},"properties":{"agency":"MiWay","agency_id":"miway","route_name":"22","route_long_name":"Finch","route_type":"Bus","color":"#8C7356","transit_category":"miway"}},{"type":"Feature","geometry":{"type":"LineString","coordinates":[[-79.64054,43.72187],[-79.64086,43.72201],[-79.64312,43.71996],[-79.64763,43.72343],[-79.64892,43.72395],[-79.65215,43.72077],[-79.65257,43.71984],[-79.65433,43.71998],[-79.65826,43.71656],[-79.65527,43.71464],[-79.65066,43.71485],[-79.65003,43.71314],[-79.64767,43.71248],[-79.64747,43.7129],[-79.64678,43.71273],[-79.64231,43.70998],[-79.64419,43.70828],[-79.6453,43.70885],[-79.64626,43.70873],[-79.64976,43.70553],[-79.64807,43.70545],[-79.64802,43.70413],[-79.64387,43.70398],[-79.64177,43.70438],[-79.63942,43.70672],[-79.63807,43.70595],[-79.6385,43.70542],[-79.63809,43.7053],[-79.63802,43.70591],[-79.63942,43.70672],[-79.62969,43.71527],[-79.61699,43.71942],[-79.61143,43.72062],[-79.6064,43.71985],[-79.57032,43.71139],[-79.56793,43.71143],[-79.5597,43.71334],[-79.55871,43.71625],[-79.55599,43.71697],[-79.55497,43.7145],[-79.55646,43.71413]]},"properties":{"agency":"MiWay","agency_id":"miway","route_name":"30","route_long_name":"Rexdale","route_type":"Bus","color":"#8C7356","transit_category":"miway"}},{"type":"Feature","geometry":{"type":"LineString","coordinates":[[-79.64078,43.7216],[-79.64312,43.71996],[-79.64763,43.72343],[-79.64892,43.72395],[-79.65215,43.72077],[-79.65257,43.71984],[-79.65433,43.71998],[-79.65826,43.71656],[-79.65649,43.71535],[-79.65951,43.71273],[-79.65626,43.71084],[-79.65858,43.70882],[-79.66192,43.71067],[-79.66772,43.70543],[-79.65943,43.69924],[-79.6714,43.68844],[-79.66652,43.68507],[-79.66644,43.68442],[-79.67186,43.68017],[-79.67887,43.68275],[-79.68185,43.68165],[-79.68242,43.6812],[-79.67428,43.67523],[-79.67811,43.67169],[-79.68193,43.67422],[-79.68545,43.67152]]},"properties":{"agency":"MiWay","agency_id":"miway","route_name":"15","route_long_name":"Drew","route_type":"Bus","color":"#8C7356","transit_category":"miway"}},{"type":"Feature","geometry":{"type":"LineString","coordinates":[[-79.64067,43.72173],[-79.64086,43.72201],[-79.64188,43.72106],[-79.64779,43.72549],[-79.64414,43.72922],[-79.64352,43.73125],[-79.64031,43.73397],[-79.63901,43.73424],[-79.63607,43.73249],[-79.63258,43.7314],[-79.62991,43.72949],[-79.63272,43.72703],[-79.63577,43.72639],[-79.63518,43.72474],[-79.63015,43.72565],[-79.62575,43.72513],[-79.62481,43.72314],[-79.62556,43.72118],[-79.62715,43.71998],[-79.62561,43.71906],[-79.62768,43.7169],[-79.62635,43.71494],[-79.62268,43.7163],[-79.62175,43.71625],[-79.62008,43.71333],[-79.62243,43.71061],[-79.62916,43.71174],[-79.63016,43.71244],[-79.62635,43.71494],[-79.6277,43.71707],[-79.62561,43.71906],[-79.62715,43.71998],[-79.62922,43.71826],[-79.62999,43.71823],[-79.63154,43.71955],[-79.63382,43.72035],[-79.6366,43.72218],[-79.63752,43.7243],[-79.63978,43.72363],[-79.64126,43.72152],[-79.64089,43.72148]]},"properties":{"agency":"MiWay","agency_id":"miway","route_name":"16","route_long_name":"Malton","route_type":"Bus","color":"#8C7356","transit_category":"miway"}},{"type":"Feature","geometry":{"type":"LineString","coordinates":[[-79.59227,43.6633],[-79.59413,43.66513],[-79.5904,43.66576],[-79.58811,43.66817],[-79.58657,43.66824],[-79.58768,43.66612],[-79.58997,43.66684],[-79.59456,43.67423],[-79.59473,43.67526],[-79.59413,43.67605],[-79.59107,43.67691],[-79.59771,43.69153],[-79.60387,43.68894],[-79.60563,43.6877],[-79.60927,43.68823],[-79.61382,43.68993],[-79.61486,43.68948],[-79.61588,43.68974],[-79.61651,43.68991],[-79.61653,43.69062],[-79.62336,43.6932],[-79.6283,43.6968],[-79.62443,43.70028],[-79.61537,43.69495],[-79.61141,43.69846],[-79.61393,43.70039],[-79.61751,43.7009],[-79.62281,43.70294],[-79.62955,43.7029],[-79.63105,43.70243],[-79.63604,43.69889],[-79.64319,43.70425],[-79.64802,43.70413],[-79.64807,43.70545],[-79.64978,43.70544],[-79.64626,43.70873],[-79.6453,43.70885],[-79.64419,43.70828],[-79.64231,43.70998],[-79.64388,43.7109],[-79.63644,43.71714],[-79.64188,43.72106],[-79.64048,43.72194],[-79.64078,43.7216]]},"properties":{"agency":"MiWay","agency_id":"miway","route_name":"24","route_long_name":"Northwest","route_type":"Bus","color":"#8C7356","transit_category":"miway"}},{"type":"Feature","geometry":{"type":"LineString","coordinates":[[-79.68047,43.67359],[-79.68153,43.67418],[-79.68248,43.67407],[-79.68734,43.66988],[-79.68487,43.66829],[-79.67969,43.67286],[-79.66912,43.66453],[-79.6649,43.66818],[-79.61407,43.63068],[-79.57125,43.60043],[-79.56937,43.59736],[-79.55089,43.58434],[-79.54315,43.59218],[-79.54386,43.59175]]},"properties":{"agency":"MiWay","agency_id":"miway","route_name":"5","route_long_name":"Dixie","route_type":"Bus","color":"#8C7356","transit_category":"miway"}},{"type":"Feature","geometry":{"type":"LineString","coordinates":[[-79.68308,43.58984],[-79.67979,43.59157],[-79.67336,43.59779],[-79.67212,43.59734],[-79.6709,43.59754],[-79.66434,43.60184],[-79.66331,43.60287],[-79.66276,43.60467],[-79.66009,43.60429],[-79.65681,43.60199],[-79.65582,43.60014],[-79.65341,43.59925],[-79.65175,43.59982],[-79.64908,43.60405],[-79.64248,43.59892],[-79.64647,43.59494],[-79.64616,43.59468],[-79.64658,43.59417],[-79.64571,43.59353],[-79.64698,43.59403]]},"properties":{"agency":"MiWay","agency_id":"miway","route_name":"356","route_long_name":"Rick Hansen SS","route_type":"Bus","color":"#8C7356","transit_category":"miway"}},{"type":"Feature","geometry":{"type":"LineString","coordinates":[[-79.74647,43.55205],[-79.75277,43.55601],[-79.74113,43.56599],[-79.74083,43.56619],[-79.73361,43.56086],[-79.72827,43.56563],[-79.72218,43.56203],[-79.72011,43.55938],[-79.71755,43.55771],[-79.71446,43.56033],[-79.71077,43.56181],[-79.70906,43.56053],[-79.70997,43.55987],[-79.71175,43.56084],[-79.71406,43.55982],[-79.71467,43.56018],[-79.71755,43.55771],[-79.71165,43.5537],[-79.70816,43.55272],[-79.70093,43.54778],[-79.69627,43.54622],[-79.69221,43.54368],[-79.69095,43.5425],[-79.68853,43.5387],[-79.68577,43.53661],[-79.68279,43.53772],[-79.68163,43.53923],[-79.68152,43.54139],[-79.68333,43.54189],[-79.68267,43.54251],[-79.68419,43.54358]]},"properties":{"agency":"MiWay","agency_id":"miway","route_name":"373","route_long_name":"Joan of Arc SS","route_type":"Bus","color":"#8C7356","transit_category":"miway"}},{"type":"Feature","geometry":{"type":"LineString","coordinates":[[-79.75859,43.5836],[-79.76052,43.5851],[-79.76542,43.58154],[-79.76766,43.58055],[-79.77288,43.57585],[-79.77337,43.57458],[-79.77319,43.57335],[-79.7718,43.57178],[-79.7696,43.571],[-79.76718,43.57113],[-79.76517,43.57213],[-79.75968,43.5676],[-79.75777,43.56665],[-79.75724,43.56558],[-79.75774,43.5643],[-79.75619,43.5633],[-79.75249,43.56148],[-79.74931,43.56435],[-79.74129,43.55852],[-79.74254,43.55744],[-79.74502,43.55323],[-79.74647,43.55205]]},"properties":{"agency":"MiWay","agency_id":"miway","route_name":"374","route_long_name":"Joan of Arc SS","route_type":"Bus","color":"#8C7356","transit_category":"miway"}},{"type":"Feature","geometry":{"type":"LineString","coordinates":[[-79.62622,43.62408],[-79.60344,43.6074],[-79.60922,43.60137],[-79.61278,43.59907],[-79.6109,43.59634],[-79.61121,43.59371],[-79.6148,43.59016],[-79.61859,43.58973],[-79.62224,43.58734],[-79.62379,43.58785],[-79.62522,43.59025],[-79.62635,43.59115],[-79.62911,43.58922],[-79.63507,43.59367],[-79.64325,43.58681],[-79.64881,43.59075],[-79.65026,43.59131],[-79.64647,43.59494],[-79.64616,43.59468],[-79.64657,43.59432]]},"properties":{"agency":"MiWay","agency_id":"miway","route_name":"371","route_long_name":"Philip Pocock SS","route_type":"Bus","color":"#8C7356","transit_category":"miway"}},{"type":"Feature","geometry":{"type":"LineString","coordinates":[[-79.62887,43.55609],[-79.63292,43.55966],[-79.6324,43.56005],[-79.63134,43.55976],[-79.62774,43.56324],[-79.62989,43.56395],[-79.63296,43.56603],[-79.64882,43.55171],[-79.65262,43.55389],[-79.65397,43.55635],[-79.64914,43.55791],[-79.64688,43.55807],[-79.6449,43.55954],[-79.64393,43.56128],[-79.64158,43.56322],[-79.64401,43.5649],[-79.64555,43.56512],[-79.64848,43.56399],[-79.65774,43.55881],[-79.6614,43.55902],[-79.6611,43.56072],[-79.66165,43.56202],[-79.66291,43.56296],[-79.66663,43.56421],[-79.6688,43.56314],[-79.66956,43.56382],[-79.66427,43.56838],[-79.66638,43.56945],[-79.66896,43.5695],[-79.66857,43.57162],[-79.66599,43.57374],[-79.66169,43.57849],[-79.65828,43.58044],[-79.65407,43.58389],[-79.65297,43.58588],[-79.65209,43.58913],[-79.64647,43.59494],[-79.64616,43.59468],[-79.64657,43.59432]]},"properties":{"agency":"MiWay","agency_id":"miway","route_name":"375","route_long_name":"St Martin SS","route_type":"Bus","color":"#8C7356","transit_category":"miway"}},{"type":"Feature","geometry":{"type":"LineString","coordinates":[[-79.75889,43.58387],[-79.76052,43.5851],[-79.76364,43.58281],[-79.75864,43.57922],[-79.76159,43.57518],[-79.76014,43.57438],[-79.75905,43.57237],[-79.755,43.57168],[-79.75433,43.57256],[-79.75214,43.57348],[-79.74992,43.5754],[-79.74853,43.57572],[-79.7473,43.57378],[-79.74376,43.57221],[-79.74211,43.57308],[-79.74095,43.5754],[-79.73748,43.5775],[-79.73665,43.57993],[-79.73595,43.58044],[-79.73333,43.57851],[-79.71484,43.59503],[-79.71025,43.59197],[-79.7079,43.58886],[-79.70483,43.58647],[-79.70321,43.58402],[-79.69889,43.58561],[-79.6939,43.58921],[-79.69093,43.59032],[-79.6851,43.59547],[-79.67979,43.59157],[-79.68351,43.58965]]},"properties":{"agency":"MiWay","agency_id":"miway","route_name":"376","route_long_name":"Rick Hansen SS","route_type":"Bus","color":"#8C7356","transit_category":"miway"}},{"type":"Feature","geometry":{"type":"LineString","coordinates":[[-79.00804,43.89782],[-79.00899,43.8977],[-79.00955,43.8989],[-79.01492,43.89802],[-79.02513,43.89529],[-79.02702,43.8938],[-79.02893,43.89344],[-79.03093,43.89803],[-79.0425,43.89529],[-79.03928,43.89274],[-79.03617,43.88598],[-79.03413,43.8852],[-79.03059,43.88501],[-79.02873,43.88357],[-79.0239,43.87225],[-79.02404,43.87075],[-79.02624,43.86518],[-79.02634,43.86185],[-79.01848,43.84405],[-79.03523,43.84031],[-79.03602,43.84307],[-79.03915,43.84666],[-79.0409,43.8461],[-79.04116,43.84757],[-79.04181,43.84674]]},"properties":{"agency":"Durham Region Transit","agency_id":"durham","route_name":"216","route_long_name":"Route 216","route_type":"Bus","color":"#7A6B8C","transit_category":"durham_rt"}},{"type":"Feature","geometry":{"type":"LineString","coordinates":[[-78.85074,43.9475],[-78.85188,43.94759],[-78.85139,43.94655],[-78.85245,43.94629],[-78.85489,43.95168],[-78.85454,43.95184],[-78.85489,43.95168],[-78.85712,43.95681],[-78.86693,43.95445],[-78.84713,43.90934],[-78.85353,43.90717],[-78.86444,43.90464],[-78.86712,43.90326],[-78.89591,43.89697],[-78.89002,43.8838],[-78.87732,43.88659],[-78.87745,43.88715],[-78.87662,43.88812],[-78.87728,43.88917]]},"properties":{"agency":"Durham Region Transit","agency_id":"durham","route_name":"405","route_long_name":"Route 405","route_type":"Bus","color":"#7A6B8C","transit_category":"durham_rt"}},{"type":"Feature","geometry":{"type":"LineString","coordinates":[[-78.8955,43.94364],[-78.89591,43.94329],[-78.89461,43.94355],[-78.89236,43.94541],[-78.89563,43.94808],[-78.85712,43.95681],[-78.85166,43.94449],[-78.85427,43.94426],[-78.85953,43.94612],[-78.86123,43.9463],[-78.87315,43.94422],[-78.84296,43.8753],[-78.81246,43.88277],[-78.80983,43.88182],[-78.80825,43.87901],[-78.80616,43.87682],[-78.8045,43.87653],[-78.80289,43.87752],[-78.80445,43.87665],[-78.80609,43.87691],[-78.80812,43.87906],[-78.80942,43.88155],[-78.81192,43.88274],[-78.82824,43.87919],[-78.82968,43.8828]]},"properties":{"agency":"Durham Region Transit","agency_id":"durham","route_name":"407","route_long_name":"Route 407","route_type":"Bus","color":"#7A6B8C","transit_category":"durham_rt"}},{"type":"Feature","geometry":{"type":"LineString","coordinates":[[-79.02997,43.89552],[-79.02541,43.88577],[-79.02386,43.88471],[-79.0204,43.88377],[-79.01887,43.88219],[-79.01584,43.87477],[-79.01614,43.87308],[-79.01774,43.8711],[-79.01813,43.86971],[-79.01757,43.86688],[-79.01322,43.85685],[-79.0073,43.85032],[-79.00568,43.84559],[-79.00649,43.84282],[-79.00628,43.84119],[-79.0019,43.83093],[-79.00339,43.83096],[-79.00664,43.82738],[-79.01488,43.82572],[-79.01505,43.82488],[-79.01449,43.82389],[-79.01491,43.82186],[-79.01436,43.82102],[-79.01237,43.82157],[-79.01503,43.83376],[-79.01484,43.83613],[-79.01573,43.83801],[-79.0178,43.83945],[-79.01847,43.84116],[-79.01786,43.84313],[-79.02153,43.85159],[-79.02698,43.8502],[-79.02915,43.84894],[-79.04023,43.84624],[-79.0409,43.8461],[-79.04116,43.84757],[-79.04181,43.84674]]},"properties":{"agency":"Durham Region Transit","agency_id":"durham","route_name":"224","route_long_name":"Route 224","route_type":"Bus","color":"#7A6B8C","transit_category":"durham_rt"}},{"type":"Feature","geometry":{"type":"LineString","coordinates":[[-78.96736,43.91285],[-78.96438,43.90539],[-78.97177,43.90335],[-78.96928,43.8977],[-78.96656,43.89585],[-78.96567,43.89406],[-78.97616,43.89191],[-78.97865,43.8911],[-78.97844,43.89052],[-78.97749,43.88911],[-78.97242,43.8901],[-78.96994,43.88946],[-78.9692,43.88804],[-78.96906,43.8861],[-78.96795,43.8847],[-78.966,43.8803],[-78.963,43.87824],[-78.96169,43.87549],[-78.95197,43.87765],[-78.94844,43.86945],[-78.93872,43.87166],[-78.93595,43.86492],[-78.93698,43.86496],[-78.93767,43.86591],[-78.93794,43.8655]]},"properties":{"agency":"Durham Region Transit","agency_id":"durham","route_name":"301","route_long_name":"Route 301","route_type":"Bus","color":"#7A6B8C","transit_category":"durham_rt"}},{"type":"Feature","geometry":{"type":"LineString","coordinates":[[-78.87728,43.88917],[-78.87662,43.88812],[-78.87745,43.88715],[-78.87732,43.88659],[-78.87036,43.88828],[-78.86787,43.88298],[-78.86925,43.88001],[-78.86834,43.87759],[-78.86585,43.87789],[-78.86419,43.87426],[-78.85676,43.87559],[-78.85252,43.8652],[-78.85359,43.86257],[-78.85266,43.86011],[-78.85745,43.85933],[-78.86205,43.85757],[-78.87717,43.85431],[-78.87883,43.85445],[-78.8782,43.85682],[-78.88084,43.86309],[-78.90074,43.85878],[-78.9035,43.8658],[-78.8962,43.8689],[-78.89261,43.87144],[-78.89069,43.87217],[-78.88814,43.87279],[-78.88753,43.87057],[-78.88636,43.87066]]},"properties":{"agency":"Durham Region Transit","agency_id":"durham","route_name":"403","route_long_name":"Route 403","route_type":"Bus","color":"#7A6B8C","transit_category":"durham_rt"}},{"type":"Feature","geometry":{"type":"LineString","coordinates":[[-78.94223,43.90481],[-78.94758,43.91749],[-78.93752,43.91965],[-78.93711,43.91751],[-78.93447,43.91159],[-78.9377,43.91069],[-78.94081,43.90658],[-78.94271,43.90571],[-78.94165,43.903],[-78.9377,43.89451],[-78.93522,43.89483],[-78.93113,43.89414],[-78.92716,43.89501],[-78.91632,43.8701],[-78.92837,43.86823],[-78.93457,43.86802],[-78.93685,43.86751],[-78.93595,43.86492],[-78.93698,43.86496],[-78.93767,43.86591],[-78.93794,43.8655]]},"properties":{"agency":"Durham Region Transit","agency_id":"durham","route_name":"319","route_long_name":"Route 319","route_type":"Bus","color":"#7A6B8C","transit_category":"durham_rt"}},{"type":"Feature","geometry":{"type":"LineString","coordinates":[[-79.0851,43.83297],[-79.08632,43.83253],[-79.08783,43.83376],[-79.08946,43.83354],[-79.09042,43.83568],[-79.08692,43.83841],[-79.08372,43.83705],[-79.08202,43.83436],[-79.07986,43.83611],[-79.07592,43.83796],[-79.0744,43.83799],[-79.07304,43.8387],[-79.07292,43.83979],[-79.07388,43.84259],[-79.07333,43.84339],[-79.07106,43.84382],[-79.06785,43.84317],[-79.06199,43.84461],[-79.06544,43.85214],[-79.05535,43.85451],[-79.06265,43.87111],[-79.05884,43.87189],[-79.05539,43.87346],[-79.05301,43.87402],[-79.04867,43.86375],[-79.04041,43.86184],[-79.04191,43.85776],[-79.04051,43.84898],[-79.03929,43.84661],[-79.0409,43.8461],[-79.04116,43.84757],[-79.04181,43.84674]]},"properties":{"agency":"Durham Region Transit","agency_id":"durham","route_name":"211","route_long_name":"Route 211","route_type":"Bus","color":"#7A6B8C","transit_category":"durham_rt"}},{"type":"Feature","geometry":{"type":"LineString","coordinates":[[-79.04181,43.84674],[-79.04116,43.84757],[-79.0409,43.8461],[-79.03929,43.84661],[-79.03597,43.84282],[-79.03536,43.84016],[-78.98881,43.85053],[-78.9878,43.84807],[-78.98793,43.84683],[-78.98488,43.84014],[-78.98503,43.83886],[-78.98671,43.83612],[-78.98518,43.83211],[-78.98708,43.8319],[-78.98966,43.83294],[-78.99138,43.83294],[-78.99189,43.83275],[-78.99107,43.83081],[-79.00094,43.82864],[-79.00181,43.83091],[-79.00298,43.8308],[-79.00771,43.83259],[-79.0109,43.83131],[-79.0173,43.83082],[-79.02515,43.82912],[-79.02645,43.82501],[-79.0261,43.82344],[-79.01934,43.81918],[-79.02203,43.81849],[-79.02928,43.81827],[-79.03004,43.81876],[-79.03077,43.82026],[-79.0332,43.82139],[-79.03456,43.82277],[-79.03448,43.82343],[-79.03291,43.82506],[-79.03337,43.82823],[-79.03116,43.82952],[-79.03297,43.83196],[-79.02154,43.83452],[-79.02476,43.84223],[-79.02645,43.84599],[-79.02713,43.84584],[-79.02845,43.84731],[-79.02915,43.84894],[-79.0409,43.8461],[-79.04116,43.84757],[-79.04181,43.84674]]},"properties":{"agency":"Durham Region Transit","agency_id":"durham","route_name":"227","route_long_name":"Route 227","route_type":"Bus","color":"#7A6B8C","transit_category":"durham_rt"}},{"type":"Feature","geometry":{"type":"LineString","coordinates":[[-78.93794,43.8655],[-78.93743,43.8649],[-78.93578,43.86482],[-78.93869,43.87161],[-78.94844,43.86945],[-78.9596,43.8954],[-78.97497,43.89221],[-78.98396,43.88982],[-78.98181,43.8844],[-78.98069,43.88276],[-78.97893,43.88071],[-78.97307,43.87645],[-78.97149,43.87328],[-78.95197,43.87765],[-78.94844,43.86945],[-78.93872,43.87166],[-78.93595,43.86492],[-78.93698,43.86496],[-78.93767,43.86591],[-78.93794,43.8655]]},"properties":{"agency":"Durham Region Transit","agency_id":"durham","route_name":"306","route_long_name":"Route 306","route_type":"Bus","color":"#7A6B8C","transit_category":"durham_rt"}},{"type":"Feature","geometry":{"type":"LineString","coordinates":[[-78.70954,43.90544],[-78.71042,43.90512],[-78.70895,43.90204],[-78.70645,43.90264],[-78.70487,43.90452],[-78.7003,43.90691],[-78.69841,43.90346],[-78.69273,43.90028],[-78.69095,43.8977],[-78.70567,43.89465],[-78.70802,43.89985],[-78.71024,43.90501],[-78.70783,43.90574],[-78.70666,43.90667],[-78.70686,43.90827],[-78.70759,43.90979],[-78.71212,43.90946],[-78.71376,43.91365],[-78.70949,43.91409],[-78.70767,43.90968],[-78.69735,43.91262],[-78.69215,43.91292],[-78.69347,43.91694],[-78.70116,43.93426],[-78.71116,43.93191],[-78.71318,43.93641],[-78.7088,43.93739],[-78.70323,43.93825],[-78.7013,43.93416],[-78.69145,43.93641],[-78.68872,43.93016],[-78.67907,43.93279],[-78.6739,43.92145],[-78.67383,43.9205],[-78.68344,43.91819],[-78.68348,43.91768],[-78.67925,43.90832],[-78.67422,43.90938],[-78.67501,43.91133]]},"properties":{"agency":"Durham Region Transit","agency_id":"durham","route_name":"502","route_long_name":"Route 502","route_type":"Bus","color":"#7A6B8C","transit_category":"durham_rt"}},{"type":"Feature","geometry":{"type":"LineString","coordinates":[[-78.87728,43.88917],[-78.87662,43.88812],[-78.87745,43.88715],[-78.87732,43.8867],[-78.88017,43.88607],[-78.87684,43.87798],[-78.87781,43.87768],[-78.87859,43.87628],[-78.88465,43.8743],[-78.88551,43.8741],[-78.88704,43.87737],[-78.88776,43.8773],[-78.89881,43.87533],[-78.90325,43.87315],[-78.90783,43.87239],[-78.91496,43.87033],[-78.92837,43.86823],[-78.93457,43.86802],[-78.93685,43.86751],[-78.93595,43.86492],[-78.93698,43.86496],[-78.93767,43.86591],[-78.93794,43.8655],[-78.93743,43.8649],[-78.93592,43.86483],[-78.93467,43.86228],[-79.01733,43.84424],[-79.01824,43.8441],[-79.01968,43.8475],[-79.02725,43.84611],[-79.02845,43.84731],[-79.02915,43.84894],[-79.0409,43.8461],[-79.0412,43.84757],[-79.04181,43.84674],[-79.04116,43.84757],[-79.0409,43.8461],[-79.03929,43.84661],[-79.03637,43.84343],[-79.03538,43.84028],[-79.08733,43.82882],[-79.08838,43.83036],[-79.09042,43.83568],[-79.08692,43.83841],[-79.08372,43.83705],[-79.08202,43.83436],[-79.08644,43.83255],[-79.08783,43.83376],[-79.08946,43.83354],[-79.09047,43.83581],[-79.09769,43.83007],[-79.10148,43.82532],[-79.11017,43.82265],[-79.11195,43.8217],[-79.12591,43.81107],[-79.13115,43.80871],[-79.13552,43.80526],[-79.14621,43.79903],[-79.15536,43.80287],[-79.1658,43.80897],[-79.16746,43.80916],[-79.17082,43.80841],[-79.17317,43.81168],[-79.17247,43.81629],[-79.17321,43.81811],[-79.17933,43.81907],[-79.17987,43.81993]]},"properties":{"agency":"Durham Region Transit","agency_id":"durham","route_name":"917","route_long_name":"Route 917","route_type":"Bus","color":"#7A6B8C","transit_category":"durham_rt"}},{"type":"Feature","geometry":{"type":"LineString","coordinates":[[-79.25875,43.77432],[-79.25251,43.77546],[-79.25412,43.7796],[-79.25252,43.78053],[-79.25151,43.78022],[-79.25057,43.77662],[-79.24772,43.7775],[-79.24475,43.77996],[-79.23326,43.78193],[-79.23162,43.78353],[-79.23416,43.79014],[-79.2293,43.79123],[-79.22277,43.79416],[-79.21357,43.79615],[-79.21051,43.79602],[-79.20555,43.7971],[-79.20044,43.79997],[-79.19794,43.80043],[-79.19675,43.79978],[-79.19479,43.80109],[-79.19447,43.80201],[-79.19487,43.80304],[-79.1919,43.8038],[-79.16671,43.80907],[-79.15485,43.80263],[-79.14616,43.79884],[-79.14547,43.79916],[-79.14149,43.80191],[-79.13555,43.80513],[-79.13127,43.80845],[-79.12559,43.81117],[-79.11082,43.82235],[-79.10148,43.82532],[-79.09663,43.83095],[-79.08129,43.8431],[-79.06915,43.85114],[-79.01588,43.8634],[-79.01816,43.86946],[-79.01614,43.87308],[-79.01561,43.87493],[-79.01869,43.88173],[-78.99314,43.88748],[-78.98905,43.88887],[-78.98337,43.8898],[-78.97497,43.89221],[-78.94952,43.8974],[-78.92037,43.90412],[-78.92734,43.92017],[-78.92856,43.92423],[-78.93556,43.93942],[-78.89609,43.94798],[-78.89258,43.94539],[-78.89412,43.94405],[-78.8955,43.94364]]},"properties":{"agency":"Durham Region Transit","agency_id":"durham","route_name":"920","route_long_name":"Route 920","route_type":"Bus","color":"#7A6B8C","transit_category":"durham_rt"}},{"type":"Feature","geometry":{"type":"LineString","coordinates":[[-79.12571,44.42713],[-79.12429,44.42703],[-79.12513,44.42819],[-79.12418,44.4284],[-79.12801,44.43688],[-79.14692,44.4328],[-79.15024,44.43392],[-79.14996,44.43434],[-79.15067,44.4357],[-79.15392,44.43233],[-79.15493,44.42984],[-79.15785,44.4303],[-79.16525,44.42863],[-79.16451,44.42695],[-79.16525,44.42863],[-79.1577,44.4303],[-79.13395,44.42495],[-79.12676,44.42404],[-79.12264,44.42522],[-79.1166,44.41268],[-79.10867,44.39104],[-79.10411,44.38071],[-79.10424,44.3783],[-79.10861,44.37094],[-79.10903,44.36813],[-79.09547,44.33757],[-79.01074,44.3564],[-78.98909,44.30843],[-78.99437,44.30708],[-78.99947,44.30478],[-79.02451,44.29872],[-79.07325,44.28823],[-79.06266,44.2639],[-79.06635,44.26285],[-79.066,44.25433],[-79.06482,44.25308],[-79.06591,44.25089],[-79.0656,44.24491],[-79.06384,44.24034],[-79.06278,44.23896],[-79.05388,44.23564],[-79.05192,44.23425],[-79.05104,44.23266],[-79.04991,44.22788],[-79.04615,44.22342],[-79.03809,44.20427],[-79.0322,44.19174],[-79.03097,44.18768],[-79.02736,44.17932],[-79.01998,44.16336],[-79.01577,44.15297],[-79.01459,44.15149],[-79.00077,44.11772],[-78.99358,44.10342],[-78.98812,44.09082],[-78.96467,44.0958],[-78.96427,44.09487],[-78.96553,44.09453],[-78.96526,44.09384],[-78.96395,44.09412],[-78.9634,44.09367],[-78.96007,44.09646],[-78.95578,44.09768],[-78.95623,44.10409],[-78.9543,44.10454],[-78.94819,44.10592],[-78.9454,44.09987],[-78.93909,44.10111],[-78.93972,44.10186],[-78.93837,44.10233],[-78.93972,44.10186],[-78.93909,44.10111],[-78.9454,44.09987],[-78.93834,44.08363],[-78.93574,44.07294],[-78.93314,44.06677],[-78.92878,44.06258],[-78.92431,44.05231],[-78.92397,44.05015],[-78.92511,44.04707],[-78.92507,44.04405],[-78.92439,44.04275],[-78.92207,44.04063],[-78.92119,44.03864],[-78.92104,44.03413],[-78.92598,44.02125],[-78.92505,44.01279],[-78.89688,43.94919],[-78.89415,43.94634],[-78.88164,43.93789],[-78.88054,43.93666],[-78.87603,43.92612],[-78.87663,43.92596],[-78.87569,43.92542],[-78.86584,43.90252],[-78.86581,43.90181],[-78.86754,43.90096],[-78.86264,43.89056]]},"properties":{"agency":"Durham Region Transit","agency_id":"durham","route_name":"618","route_long_name":"Route 618","route_type":"Bus","color":"#7A6B8C","transit_category":"durham_rt"}},{"type":"Feature","geometry":{"type":"LineString","coordinates":[[-79.25875,43.77432],[-79.25251,43.77546],[-79.25412,43.7796],[-79.25252,43.78053],[-79.25151,43.78022],[-79.25057,43.77662],[-79.24772,43.7775],[-79.24475,43.77996],[-79.23326,43.78193],[-79.23162,43.78353],[-79.23416,43.79014],[-79.2293,43.79123],[-79.22277,43.79416],[-79.21357,43.79615],[-79.21051,43.79602],[-79.20555,43.7971],[-79.20044,43.79997],[-79.19794,43.80043],[-79.19675,43.79978],[-79.19479,43.80109],[-79.19447,43.80201],[-79.19487,43.80304],[-79.1919,43.8038],[-79.16671,43.80907],[-79.15536,43.80287],[-79.14616,43.79884],[-79.13575,43.805],[-79.13127,43.80845],[-79.12583,43.81101],[-79.11082,43.82235],[-79.10148,43.82532],[-79.09739,43.83033],[-79.08129,43.8431],[-79.07391,43.8479],[-79.07551,43.85017],[-79.08035,43.86093],[-79.08557,43.8749],[-79.09099,43.88705],[-79.08456,43.88824],[-79.079,43.88696],[-79.0767,43.88712],[-78.95889,43.915],[-78.92785,43.9218],[-78.93556,43.93942],[-78.89609,43.94798],[-78.89258,43.94539],[-78.89412,43.94405],[-78.8955,43.94364]]},"properties":{"agency":"Durham Region Transit","agency_id":"durham","route_name":"921","route_long_name":"Route 921","route_type":"Bus","color":"#7A6B8C","transit_category":"durham_rt"}},{"type":"Feature","geometry":{"type":"LineString","coordinates":[[-78.90291,43.96308],[-78.89607,43.94799],[-78.92569,43.94162],[-78.90306,43.88874],[-78.91588,43.88583],[-78.91384,43.88252],[-78.91208,43.88238],[-78.90807,43.8833],[-78.90466,43.88541],[-78.90189,43.88607],[-78.89842,43.87844],[-78.8952,43.87959],[-78.89218,43.8831],[-78.87732,43.88659],[-78.87745,43.88715],[-78.87662,43.88812],[-78.87728,43.88917]]},"properties":{"agency":"Durham Region Transit","agency_id":"durham","route_name":"409","route_long_name":"Route 409","route_type":"Bus","color":"#7A6B8C","transit_category":"durham_rt"}},{"type":"Feature","geometry":{"type":"LineString","coordinates":[[-78.90428,43.96314],[-78.90917,43.9619],[-78.91292,43.96149],[-78.91454,43.96031],[-78.91473,43.95851],[-78.91134,43.95329],[-78.89776,43.9565],[-78.88457,43.9551],[-78.87845,43.95645],[-78.8767,43.95224],[-78.85712,43.95681],[-78.85473,43.95132],[-78.85712,43.95681],[-78.85743,43.95665],[-78.85712,43.95681],[-78.85147,43.94373],[-78.85064,43.94229],[-78.84892,43.94272],[-78.84875,43.9421]]},"properties":{"agency":"Durham Region Transit","agency_id":"durham","route_name":"419","route_long_name":"Route 419","route_type":"Bus","color":"#7A6B8C","transit_category":"durham_rt"}},{"type":"Feature","geometry":{"type":"LineString","coordinates":[[-78.85518,43.90055],[-78.88423,43.89388],[-78.88857,43.89196],[-79.01684,43.86341],[-79.06825,43.85148],[-79.071,43.85015],[-79.081,43.84331],[-79.09104,43.83548],[-79.09769,43.83007],[-79.10148,43.82532],[-79.11017,43.82265],[-79.11195,43.8217],[-79.12591,43.81107],[-79.13115,43.80871],[-79.13552,43.80526],[-79.1457,43.79951],[-79.15462,43.79357],[-79.15596,43.79428],[-79.18832,43.78658],[-79.19066,43.78782],[-79.19083,43.78749]]},"properties":{"agency":"Durham Region Transit","agency_id":"durham","route_name":"900","route_long_name":"PULSE 900","route_type":"Bus","color":"#7A6B8C","transit_category":"durham_rt"}},{"type":"Feature","geometry":{"type":"LineString","coordinates":[[-78.85685,43.9565],[-78.85712,43.95681],[-78.86693,43.95445],[-78.86502,43.95019],[-78.85269,43.95166],[-78.8485,43.95139],[-78.84426,43.95218],[-78.84596,43.956],[-78.83591,43.95768],[-78.83003,43.94456],[-78.82981,43.94403],[-78.84958,43.9396],[-78.83405,43.90439],[-78.83687,43.90396],[-78.83952,43.90499],[-78.84322,43.90432],[-78.85066,43.90244],[-78.85176,43.90147],[-78.85543,43.90042],[-78.88423,43.89388],[-78.8874,43.89223],[-79.01684,43.86341],[-79.06825,43.85148],[-79.071,43.85015],[-79.081,43.84331],[-79.09104,43.83548],[-79.09769,43.83007],[-79.10148,43.82532],[-79.11017,43.82265],[-79.11195,43.8217],[-79.12591,43.81107],[-79.13115,43.80871],[-79.13552,43.80526],[-79.1457,43.79951],[-79.15462,43.79357],[-79.15556,43.79426],[-79.15639,43.79419],[-79.19338,43.78534],[-79.19402,43.789],[-79.19165,43.78833],[-79.19063,43.78781],[-79.19083,43.78749]]},"properties":{"agency":"Durham Region Transit","agency_id":"durham","route_name":"N1","route_long_name":"Route N1","route_type":"Bus","color":"#7A6B8C","transit_category":"durham_rt"}},{"type":"Feature","geometry":{"type":"LineString","coordinates":[[-78.88636,43.87066],[-78.88753,43.87057],[-78.88814,43.87279],[-78.87506,43.87606],[-78.87434,43.87602],[-78.87426,43.87555],[-78.87506,43.87498],[-78.87579,43.87599],[-78.88017,43.88607],[-78.87732,43.88659],[-78.87745,43.88715],[-78.87662,43.88812],[-78.87739,43.88944],[-78.87662,43.88812],[-78.87745,43.88715],[-78.87732,43.88659],[-78.87023,43.8883],[-78.87352,43.89533],[-78.82762,43.90585],[-78.82265,43.90562],[-78.80383,43.90739],[-78.79746,43.90843],[-78.79072,43.91061],[-78.78052,43.91119],[-78.77721,43.9124],[-78.77704,43.91211],[-78.77698,43.91259],[-78.77547,43.91318],[-78.76926,43.91368],[-78.75947,43.9135],[-78.7556,43.91412],[-78.74576,43.91388],[-78.72395,43.91072],[-78.72352,43.9099],[-78.7229,43.91052],[-78.71538,43.90931],[-78.7121,43.9094],[-78.71031,43.905],[-78.70783,43.90574],[-78.70666,43.90667],[-78.70659,43.90752],[-78.70755,43.90969],[-78.69735,43.91262],[-78.69215,43.91292],[-78.69244,43.91414],[-78.68708,43.91285],[-78.68732,43.91166],[-78.68213,43.91047],[-78.68025,43.91057],[-78.67925,43.90832],[-78.67422,43.90938],[-78.67501,43.91133]]},"properties":{"agency":"Durham Region Transit","agency_id":"durham","route_name":"902","route_long_name":"Route 902","route_type":"Bus","color":"#7A6B8C","transit_category":"durham_rt"}},{"type":"Feature","geometry":{"type":"LineString","coordinates":[[-78.67501,43.91133],[-78.68025,43.91057],[-78.67607,43.90112],[-78.64653,43.90772],[-78.64835,43.91248],[-78.62194,43.91304],[-78.61283,43.91219],[-78.58883,43.91747],[-78.58741,43.91438],[-78.58011,43.91599],[-78.58168,43.9192],[-78.58883,43.91747],[-78.58961,43.91894],[-78.59336,43.92144],[-78.59826,43.93279],[-78.59848,43.93488],[-78.59976,43.93496],[-78.60556,43.94821],[-78.60637,43.95242],[-78.61064,43.96225],[-78.61088,43.96522],[-78.60993,43.96997],[-78.60999,43.97182],[-78.61105,43.97626],[-78.61482,43.98542],[-78.61467,43.98739],[-78.61393,43.98917],[-78.61187,43.99147],[-78.60961,43.99213],[-78.60984,43.99325],[-78.62334,43.99042],[-78.62001,43.98281]]},"properties":{"agency":"Durham Region Transit","agency_id":"durham","route_name":"507","route_long_name":"Route 507","route_type":"Bus","color":"#7A6B8C","transit_category":"durham_rt"}},{"type":"Feature","geometry":{"type":"LineString","coordinates":[[-78.93794,43.8655],[-78.93767,43.86591],[-78.93698,43.86496],[-78.93578,43.86482],[-78.9368,43.86739],[-78.93491,43.86783],[-78.92916,43.86801],[-78.91541,43.87013],[-78.90654,43.87255],[-78.92474,43.91403],[-78.91512,43.91691],[-78.91811,43.92406],[-78.87887,43.93289],[-78.88129,43.93762],[-78.89626,43.94844],[-78.92505,44.01279],[-78.92598,44.02125],[-78.92104,44.03413],[-78.92127,44.03906],[-78.92207,44.04063],[-78.92439,44.04275],[-78.92507,44.04405],[-78.92511,44.04707],[-78.92397,44.05015],[-78.92419,44.052],[-78.92878,44.06258],[-78.93314,44.06677],[-78.93574,44.07294],[-78.93821,44.08327],[-78.94267,44.09453],[-78.94327,44.09558],[-78.94692,44.09475],[-78.95099,44.08455],[-78.95413,44.08389],[-78.95497,44.08599],[-78.95578,44.09768],[-78.95931,44.09713],[-78.9634,44.09367],[-78.96395,44.09412],[-78.96478,44.09394],[-78.96522,44.09468],[-78.96478,44.09394],[-78.96395,44.09412],[-78.9634,44.09367],[-78.96053,44.09608],[-78.9634,44.09367],[-78.96395,44.09412],[-78.96568,44.09374],[-78.96592,44.09432],[-78.96508,44.09464],[-78.96478,44.09394],[-78.96395,44.09412],[-78.9634,44.09367],[-78.95914,44.09692],[-78.93909,44.10111],[-78.93972,44.10186],[-78.93837,44.10233],[-78.93796,44.10138],[-78.9454,44.09987],[-78.9509,44.11245],[-79.03985,44.093],[-79.04201,44.09338],[-79.04601,44.09524],[-79.0507,44.09615],[-79.06313,44.10137],[-79.07077,44.10386],[-79.07644,44.10439],[-79.08421,44.10297],[-79.0918,44.1042],[-79.09859,44.10359],[-79.11154,44.10472],[-79.11517,44.10519],[-79.11734,44.11009],[-79.12263,44.10887],[-79.12233,44.11075],[-79.12446,44.11022],[-79.12506,44.10964]]},"properties":{"agency":"Durham Region Transit","agency_id":"durham","route_name":"905","route_long_name":"Route 905","route_type":"Bus","color":"#7A6B8C","transit_category":"durham_rt"}},{"type":"Feature","geometry":{"type":"LineString","coordinates":[[-79.12506,44.10964],[-79.12546,44.10891],[-79.12252,44.10955],[-79.1228,44.10798],[-79.12547,44.10334],[-79.12599,44.10088],[-79.13447,44.08885],[-79.13213,44.0888],[-79.13177,44.08768],[-79.13297,44.08736],[-79.13339,44.08854],[-79.13137,44.0892],[-79.13195,44.09056],[-79.13332,44.09044],[-79.12599,44.10088],[-79.12547,44.10334],[-79.12263,44.10887],[-79.11734,44.11009],[-79.11517,44.10519],[-79.11361,44.10491],[-79.10836,44.10445],[-79.10739,44.10696],[-79.10873,44.10758],[-79.11162,44.11142],[-79.12263,44.10887],[-79.12233,44.11075],[-79.12446,44.11022],[-79.12506,44.10964]]},"properties":{"agency":"Durham Region Transit","agency_id":"durham","route_name":"605","route_long_name":"Route 605","route_type":"Bus","color":"#7A6B8C","transit_category":"durham_rt"}},{"type":"Feature","geometry":{"type":"LineString","coordinates":[[-79.0851,43.83297],[-79.08632,43.83253],[-79.08783,43.83376],[-79.08946,43.83354],[-79.09042,43.83568],[-79.08129,43.8431],[-79.07391,43.8479],[-79.07594,43.85109],[-79.0828,43.86772],[-79.06807,43.8709],[-79.06307,43.87095],[-79.05884,43.87189],[-79.05512,43.87354],[-78.99314,43.88748],[-78.98905,43.88887],[-78.98337,43.8898],[-78.97497,43.89221],[-78.94952,43.8974],[-78.84182,43.92194],[-78.85685,43.9565]]},"properties":{"agency":"Durham Region Transit","agency_id":"durham","route_name":"916","route_long_name":"PULSE 916","route_type":"Bus","color":"#7A6B8C","transit_category":"durham_rt"}},{"type":"Feature","geometry":{"type":"LineString","coordinates":[[-78.94558,43.8482],[-78.9446,43.84921],[-78.94588,43.84949],[-78.94554,43.84993],[-78.94065,43.85137],[-78.94437,43.86013],[-78.93457,43.86231],[-78.9358,43.86492],[-78.93698,43.86496],[-78.93754,43.86586],[-78.93794,43.8655]]},"properties":{"agency":"Durham Region Transit","agency_id":"durham","route_name":"392","route_long_name":"Route 392","route_type":"Bus","color":"#7A6B8C","transit_category":"durham_rt"}},{"type":"Feature","geometry":{"type":"LineString","coordinates":[[-79.1179,43.87487],[-79.11642,43.87203],[-79.11379,43.87114],[-79.1146,43.86924],[-79.11773,43.87018],[-79.11566,43.87163],[-79.11686,43.8726],[-79.11887,43.87729],[-79.1125,43.87879],[-79.11401,43.88348],[-79.11237,43.88694],[-79.11245,43.88803],[-79.1136,43.89133],[-79.11628,43.89425],[-79.11759,43.8975],[-79.09705,43.90218],[-79.08791,43.87974],[-79.09293,43.87854],[-79.09083,43.87384],[-79.08588,43.87512],[-79.07929,43.85883],[-79.08212,43.85839],[-79.08382,43.86031],[-79.08718,43.86109],[-79.08986,43.86011],[-79.08834,43.85791],[-79.08728,43.85735],[-79.0883,43.85644],[-79.09016,43.85595],[-79.09004,43.85405],[-79.08717,43.8521],[-79.08493,43.84781],[-79.0949,43.84561],[-79.09183,43.8388],[-79.08866,43.83936],[-79.08359,43.8369],[-79.08202,43.83436],[-79.0851,43.83297]]},"properties":{"agency":"Durham Region Transit","agency_id":"durham","route_name":"112","route_long_name":"Route 112","route_type":"Bus","color":"#7A6B8C","transit_category":"durham_rt"}},{"type":"Feature","geometry":{"type":"LineString","coordinates":[[-79.1179,43.87487],[-79.11642,43.87203],[-79.11379,43.87114],[-79.1146,43.86924],[-79.11773,43.87018],[-79.11566,43.87163],[-79.11686,43.8726],[-79.11891,43.87738],[-79.13019,43.87526],[-79.13414,43.87409],[-79.1376,43.87228],[-79.1406,43.86955],[-79.13732,43.86775],[-79.13541,43.86537],[-79.13117,43.85554],[-79.13085,43.85357],[-79.12697,43.84407],[-79.1239,43.83812],[-79.11552,43.81887],[-79.11056,43.82248],[-79.10148,43.82532],[-79.09769,43.83007],[-79.08692,43.83841],[-79.08372,43.83705],[-79.08202,43.83436],[-79.0851,43.83297]]},"properties":{"agency":"Durham Region Transit","agency_id":"durham","route_name":"118","route_long_name":"Route 118","route_type":"Bus","color":"#7A6B8C","transit_category":"durham_rt"}},{"type":"Feature","geometry":{"type":"LineString","coordinates":[[-78.64291,43.89365],[-78.64848,43.89315],[-78.65139,43.89404],[-78.65373,43.89274],[-78.65957,43.89149],[-78.66109,43.89392],[-78.66682,43.89427],[-78.66894,43.89776],[-78.66891,43.8983],[-78.66455,43.89853],[-78.66096,43.89786],[-78.65407,43.89765],[-78.65312,43.89801],[-78.65327,43.89972],[-78.65203,43.90047],[-78.64664,43.90085],[-78.64423,43.89988],[-78.64313,43.89995],[-78.64653,43.90772],[-78.67607,43.90112],[-78.68025,43.91057],[-78.68213,43.91047],[-78.69215,43.91292],[-78.69266,43.91408],[-78.68708,43.91285],[-78.68759,43.91182],[-78.68665,43.91154],[-78.682,43.91045],[-78.68025,43.91057],[-78.67925,43.90832],[-78.67422,43.90938],[-78.67501,43.91133]]},"properties":{"agency":"Durham Region Transit","agency_id":"durham","route_name":"505","route_long_name":"Route 505","route_type":"Bus","color":"#7A6B8C","transit_category":"durham_rt"}},{"type":"Feature","geometry":{"type":"LineString","coordinates":[[-78.93794,43.8655],[-78.93767,43.86591],[-78.93698,43.86496],[-78.93595,43.86483],[-78.93098,43.85398],[-78.9278,43.8533],[-78.92631,43.85187],[-78.9193,43.85174],[-78.92298,43.86051],[-78.93351,43.85978],[-78.93583,43.86494],[-78.93698,43.86496],[-78.93767,43.86591],[-78.93794,43.8655]]},"properties":{"agency":"Durham Region Transit","agency_id":"durham","route_name":"315","route_long_name":"Route 315","route_type":"Bus","color":"#7A6B8C","transit_category":"durham_rt"}},{"type":"Feature","geometry":{"type":"LineString","coordinates":[[-79.08424,43.83115],[-79.0832,43.82962],[-79.08747,43.8288],[-79.08451,43.82229],[-79.08085,43.82147],[-79.07595,43.82263],[-79.07633,43.824],[-79.07536,43.82424],[-79.07329,43.81938],[-79.07247,43.81956],[-79.06968,43.81335],[-79.06,43.81558],[-79.06398,43.82489],[-79.05415,43.82709],[-79.05781,43.8353],[-79.0832,43.82962],[-79.08424,43.83115]]},"properties":{"agency":"Durham Region Transit","agency_id":"durham","route_name":"101","route_long_name":"Route 101","route_type":"Bus","color":"#7A6B8C","transit_category":"durham_rt"}},{"type":"Feature","geometry":{"type":"LineString","coordinates":[[-78.87728,43.88917],[-78.87662,43.88812],[-78.87745,43.88715],[-78.87732,43.88659],[-78.86246,43.89005],[-78.86171,43.88889],[-78.85993,43.88903],[-78.85946,43.88863],[-78.82996,43.89532],[-78.84182,43.92194],[-78.83848,43.92269],[-78.83934,43.92488],[-78.83879,43.92685],[-78.83792,43.92751],[-78.83461,43.92825],[-78.83415,43.92874],[-78.83431,43.92966],[-78.84181,43.94688],[-78.85166,43.94449],[-78.85064,43.94229],[-78.84892,43.94272],[-78.84875,43.9421]]},"properties":{"agency":"Durham Region Transit","agency_id":"durham","route_name":"410","route_long_name":"Route 410","route_type":"Bus","color":"#7A6B8C","transit_category":"durham_rt"}},{"type":"Feature","geometry":{"type":"LineString","coordinates":[[-79.08424,43.83115],[-79.0832,43.82962],[-79.09096,43.82816],[-79.10582,43.82114],[-79.10252,43.81392],[-79.11235,43.81173],[-79.12029,43.82962],[-79.1252,43.82848],[-79.12716,43.82702],[-79.13275,43.82569],[-79.1341,43.82398],[-79.13541,43.82317],[-79.13898,43.82275],[-79.13823,43.82102],[-79.14121,43.82028],[-79.14302,43.82062],[-79.14508,43.82018],[-79.14707,43.82488],[-79.14505,43.82538],[-79.14478,43.82669],[-79.14128,43.82799],[-79.14449,43.83503],[-79.12449,43.83914],[-79.12676,43.84416],[-79.12449,43.83914],[-79.1047,43.84332],[-79.10159,43.83632],[-79.08866,43.83936],[-79.08372,43.83705],[-79.08202,43.83436],[-79.0851,43.83297]]},"properties":{"agency":"Durham Region Transit","agency_id":"durham","route_name":"121","route_long_name":"Route 121","route_type":"Bus","color":"#7A6B8C","transit_category":"durham_rt"}},{"type":"Feature","geometry":{"type":"LineString","coordinates":[[-78.85685,43.9565],[-78.85712,43.95681],[-78.86693,43.95445],[-78.86502,43.95019],[-78.85269,43.95166],[-78.8485,43.95139],[-78.84426,43.95218],[-78.84596,43.956],[-78.83591,43.95768],[-78.82981,43.94403],[-78.95927,43.91508],[-79.05062,43.89338],[-79.03893,43.86599],[-79.03905,43.86481],[-79.04191,43.85807],[-79.04051,43.84898],[-79.03929,43.84661],[-79.0409,43.8461],[-79.04116,43.84757],[-79.04181,43.84674]]},"properties":{"agency":"Durham Region Transit","agency_id":"durham","route_name":"915","route_long_name":"PULSE 915","route_type":"Bus","color":"#7A6B8C","transit_category":"durham_rt"}},{"type":"Feature","geometry":{"type":"LineString","coordinates":[[-78.87728,43.88917],[-78.87662,43.88812],[-78.87745,43.88715],[-78.87732,43.88659],[-78.86246,43.89005],[-78.86171,43.88889],[-78.85993,43.88903],[-78.85946,43.88863],[-78.82348,43.89676],[-78.81601,43.89742],[-78.81024,43.89941],[-78.81786,43.91676],[-78.82143,43.91589],[-78.82521,43.91425],[-78.83206,43.91384],[-78.83762,43.91257],[-78.85005,43.94096],[-78.8484,43.94158],[-78.84875,43.9421]]},"properties":{"agency":"Durham Region Transit","agency_id":"durham","route_name":"423","route_long_name":"Route 423","route_type":"Bus","color":"#7A6B8C","transit_category":"durham_rt"}},{"type":"Feature","geometry":{"type":"LineString","coordinates":[[-78.8955,43.94364],[-78.89591,43.94329],[-78.89461,43.94355],[-78.89236,43.94541],[-78.89601,43.94811],[-78.94526,43.93742],[-78.94731,43.94251],[-78.9456,43.95238],[-78.94713,43.95656],[-78.9434,43.95739],[-78.94818,43.96818],[-78.9517,43.96735],[-78.95911,43.9668],[-78.96073,43.96612],[-78.96378,43.96326],[-78.96781,43.96232],[-78.97033,43.96259],[-78.97746,43.96105],[-78.97477,43.95488],[-78.96432,43.95725],[-78.96077,43.95702],[-78.9624,43.95347],[-78.9624,43.95235],[-78.95948,43.94625],[-78.95899,43.94453],[-78.95963,43.94436],[-78.95899,43.94453],[-78.95862,43.94222],[-78.96271,43.93148],[-78.9628,43.92812],[-78.95796,43.91664],[-78.957,43.9133],[-78.95122,43.90037],[-78.95177,43.90024],[-78.95137,43.89978],[-78.95177,43.90024],[-78.95122,43.90037],[-78.94917,43.89632],[-78.93595,43.86492],[-78.93698,43.86496],[-78.93767,43.86591],[-78.93794,43.8655]]},"properties":{"agency":"Durham Region Transit","agency_id":"durham","route_name":"302","route_long_name":"Route 302","route_type":"Bus","color":"#7A6B8C","transit_category":"durham_rt"}},{"type":"Feature","geometry":{"type":"LineString","coordinates":[[-78.85306,43.8782],[-78.84519,43.87426],[-78.84838,43.87159],[-78.85071,43.8703],[-78.85425,43.8694],[-78.85682,43.87564],[-78.86406,43.87429],[-78.86577,43.87815],[-78.86834,43.87759],[-78.86925,43.88001],[-78.86787,43.88298],[-78.87023,43.8883],[-78.88017,43.88607],[-78.88342,43.8931],[-78.86365,43.89758],[-78.88058,43.93689],[-78.89247,43.94548],[-78.89412,43.94405],[-78.89591,43.94329],[-78.89461,43.94355],[-78.89236,43.94541],[-78.89626,43.94844],[-78.90293,43.96339],[-78.90488,43.96299],[-78.90293,43.96339],[-78.90291,43.96308]]},"properties":{"agency":"Durham Region Transit","agency_id":"durham","route_name":"N2","route_long_name":"Route N2","route_type":"Bus","color":"#7A6B8C","transit_category":"durham_rt"}},{"type":"Feature","geometry":{"type":"LineString","coordinates":[[-78.83672,43.86138],[-78.83707,43.86124],[-78.83826,43.86415],[-78.84164,43.8648],[-78.84774,43.86111],[-78.85134,43.87007],[-78.84838,43.87159],[-78.84508,43.87419],[-78.85325,43.87844],[-78.85582,43.8805],[-78.86834,43.87759],[-78.86925,43.88001],[-78.86787,43.88298],[-78.87023,43.8883],[-78.86246,43.89005],[-78.86125,43.88881],[-78.85975,43.88922],[-78.86019,43.89038],[-78.86749,43.90625],[-78.88058,43.93689],[-78.89247,43.94548],[-78.89412,43.94405],[-78.89591,43.94329],[-78.89461,43.94355],[-78.89236,43.94541],[-78.89626,43.94844],[-78.90293,43.96339],[-78.90488,43.96299],[-78.90293,43.96339],[-78.90291,43.96308]]},"properties":{"agency":"Durham Region Transit","agency_id":"durham","route_name":"901","route_long_name":"PULSE 901","route_type":"Bus","color":"#7A6B8C","transit_category":"durham_rt"}},{"type":"Feature","geometry":{"type":"LineString","coordinates":[[-78.88636,43.87066],[-78.88753,43.87057],[-78.88814,43.87279],[-78.87506,43.87606],[-78.87434,43.87602],[-78.87426,43.87555],[-78.87506,43.87498],[-78.87579,43.87599],[-78.88017,43.88607],[-78.87732,43.88659],[-78.87745,43.88715],[-78.87662,43.88812],[-78.87739,43.88944],[-78.87662,43.88812],[-78.87745,43.88715],[-78.87732,43.88659],[-78.87036,43.88828],[-78.86787,43.88298],[-78.86925,43.88001],[-78.86834,43.87759],[-78.84599,43.88263],[-78.84296,43.8753],[-78.83103,43.87852],[-78.81225,43.88277],[-78.80983,43.88182],[-78.80825,43.87901],[-78.80637,43.87697],[-78.80525,43.87652],[-78.80382,43.87674],[-78.80292,43.8776],[-78.80431,43.87668],[-78.80609,43.87691],[-78.80812,43.87906],[-78.80942,43.88155],[-78.81209,43.88276],[-78.82824,43.87919],[-78.83086,43.8859],[-78.82836,43.88792],[-78.82457,43.88895],[-78.82377,43.88908],[-78.82307,43.88829],[-78.82201,43.88801],[-78.81327,43.89005],[-78.80903,43.88631],[-78.80494,43.8872],[-78.80574,43.88907],[-78.79851,43.89079],[-78.79847,43.89191],[-78.79735,43.89415],[-78.79621,43.89503],[-78.79459,43.89535],[-78.79497,43.89773],[-78.79303,43.89825],[-78.79163,43.89947],[-78.79268,43.90274],[-78.78935,43.90324],[-78.78809,43.90568],[-78.78627,43.90624],[-78.79203,43.91926],[-78.78771,43.92032],[-78.78195,43.9209],[-78.78042,43.91763],[-78.77683,43.90946],[-78.77989,43.90878],[-78.77982,43.90772],[-78.78182,43.90401],[-78.78481,43.90302],[-78.79203,43.91926],[-78.78771,43.92032],[-78.78195,43.9209],[-78.77894,43.9141]]},"properties":{"agency":"Durham Region Transit","agency_id":"durham","route_name":"421","route_long_name":"Route 421","route_type":"Bus","color":"#7A6B8C","transit_category":"durham_rt"}},{"type":"Feature","geometry":{"type":"LineString","coordinates":[[-79.0849,43.82303],[-79.08209,43.81683],[-79.07895,43.81761],[-79.0804,43.8216],[-79.08137,43.82144],[-79.08451,43.82229],[-79.09042,43.83568],[-79.08692,43.83841],[-79.08465,43.83761],[-79.08363,43.83695],[-79.08202,43.83436],[-79.0851,43.83297]]},"properties":{"agency":"Durham Region Transit","agency_id":"durham","route_name":"100","route_long_name":"Route 100","route_type":"Bus","color":"#7A6B8C","transit_category":"durham_rt"}}]}